[0.194s] DEBUG:colcon:Command line arguments: ['/usr/bin/colcon', 'build']
[0.194s] DEBUG:colcon:Parsed command line arguments: Namespace(log_base=None, log_level=None, verb_name='build', build_base='build', install_base='install', merge_install=False, symlink_install=False, test_result_base=None, continue_on_error=False, executor='parallel', parallel_workers=16, event_handlers=None, ignore_user_meta=False, metas=['./colcon.meta'], base_paths=['.'], packages_ignore=None, packages_ignore_regex=None, paths=None, packages_up_to=None, packages_up_to_regex=None, packages_above=None, packages_above_and_dependencies=None, packages_above_depth=None, packages_select_by_dep=None, packages_skip_by_dep=None, packages_skip_up_to=None, packages_select_build_failed=False, packages_skip_build_finished=False, packages_select_test_failures=False, packages_skip_test_passed=False, packages_select=None, packages_skip=None, packages_select_regex=None, packages_skip_regex=None, packages_start=None, packages_end=None, allow_overriding=[], cmake_args=None, cmake_target=None, cmake_target_skip_unavailable=False, cmake_clean_cache=False, cmake_clean_first=False, cmake_force_configure=False, ament_cmake_args=None, catkin_cmake_args=None, catkin_skip_building_tests=False, verb_parser=<colcon_defaults.argument_parser.defaults.DefaultArgumentsDecorator object at 0x7b0011ae1240>, verb_extension=<colcon_core.verb.build.BuildVerb object at 0x7b0011ae0c70>, main=<bound method BuildVerb.main of <colcon_core.verb.build.BuildVerb object at 0x7b0011ae0c70>>)
[0.264s] Level 1:colcon.colcon_core.package_discovery:discover_packages(colcon_meta) check parameters
[0.264s] Level 1:colcon.colcon_core.package_discovery:discover_packages(recursive) check parameters
[0.264s] Level 1:colcon.colcon_core.package_discovery:discover_packages(ignore) check parameters
[0.264s] Level 1:colcon.colcon_core.package_discovery:discover_packages(path) check parameters
[0.264s] Level 1:colcon.colcon_core.package_discovery:discover_packages(colcon_meta) discover
[0.264s] Level 1:colcon.colcon_core.package_discovery:discover_packages(recursive) discover
[0.264s] INFO:colcon.colcon_core.package_discovery:Crawling recursively for packages in '/home/jack/work'
[0.265s] Level 1:colcon.colcon_core.package_identification:_identify(.) by extensions ['ignore', 'ignore_ament_install']
[0.265s] Level 1:colcon.colcon_core.package_identification:_identify(.) by extension 'ignore'
[0.265s] Level 1:colcon.colcon_core.package_identification:_identify(.) by extension 'ignore_ament_install'
[0.265s] Level 1:colcon.colcon_core.package_identification:_identify(.) by extensions ['colcon_pkg']
[0.265s] Level 1:colcon.colcon_core.package_identification:_identify(.) by extension 'colcon_pkg'
[0.265s] Level 1:colcon.colcon_core.package_identification:_identify(.) by extensions ['colcon_meta']
[0.265s] Level 1:colcon.colcon_core.package_identification:_identify(.) by extension 'colcon_meta'
[0.265s] Level 1:colcon.colcon_core.package_identification:_identify(.) by extensions ['ros']
[0.265s] Level 1:colcon.colcon_core.package_identification:_identify(.) by extension 'ros'
[0.285s] Level 1:colcon.colcon_core.package_identification:_identify(.) by extensions ['cmake', 'python']
[0.286s] Level 1:colcon.colcon_core.package_identification:_identify(.) by extension 'cmake'
[0.286s] Level 1:colcon.colcon_core.package_identification:_identify(.) by extension 'python'
[0.286s] Level 1:colcon.colcon_core.package_identification:_identify(.) by extensions ['python_setup_py']
[0.286s] Level 1:colcon.colcon_core.package_identification:_identify(.) by extension 'python_setup_py'
[0.286s] Level 1:colcon.colcon_core.package_identification:_identify(build) by extensions ['ignore', 'ignore_ament_install']
[0.286s] Level 1:colcon.colcon_core.package_identification:_identify(build) by extension 'ignore'
[0.286s] Level 1:colcon.colcon_core.package_identification:_identify(build) ignored
[0.287s] Level 1:colcon.colcon_core.package_identification:_identify(docker) by extensions ['ignore', 'ignore_ament_install']
[0.287s] Level 1:colcon.colcon_core.package_identification:_identify(docker) by extension 'ignore'
[0.287s] Level 1:colcon.colcon_core.package_identification:_identify(docker) by extension 'ignore_ament_install'
[0.287s] Level 1:colcon.colcon_core.package_identification:_identify(docker) by extensions ['colcon_pkg']
[0.287s] Level 1:colcon.colcon_core.package_identification:_identify(docker) by extension 'colcon_pkg'
[0.287s] Level 1:colcon.colcon_core.package_identification:_identify(docker) by extensions ['colcon_meta']
[0.287s] Level 1:colcon.colcon_core.package_identification:_identify(docker) by extension 'colcon_meta'
[0.287s] Level 1:colcon.colcon_core.package_identification:_identify(docker) by extensions ['ros']
[0.287s] Level 1:colcon.colcon_core.package_identification:_identify(docker) by extension 'ros'
[0.287s] Level 1:colcon.colcon_core.package_identification:_identify(docker) by extensions ['cmake', 'python']
[0.287s] Level 1:colcon.colcon_core.package_identification:_identify(docker) by extension 'cmake'
[0.287s] Level 1:colcon.colcon_core.package_identification:_identify(docker) by extension 'python'
[0.287s] Level 1:colcon.colcon_core.package_identification:_identify(docker) by extensions ['python_setup_py']
[0.287s] Level 1:colcon.colcon_core.package_identification:_identify(docker) by extension 'python_setup_py'
[0.287s] Level 1:colcon.colcon_core.package_identification:_identify(docker/compose) by extensions ['ignore', 'ignore_ament_install']
[0.288s] Level 1:colcon.colcon_core.package_identification:_identify(docker/compose) by extension 'ignore'
[0.288s] Level 1:colcon.colcon_core.package_identification:_identify(docker/compose) by extension 'ignore_ament_install'
[0.288s] Level 1:colcon.colcon_core.package_identification:_identify(docker/compose) by extensions ['colcon_pkg']
[0.288s] Level 1:colcon.colcon_core.package_identification:_identify(docker/compose) by extension 'colcon_pkg'
[0.288s] Level 1:colcon.colcon_core.package_identification:_identify(docker/compose) by extensions ['colcon_meta']
[0.288s] Level 1:colcon.colcon_core.package_identification:_identify(docker/compose) by extension 'colcon_meta'
[0.288s] Level 1:colcon.colcon_core.package_identification:_identify(docker/compose) by extensions ['ros']
[0.288s] Level 1:colcon.colcon_core.package_identification:_identify(docker/compose) by extension 'ros'
[0.288s] Level 1:colcon.colcon_core.package_identification:_identify(docker/compose) by extensions ['cmake', 'python']
[0.288s] Level 1:colcon.colcon_core.package_identification:_identify(docker/compose) by extension 'cmake'
[0.288s] Level 1:colcon.colcon_core.package_identification:_identify(docker/compose) by extension 'python'
[0.288s] Level 1:colcon.colcon_core.package_identification:_identify(docker/compose) by extensions ['python_setup_py']
[0.288s] Level 1:colcon.colcon_core.package_identification:_identify(docker/compose) by extension 'python_setup_py'
[0.288s] Level 1:colcon.colcon_core.package_identification:_identify(docker/compose/config) by extensions ['ignore', 'ignore_ament_install']
[0.288s] Level 1:colcon.colcon_core.package_identification:_identify(docker/compose/config) by extension 'ignore'
[0.288s] Level 1:colcon.colcon_core.package_identification:_identify(docker/compose/config) by extension 'ignore_ament_install'
[0.288s] Level 1:colcon.colcon_core.package_identification:_identify(docker/compose/config) by extensions ['colcon_pkg']
[0.289s] Level 1:colcon.colcon_core.package_identification:_identify(docker/compose/config) by extension 'colcon_pkg'
[0.289s] Level 1:colcon.colcon_core.package_identification:_identify(docker/compose/config) by extensions ['colcon_meta']
[0.289s] Level 1:colcon.colcon_core.package_identification:_identify(docker/compose/config) by extension 'colcon_meta'
[0.289s] Level 1:colcon.colcon_core.package_identification:_identify(docker/compose/config) by extensions ['ros']
[0.289s] Level 1:colcon.colcon_core.package_identification:_identify(docker/compose/config) by extension 'ros'
[0.289s] Level 1:colcon.colcon_core.package_identification:_identify(docker/compose/config) by extensions ['cmake', 'python']
[0.289s] Level 1:colcon.colcon_core.package_identification:_identify(docker/compose/config) by extension 'cmake'
[0.289s] Level 1:colcon.colcon_core.package_identification:_identify(docker/compose/config) by extension 'python'
[0.290s] Level 1:colcon.colcon_core.package_identification:_identify(docker/compose/config) by extensions ['python_setup_py']
[0.290s] Level 1:colcon.colcon_core.package_identification:_identify(docker/compose/config) by extension 'python_setup_py'
[0.290s] Level 1:colcon.colcon_core.package_identification:_identify(docker/compose/config/pip) by extensions ['ignore', 'ignore_ament_install']
[0.290s] Level 1:colcon.colcon_core.package_identification:_identify(docker/compose/config/pip) by extension 'ignore'
[0.290s] Level 1:colcon.colcon_core.package_identification:_identify(docker/compose/config/pip) by extension 'ignore_ament_install'
[0.290s] Level 1:colcon.colcon_core.package_identification:_identify(docker/compose/config/pip) by extensions ['colcon_pkg']
[0.290s] Level 1:colcon.colcon_core.package_identification:_identify(docker/compose/config/pip) by extension 'colcon_pkg'
[0.290s] Level 1:colcon.colcon_core.package_identification:_identify(docker/compose/config/pip) by extensions ['colcon_meta']
[0.290s] Level 1:colcon.colcon_core.package_identification:_identify(docker/compose/config/pip) by extension 'colcon_meta'
[0.290s] Level 1:colcon.colcon_core.package_identification:_identify(docker/compose/config/pip) by extensions ['ros']
[0.290s] Level 1:colcon.colcon_core.package_identification:_identify(docker/compose/config/pip) by extension 'ros'
[0.290s] Level 1:colcon.colcon_core.package_identification:_identify(docker/compose/config/pip) by extensions ['cmake', 'python']
[0.291s] Level 1:colcon.colcon_core.package_identification:_identify(docker/compose/config/pip) by extension 'cmake'
[0.291s] Level 1:colcon.colcon_core.package_identification:_identify(docker/compose/config/pip) by extension 'python'
[0.291s] Level 1:colcon.colcon_core.package_identification:_identify(docker/compose/config/pip) by extensions ['python_setup_py']
[0.291s] Level 1:colcon.colcon_core.package_identification:_identify(docker/compose/config/pip) by extension 'python_setup_py'
[0.291s] Level 1:colcon.colcon_core.package_identification:_identify(docker/compose/config/shell) by extensions ['ignore', 'ignore_ament_install']
[0.291s] Level 1:colcon.colcon_core.package_identification:_identify(docker/compose/config/shell) by extension 'ignore'
[0.291s] Level 1:colcon.colcon_core.package_identification:_identify(docker/compose/config/shell) by extension 'ignore_ament_install'
[0.291s] Level 1:colcon.colcon_core.package_identification:_identify(docker/compose/config/shell) by extensions ['colcon_pkg']
[0.291s] Level 1:colcon.colcon_core.package_identification:_identify(docker/compose/config/shell) by extension 'colcon_pkg'
[0.291s] Level 1:colcon.colcon_core.package_identification:_identify(docker/compose/config/shell) by extensions ['colcon_meta']
[0.291s] Level 1:colcon.colcon_core.package_identification:_identify(docker/compose/config/shell) by extension 'colcon_meta'
[0.291s] Level 1:colcon.colcon_core.package_identification:_identify(docker/compose/config/shell) by extensions ['ros']
[0.291s] Level 1:colcon.colcon_core.package_identification:_identify(docker/compose/config/shell) by extension 'ros'
[0.291s] Level 1:colcon.colcon_core.package_identification:_identify(docker/compose/config/shell) by extensions ['cmake', 'python']
[0.291s] Level 1:colcon.colcon_core.package_identification:_identify(docker/compose/config/shell) by extension 'cmake'
[0.291s] Level 1:colcon.colcon_core.package_identification:_identify(docker/compose/config/shell) by extension 'python'
[0.291s] Level 1:colcon.colcon_core.package_identification:_identify(docker/compose/config/shell) by extensions ['python_setup_py']
[0.291s] Level 1:colcon.colcon_core.package_identification:_identify(docker/compose/config/shell) by extension 'python_setup_py'
[0.291s] Level 1:colcon.colcon_core.package_identification:_identify(docker/compose/config/shell/terminator) by extensions ['ignore', 'ignore_ament_install']
[0.291s] Level 1:colcon.colcon_core.package_identification:_identify(docker/compose/config/shell/terminator) by extension 'ignore'
[0.291s] Level 1:colcon.colcon_core.package_identification:_identify(docker/compose/config/shell/terminator) by extension 'ignore_ament_install'
[0.292s] Level 1:colcon.colcon_core.package_identification:_identify(docker/compose/config/shell/terminator) by extensions ['colcon_pkg']
[0.292s] Level 1:colcon.colcon_core.package_identification:_identify(docker/compose/config/shell/terminator) by extension 'colcon_pkg'
[0.292s] Level 1:colcon.colcon_core.package_identification:_identify(docker/compose/config/shell/terminator) by extensions ['colcon_meta']
[0.292s] Level 1:colcon.colcon_core.package_identification:_identify(docker/compose/config/shell/terminator) by extension 'colcon_meta'
[0.292s] Level 1:colcon.colcon_core.package_identification:_identify(docker/compose/config/shell/terminator) by extensions ['ros']
[0.292s] Level 1:colcon.colcon_core.package_identification:_identify(docker/compose/config/shell/terminator) by extension 'ros'
[0.292s] Level 1:colcon.colcon_core.package_identification:_identify(docker/compose/config/shell/terminator) by extensions ['cmake', 'python']
[0.292s] Level 1:colcon.colcon_core.package_identification:_identify(docker/compose/config/shell/terminator) by extension 'cmake'
[0.292s] Level 1:colcon.colcon_core.package_identification:_identify(docker/compose/config/shell/terminator) by extension 'python'
[0.292s] Level 1:colcon.colcon_core.package_identification:_identify(docker/compose/config/shell/terminator) by extensions ['python_setup_py']
[0.292s] Level 1:colcon.colcon_core.package_identification:_identify(docker/compose/config/shell/terminator) by extension 'python_setup_py'
[0.292s] Level 1:colcon.colcon_core.package_identification:_identify(docker/compose/config/shell/tmux) by extensions ['ignore', 'ignore_ament_install']
[0.292s] Level 1:colcon.colcon_core.package_identification:_identify(docker/compose/config/shell/tmux) by extension 'ignore'
[0.292s] Level 1:colcon.colcon_core.package_identification:_identify(docker/compose/config/shell/tmux) by extension 'ignore_ament_install'
[0.292s] Level 1:colcon.colcon_core.package_identification:_identify(docker/compose/config/shell/tmux) by extensions ['colcon_pkg']
[0.292s] Level 1:colcon.colcon_core.package_identification:_identify(docker/compose/config/shell/tmux) by extension 'colcon_pkg'
[0.292s] Level 1:colcon.colcon_core.package_identification:_identify(docker/compose/config/shell/tmux) by extensions ['colcon_meta']
[0.292s] Level 1:colcon.colcon_core.package_identification:_identify(docker/compose/config/shell/tmux) by extension 'colcon_meta'
[0.292s] Level 1:colcon.colcon_core.package_identification:_identify(docker/compose/config/shell/tmux) by extensions ['ros']
[0.292s] Level 1:colcon.colcon_core.package_identification:_identify(docker/compose/config/shell/tmux) by extension 'ros'
[0.292s] Level 1:colcon.colcon_core.package_identification:_identify(docker/compose/config/shell/tmux) by extensions ['cmake', 'python']
[0.292s] Level 1:colcon.colcon_core.package_identification:_identify(docker/compose/config/shell/tmux) by extension 'cmake'
[0.292s] Level 1:colcon.colcon_core.package_identification:_identify(docker/compose/config/shell/tmux) by extension 'python'
[0.292s] Level 1:colcon.colcon_core.package_identification:_identify(docker/compose/config/shell/tmux) by extensions ['python_setup_py']
[0.292s] Level 1:colcon.colcon_core.package_identification:_identify(docker/compose/config/shell/tmux) by extension 'python_setup_py'
[0.293s] Level 1:colcon.colcon_core.package_identification:_identify(docker/config) by extensions ['ignore', 'ignore_ament_install']
[0.293s] Level 1:colcon.colcon_core.package_identification:_identify(docker/config) by extension 'ignore'
[0.293s] Level 1:colcon.colcon_core.package_identification:_identify(docker/config) by extension 'ignore_ament_install'
[0.293s] Level 1:colcon.colcon_core.package_identification:_identify(docker/config) by extensions ['colcon_pkg']
[0.293s] Level 1:colcon.colcon_core.package_identification:_identify(docker/config) by extension 'colcon_pkg'
[0.293s] Level 1:colcon.colcon_core.package_identification:_identify(docker/config) by extensions ['colcon_meta']
[0.293s] Level 1:colcon.colcon_core.package_identification:_identify(docker/config) by extension 'colcon_meta'
[0.293s] Level 1:colcon.colcon_core.package_identification:_identify(docker/config) by extensions ['ros']
[0.293s] Level 1:colcon.colcon_core.package_identification:_identify(docker/config) by extension 'ros'
[0.293s] Level 1:colcon.colcon_core.package_identification:_identify(docker/config) by extensions ['cmake', 'python']
[0.293s] Level 1:colcon.colcon_core.package_identification:_identify(docker/config) by extension 'cmake'
[0.293s] Level 1:colcon.colcon_core.package_identification:_identify(docker/config) by extension 'python'
[0.293s] Level 1:colcon.colcon_core.package_identification:_identify(docker/config) by extensions ['python_setup_py']
[0.293s] Level 1:colcon.colcon_core.package_identification:_identify(docker/config) by extension 'python_setup_py'
[0.293s] Level 1:colcon.colcon_core.package_identification:_identify(docker/config/pip) by extensions ['ignore', 'ignore_ament_install']
[0.293s] Level 1:colcon.colcon_core.package_identification:_identify(docker/config/pip) by extension 'ignore'
[0.293s] Level 1:colcon.colcon_core.package_identification:_identify(docker/config/pip) by extension 'ignore_ament_install'
[0.293s] Level 1:colcon.colcon_core.package_identification:_identify(docker/config/pip) by extensions ['colcon_pkg']
[0.293s] Level 1:colcon.colcon_core.package_identification:_identify(docker/config/pip) by extension 'colcon_pkg'
[0.293s] Level 1:colcon.colcon_core.package_identification:_identify(docker/config/pip) by extensions ['colcon_meta']
[0.293s] Level 1:colcon.colcon_core.package_identification:_identify(docker/config/pip) by extension 'colcon_meta'
[0.293s] Level 1:colcon.colcon_core.package_identification:_identify(docker/config/pip) by extensions ['ros']
[0.293s] Level 1:colcon.colcon_core.package_identification:_identify(docker/config/pip) by extension 'ros'
[0.294s] Level 1:colcon.colcon_core.package_identification:_identify(docker/config/pip) by extensions ['cmake', 'python']
[0.294s] Level 1:colcon.colcon_core.package_identification:_identify(docker/config/pip) by extension 'cmake'
[0.294s] Level 1:colcon.colcon_core.package_identification:_identify(docker/config/pip) by extension 'python'
[0.294s] Level 1:colcon.colcon_core.package_identification:_identify(docker/config/pip) by extensions ['python_setup_py']
[0.294s] Level 1:colcon.colcon_core.package_identification:_identify(docker/config/pip) by extension 'python_setup_py'
[0.294s] Level 1:colcon.colcon_core.package_identification:_identify(docker/config/shell) by extensions ['ignore', 'ignore_ament_install']
[0.294s] Level 1:colcon.colcon_core.package_identification:_identify(docker/config/shell) by extension 'ignore'
[0.294s] Level 1:colcon.colcon_core.package_identification:_identify(docker/config/shell) by extension 'ignore_ament_install'
[0.294s] Level 1:colcon.colcon_core.package_identification:_identify(docker/config/shell) by extensions ['colcon_pkg']
[0.294s] Level 1:colcon.colcon_core.package_identification:_identify(docker/config/shell) by extension 'colcon_pkg'
[0.294s] Level 1:colcon.colcon_core.package_identification:_identify(docker/config/shell) by extensions ['colcon_meta']
[0.294s] Level 1:colcon.colcon_core.package_identification:_identify(docker/config/shell) by extension 'colcon_meta'
[0.294s] Level 1:colcon.colcon_core.package_identification:_identify(docker/config/shell) by extensions ['ros']
[0.294s] Level 1:colcon.colcon_core.package_identification:_identify(docker/config/shell) by extension 'ros'
[0.294s] Level 1:colcon.colcon_core.package_identification:_identify(docker/config/shell) by extensions ['cmake', 'python']
[0.294s] Level 1:colcon.colcon_core.package_identification:_identify(docker/config/shell) by extension 'cmake'
[0.294s] Level 1:colcon.colcon_core.package_identification:_identify(docker/config/shell) by extension 'python'
[0.294s] Level 1:colcon.colcon_core.package_identification:_identify(docker/config/shell) by extensions ['python_setup_py']
[0.294s] Level 1:colcon.colcon_core.package_identification:_identify(docker/config/shell) by extension 'python_setup_py'
[0.294s] Level 1:colcon.colcon_core.package_identification:_identify(docker/config/shell/terminator) by extensions ['ignore', 'ignore_ament_install']
[0.294s] Level 1:colcon.colcon_core.package_identification:_identify(docker/config/shell/terminator) by extension 'ignore'
[0.294s] Level 1:colcon.colcon_core.package_identification:_identify(docker/config/shell/terminator) by extension 'ignore_ament_install'
[0.294s] Level 1:colcon.colcon_core.package_identification:_identify(docker/config/shell/terminator) by extensions ['colcon_pkg']
[0.295s] Level 1:colcon.colcon_core.package_identification:_identify(docker/config/shell/terminator) by extension 'colcon_pkg'
[0.295s] Level 1:colcon.colcon_core.package_identification:_identify(docker/config/shell/terminator) by extensions ['colcon_meta']
[0.295s] Level 1:colcon.colcon_core.package_identification:_identify(docker/config/shell/terminator) by extension 'colcon_meta'
[0.295s] Level 1:colcon.colcon_core.package_identification:_identify(docker/config/shell/terminator) by extensions ['ros']
[0.295s] Level 1:colcon.colcon_core.package_identification:_identify(docker/config/shell/terminator) by extension 'ros'
[0.295s] Level 1:colcon.colcon_core.package_identification:_identify(docker/config/shell/terminator) by extensions ['cmake', 'python']
[0.295s] Level 1:colcon.colcon_core.package_identification:_identify(docker/config/shell/terminator) by extension 'cmake'
[0.295s] Level 1:colcon.colcon_core.package_identification:_identify(docker/config/shell/terminator) by extension 'python'
[0.295s] Level 1:colcon.colcon_core.package_identification:_identify(docker/config/shell/terminator) by extensions ['python_setup_py']
[0.295s] Level 1:colcon.colcon_core.package_identification:_identify(docker/config/shell/terminator) by extension 'python_setup_py'
[0.295s] Level 1:colcon.colcon_core.package_identification:_identify(docker/config/shell/tmux) by extensions ['ignore', 'ignore_ament_install']
[0.295s] Level 1:colcon.colcon_core.package_identification:_identify(docker/config/shell/tmux) by extension 'ignore'
[0.295s] Level 1:colcon.colcon_core.package_identification:_identify(docker/config/shell/tmux) by extension 'ignore_ament_install'
[0.295s] Level 1:colcon.colcon_core.package_identification:_identify(docker/config/shell/tmux) by extensions ['colcon_pkg']
[0.295s] Level 1:colcon.colcon_core.package_identification:_identify(docker/config/shell/tmux) by extension 'colcon_pkg'
[0.295s] Level 1:colcon.colcon_core.package_identification:_identify(docker/config/shell/tmux) by extensions ['colcon_meta']
[0.295s] Level 1:colcon.colcon_core.package_identification:_identify(docker/config/shell/tmux) by extension 'colcon_meta'
[0.295s] Level 1:colcon.colcon_core.package_identification:_identify(docker/config/shell/tmux) by extensions ['ros']
[0.295s] Level 1:colcon.colcon_core.package_identification:_identify(docker/config/shell/tmux) by extension 'ros'
[0.295s] Level 1:colcon.colcon_core.package_identification:_identify(docker/config/shell/tmux) by extensions ['cmake', 'python']
[0.295s] Level 1:colcon.colcon_core.package_identification:_identify(docker/config/shell/tmux) by extension 'cmake'
[0.295s] Level 1:colcon.colcon_core.package_identification:_identify(docker/config/shell/tmux) by extension 'python'
[0.295s] Level 1:colcon.colcon_core.package_identification:_identify(docker/config/shell/tmux) by extensions ['python_setup_py']
[0.296s] Level 1:colcon.colcon_core.package_identification:_identify(docker/config/shell/tmux) by extension 'python_setup_py'
[0.296s] Level 1:colcon.colcon_core.package_identification:_identify(docker_hiwin) by extensions ['ignore', 'ignore_ament_install']
[0.296s] Level 1:colcon.colcon_core.package_identification:_identify(docker_hiwin) by extension 'ignore'
[0.296s] Level 1:colcon.colcon_core.package_identification:_identify(docker_hiwin) by extension 'ignore_ament_install'
[0.296s] Level 1:colcon.colcon_core.package_identification:_identify(docker_hiwin) by extensions ['colcon_pkg']
[0.296s] Level 1:colcon.colcon_core.package_identification:_identify(docker_hiwin) by extension 'colcon_pkg'
[0.296s] Level 1:colcon.colcon_core.package_identification:_identify(docker_hiwin) by extensions ['colcon_meta']
[0.296s] Level 1:colcon.colcon_core.package_identification:_identify(docker_hiwin) by extension 'colcon_meta'
[0.296s] Level 1:colcon.colcon_core.package_identification:_identify(docker_hiwin) by extensions ['ros']
[0.296s] Level 1:colcon.colcon_core.package_identification:_identify(docker_hiwin) by extension 'ros'
[0.296s] Level 1:colcon.colcon_core.package_identification:_identify(docker_hiwin) by extensions ['cmake', 'python']
[0.296s] Level 1:colcon.colcon_core.package_identification:_identify(docker_hiwin) by extension 'cmake'
[0.296s] Level 1:colcon.colcon_core.package_identification:_identify(docker_hiwin) by extension 'python'
[0.296s] Level 1:colcon.colcon_core.package_identification:_identify(docker_hiwin) by extensions ['python_setup_py']
[0.296s] Level 1:colcon.colcon_core.package_identification:_identify(docker_hiwin) by extension 'python_setup_py'
[0.296s] Level 1:colcon.colcon_core.package_identification:_identify(docker_hiwin/compose) by extensions ['ignore', 'ignore_ament_install']
[0.296s] Level 1:colcon.colcon_core.package_identification:_identify(docker_hiwin/compose) by extension 'ignore'
[0.296s] Level 1:colcon.colcon_core.package_identification:_identify(docker_hiwin/compose) by extension 'ignore_ament_install'
[0.296s] Level 1:colcon.colcon_core.package_identification:_identify(docker_hiwin/compose) by extensions ['colcon_pkg']
[0.296s] Level 1:colcon.colcon_core.package_identification:_identify(docker_hiwin/compose) by extension 'colcon_pkg'
[0.296s] Level 1:colcon.colcon_core.package_identification:_identify(docker_hiwin/compose) by extensions ['colcon_meta']
[0.296s] Level 1:colcon.colcon_core.package_identification:_identify(docker_hiwin/compose) by extension 'colcon_meta'
[0.296s] Level 1:colcon.colcon_core.package_identification:_identify(docker_hiwin/compose) by extensions ['ros']
[0.296s] Level 1:colcon.colcon_core.package_identification:_identify(docker_hiwin/compose) by extension 'ros'
[0.297s] Level 1:colcon.colcon_core.package_identification:_identify(docker_hiwin/compose) by extensions ['cmake', 'python']
[0.297s] Level 1:colcon.colcon_core.package_identification:_identify(docker_hiwin/compose) by extension 'cmake'
[0.297s] Level 1:colcon.colcon_core.package_identification:_identify(docker_hiwin/compose) by extension 'python'
[0.297s] Level 1:colcon.colcon_core.package_identification:_identify(docker_hiwin/compose) by extensions ['python_setup_py']
[0.297s] Level 1:colcon.colcon_core.package_identification:_identify(docker_hiwin/compose) by extension 'python_setup_py'
[0.297s] Level 1:colcon.colcon_core.package_identification:_identify(docker_hiwin/compose/config) by extensions ['ignore', 'ignore_ament_install']
[0.297s] Level 1:colcon.colcon_core.package_identification:_identify(docker_hiwin/compose/config) by extension 'ignore'
[0.297s] Level 1:colcon.colcon_core.package_identification:_identify(docker_hiwin/compose/config) by extension 'ignore_ament_install'
[0.297s] Level 1:colcon.colcon_core.package_identification:_identify(docker_hiwin/compose/config) by extensions ['colcon_pkg']
[0.297s] Level 1:colcon.colcon_core.package_identification:_identify(docker_hiwin/compose/config) by extension 'colcon_pkg'
[0.297s] Level 1:colcon.colcon_core.package_identification:_identify(docker_hiwin/compose/config) by extensions ['colcon_meta']
[0.297s] Level 1:colcon.colcon_core.package_identification:_identify(docker_hiwin/compose/config) by extension 'colcon_meta'
[0.297s] Level 1:colcon.colcon_core.package_identification:_identify(docker_hiwin/compose/config) by extensions ['ros']
[0.297s] Level 1:colcon.colcon_core.package_identification:_identify(docker_hiwin/compose/config) by extension 'ros'
[0.297s] Level 1:colcon.colcon_core.package_identification:_identify(docker_hiwin/compose/config) by extensions ['cmake', 'python']
[0.297s] Level 1:colcon.colcon_core.package_identification:_identify(docker_hiwin/compose/config) by extension 'cmake'
[0.297s] Level 1:colcon.colcon_core.package_identification:_identify(docker_hiwin/compose/config) by extension 'python'
[0.297s] Level 1:colcon.colcon_core.package_identification:_identify(docker_hiwin/compose/config) by extensions ['python_setup_py']
[0.297s] Level 1:colcon.colcon_core.package_identification:_identify(docker_hiwin/compose/config) by extension 'python_setup_py'
[0.297s] Level 1:colcon.colcon_core.package_identification:_identify(docker_hiwin/compose/config/pip) by extensions ['ignore', 'ignore_ament_install']
[0.297s] Level 1:colcon.colcon_core.package_identification:_identify(docker_hiwin/compose/config/pip) by extension 'ignore'
[0.297s] Level 1:colcon.colcon_core.package_identification:_identify(docker_hiwin/compose/config/pip) by extension 'ignore_ament_install'
[0.298s] Level 1:colcon.colcon_core.package_identification:_identify(docker_hiwin/compose/config/pip) by extensions ['colcon_pkg']
[0.298s] Level 1:colcon.colcon_core.package_identification:_identify(docker_hiwin/compose/config/pip) by extension 'colcon_pkg'
[0.298s] Level 1:colcon.colcon_core.package_identification:_identify(docker_hiwin/compose/config/pip) by extensions ['colcon_meta']
[0.298s] Level 1:colcon.colcon_core.package_identification:_identify(docker_hiwin/compose/config/pip) by extension 'colcon_meta'
[0.298s] Level 1:colcon.colcon_core.package_identification:_identify(docker_hiwin/compose/config/pip) by extensions ['ros']
[0.298s] Level 1:colcon.colcon_core.package_identification:_identify(docker_hiwin/compose/config/pip) by extension 'ros'
[0.298s] Level 1:colcon.colcon_core.package_identification:_identify(docker_hiwin/compose/config/pip) by extensions ['cmake', 'python']
[0.298s] Level 1:colcon.colcon_core.package_identification:_identify(docker_hiwin/compose/config/pip) by extension 'cmake'
[0.298s] Level 1:colcon.colcon_core.package_identification:_identify(docker_hiwin/compose/config/pip) by extension 'python'
[0.298s] Level 1:colcon.colcon_core.package_identification:_identify(docker_hiwin/compose/config/pip) by extensions ['python_setup_py']
[0.298s] Level 1:colcon.colcon_core.package_identification:_identify(docker_hiwin/compose/config/pip) by extension 'python_setup_py'
[0.298s] Level 1:colcon.colcon_core.package_identification:_identify(docker_hiwin/compose/config/shell) by extensions ['ignore', 'ignore_ament_install']
[0.298s] Level 1:colcon.colcon_core.package_identification:_identify(docker_hiwin/compose/config/shell) by extension 'ignore'
[0.298s] Level 1:colcon.colcon_core.package_identification:_identify(docker_hiwin/compose/config/shell) by extension 'ignore_ament_install'
[0.298s] Level 1:colcon.colcon_core.package_identification:_identify(docker_hiwin/compose/config/shell) by extensions ['colcon_pkg']
[0.298s] Level 1:colcon.colcon_core.package_identification:_identify(docker_hiwin/compose/config/shell) by extension 'colcon_pkg'
[0.298s] Level 1:colcon.colcon_core.package_identification:_identify(docker_hiwin/compose/config/shell) by extensions ['colcon_meta']
[0.298s] Level 1:colcon.colcon_core.package_identification:_identify(docker_hiwin/compose/config/shell) by extension 'colcon_meta'
[0.298s] Level 1:colcon.colcon_core.package_identification:_identify(docker_hiwin/compose/config/shell) by extensions ['ros']
[0.298s] Level 1:colcon.colcon_core.package_identification:_identify(docker_hiwin/compose/config/shell) by extension 'ros'
[0.298s] Level 1:colcon.colcon_core.package_identification:_identify(docker_hiwin/compose/config/shell) by extensions ['cmake', 'python']
[0.298s] Level 1:colcon.colcon_core.package_identification:_identify(docker_hiwin/compose/config/shell) by extension 'cmake'
[0.298s] Level 1:colcon.colcon_core.package_identification:_identify(docker_hiwin/compose/config/shell) by extension 'python'
[0.298s] Level 1:colcon.colcon_core.package_identification:_identify(docker_hiwin/compose/config/shell) by extensions ['python_setup_py']
[0.298s] Level 1:colcon.colcon_core.package_identification:_identify(docker_hiwin/compose/config/shell) by extension 'python_setup_py'
[0.299s] Level 1:colcon.colcon_core.package_identification:_identify(docker_hiwin/compose/config/shell/terminator) by extensions ['ignore', 'ignore_ament_install']
[0.299s] Level 1:colcon.colcon_core.package_identification:_identify(docker_hiwin/compose/config/shell/terminator) by extension 'ignore'
[0.299s] Level 1:colcon.colcon_core.package_identification:_identify(docker_hiwin/compose/config/shell/terminator) by extension 'ignore_ament_install'
[0.299s] Level 1:colcon.colcon_core.package_identification:_identify(docker_hiwin/compose/config/shell/terminator) by extensions ['colcon_pkg']
[0.299s] Level 1:colcon.colcon_core.package_identification:_identify(docker_hiwin/compose/config/shell/terminator) by extension 'colcon_pkg'
[0.299s] Level 1:colcon.colcon_core.package_identification:_identify(docker_hiwin/compose/config/shell/terminator) by extensions ['colcon_meta']
[0.299s] Level 1:colcon.colcon_core.package_identification:_identify(docker_hiwin/compose/config/shell/terminator) by extension 'colcon_meta'
[0.299s] Level 1:colcon.colcon_core.package_identification:_identify(docker_hiwin/compose/config/shell/terminator) by extensions ['ros']
[0.299s] Level 1:colcon.colcon_core.package_identification:_identify(docker_hiwin/compose/config/shell/terminator) by extension 'ros'
[0.299s] Level 1:colcon.colcon_core.package_identification:_identify(docker_hiwin/compose/config/shell/terminator) by extensions ['cmake', 'python']
[0.299s] Level 1:colcon.colcon_core.package_identification:_identify(docker_hiwin/compose/config/shell/terminator) by extension 'cmake'
[0.299s] Level 1:colcon.colcon_core.package_identification:_identify(docker_hiwin/compose/config/shell/terminator) by extension 'python'
[0.299s] Level 1:colcon.colcon_core.package_identification:_identify(docker_hiwin/compose/config/shell/terminator) by extensions ['python_setup_py']
[0.299s] Level 1:colcon.colcon_core.package_identification:_identify(docker_hiwin/compose/config/shell/terminator) by extension 'python_setup_py'
[0.299s] Level 1:colcon.colcon_core.package_identification:_identify(docker_hiwin/compose/config/shell/tmux) by extensions ['ignore', 'ignore_ament_install']
[0.299s] Level 1:colcon.colcon_core.package_identification:_identify(docker_hiwin/compose/config/shell/tmux) by extension 'ignore'
[0.299s] Level 1:colcon.colcon_core.package_identification:_identify(docker_hiwin/compose/config/shell/tmux) by extension 'ignore_ament_install'
[0.299s] Level 1:colcon.colcon_core.package_identification:_identify(docker_hiwin/compose/config/shell/tmux) by extensions ['colcon_pkg']
[0.299s] Level 1:colcon.colcon_core.package_identification:_identify(docker_hiwin/compose/config/shell/tmux) by extension 'colcon_pkg'
[0.299s] Level 1:colcon.colcon_core.package_identification:_identify(docker_hiwin/compose/config/shell/tmux) by extensions ['colcon_meta']
[0.299s] Level 1:colcon.colcon_core.package_identification:_identify(docker_hiwin/compose/config/shell/tmux) by extension 'colcon_meta'
[0.299s] Level 1:colcon.colcon_core.package_identification:_identify(docker_hiwin/compose/config/shell/tmux) by extensions ['ros']
[0.299s] Level 1:colcon.colcon_core.package_identification:_identify(docker_hiwin/compose/config/shell/tmux) by extension 'ros'
[0.300s] Level 1:colcon.colcon_core.package_identification:_identify(docker_hiwin/compose/config/shell/tmux) by extensions ['cmake', 'python']
[0.300s] Level 1:colcon.colcon_core.package_identification:_identify(docker_hiwin/compose/config/shell/tmux) by extension 'cmake'
[0.300s] Level 1:colcon.colcon_core.package_identification:_identify(docker_hiwin/compose/config/shell/tmux) by extension 'python'
[0.300s] Level 1:colcon.colcon_core.package_identification:_identify(docker_hiwin/compose/config/shell/tmux) by extensions ['python_setup_py']
[0.300s] Level 1:colcon.colcon_core.package_identification:_identify(docker_hiwin/compose/config/shell/tmux) by extension 'python_setup_py'
[0.300s] Level 1:colcon.colcon_core.package_identification:_identify(docker_hiwin/config) by extensions ['ignore', 'ignore_ament_install']
[0.300s] Level 1:colcon.colcon_core.package_identification:_identify(docker_hiwin/config) by extension 'ignore'
[0.300s] Level 1:colcon.colcon_core.package_identification:_identify(docker_hiwin/config) by extension 'ignore_ament_install'
[0.300s] Level 1:colcon.colcon_core.package_identification:_identify(docker_hiwin/config) by extensions ['colcon_pkg']
[0.300s] Level 1:colcon.colcon_core.package_identification:_identify(docker_hiwin/config) by extension 'colcon_pkg'
[0.300s] Level 1:colcon.colcon_core.package_identification:_identify(docker_hiwin/config) by extensions ['colcon_meta']
[0.300s] Level 1:colcon.colcon_core.package_identification:_identify(docker_hiwin/config) by extension 'colcon_meta'
[0.300s] Level 1:colcon.colcon_core.package_identification:_identify(docker_hiwin/config) by extensions ['ros']
[0.300s] Level 1:colcon.colcon_core.package_identification:_identify(docker_hiwin/config) by extension 'ros'
[0.300s] Level 1:colcon.colcon_core.package_identification:_identify(docker_hiwin/config) by extensions ['cmake', 'python']
[0.300s] Level 1:colcon.colcon_core.package_identification:_identify(docker_hiwin/config) by extension 'cmake'
[0.300s] Level 1:colcon.colcon_core.package_identification:_identify(docker_hiwin/config) by extension 'python'
[0.300s] Level 1:colcon.colcon_core.package_identification:_identify(docker_hiwin/config) by extensions ['python_setup_py']
[0.300s] Level 1:colcon.colcon_core.package_identification:_identify(docker_hiwin/config) by extension 'python_setup_py'
[0.300s] Level 1:colcon.colcon_core.package_identification:_identify(docker_hiwin/config/pip) by extensions ['ignore', 'ignore_ament_install']
[0.300s] Level 1:colcon.colcon_core.package_identification:_identify(docker_hiwin/config/pip) by extension 'ignore'
[0.300s] Level 1:colcon.colcon_core.package_identification:_identify(docker_hiwin/config/pip) by extension 'ignore_ament_install'
[0.300s] Level 1:colcon.colcon_core.package_identification:_identify(docker_hiwin/config/pip) by extensions ['colcon_pkg']
[0.300s] Level 1:colcon.colcon_core.package_identification:_identify(docker_hiwin/config/pip) by extension 'colcon_pkg'
[0.301s] Level 1:colcon.colcon_core.package_identification:_identify(docker_hiwin/config/pip) by extensions ['colcon_meta']
[0.301s] Level 1:colcon.colcon_core.package_identification:_identify(docker_hiwin/config/pip) by extension 'colcon_meta'
[0.301s] Level 1:colcon.colcon_core.package_identification:_identify(docker_hiwin/config/pip) by extensions ['ros']
[0.301s] Level 1:colcon.colcon_core.package_identification:_identify(docker_hiwin/config/pip) by extension 'ros'
[0.301s] Level 1:colcon.colcon_core.package_identification:_identify(docker_hiwin/config/pip) by extensions ['cmake', 'python']
[0.301s] Level 1:colcon.colcon_core.package_identification:_identify(docker_hiwin/config/pip) by extension 'cmake'
[0.301s] Level 1:colcon.colcon_core.package_identification:_identify(docker_hiwin/config/pip) by extension 'python'
[0.301s] Level 1:colcon.colcon_core.package_identification:_identify(docker_hiwin/config/pip) by extensions ['python_setup_py']
[0.301s] Level 1:colcon.colcon_core.package_identification:_identify(docker_hiwin/config/pip) by extension 'python_setup_py'
[0.301s] Level 1:colcon.colcon_core.package_identification:_identify(docker_hiwin/config/shell) by extensions ['ignore', 'ignore_ament_install']
[0.301s] Level 1:colcon.colcon_core.package_identification:_identify(docker_hiwin/config/shell) by extension 'ignore'
[0.301s] Level 1:colcon.colcon_core.package_identification:_identify(docker_hiwin/config/shell) by extension 'ignore_ament_install'
[0.301s] Level 1:colcon.colcon_core.package_identification:_identify(docker_hiwin/config/shell) by extensions ['colcon_pkg']
[0.301s] Level 1:colcon.colcon_core.package_identification:_identify(docker_hiwin/config/shell) by extension 'colcon_pkg'
[0.301s] Level 1:colcon.colcon_core.package_identification:_identify(docker_hiwin/config/shell) by extensions ['colcon_meta']
[0.301s] Level 1:colcon.colcon_core.package_identification:_identify(docker_hiwin/config/shell) by extension 'colcon_meta'
[0.301s] Level 1:colcon.colcon_core.package_identification:_identify(docker_hiwin/config/shell) by extensions ['ros']
[0.301s] Level 1:colcon.colcon_core.package_identification:_identify(docker_hiwin/config/shell) by extension 'ros'
[0.301s] Level 1:colcon.colcon_core.package_identification:_identify(docker_hiwin/config/shell) by extensions ['cmake', 'python']
[0.301s] Level 1:colcon.colcon_core.package_identification:_identify(docker_hiwin/config/shell) by extension 'cmake'
[0.302s] Level 1:colcon.colcon_core.package_identification:_identify(docker_hiwin/config/shell) by extension 'python'
[0.302s] Level 1:colcon.colcon_core.package_identification:_identify(docker_hiwin/config/shell) by extensions ['python_setup_py']
[0.302s] Level 1:colcon.colcon_core.package_identification:_identify(docker_hiwin/config/shell) by extension 'python_setup_py'
[0.302s] Level 1:colcon.colcon_core.package_identification:_identify(docker_hiwin/config/shell/terminator) by extensions ['ignore', 'ignore_ament_install']
[0.302s] Level 1:colcon.colcon_core.package_identification:_identify(docker_hiwin/config/shell/terminator) by extension 'ignore'
[0.302s] Level 1:colcon.colcon_core.package_identification:_identify(docker_hiwin/config/shell/terminator) by extension 'ignore_ament_install'
[0.302s] Level 1:colcon.colcon_core.package_identification:_identify(docker_hiwin/config/shell/terminator) by extensions ['colcon_pkg']
[0.302s] Level 1:colcon.colcon_core.package_identification:_identify(docker_hiwin/config/shell/terminator) by extension 'colcon_pkg'
[0.302s] Level 1:colcon.colcon_core.package_identification:_identify(docker_hiwin/config/shell/terminator) by extensions ['colcon_meta']
[0.302s] Level 1:colcon.colcon_core.package_identification:_identify(docker_hiwin/config/shell/terminator) by extension 'colcon_meta'
[0.302s] Level 1:colcon.colcon_core.package_identification:_identify(docker_hiwin/config/shell/terminator) by extensions ['ros']
[0.302s] Level 1:colcon.colcon_core.package_identification:_identify(docker_hiwin/config/shell/terminator) by extension 'ros'
[0.302s] Level 1:colcon.colcon_core.package_identification:_identify(docker_hiwin/config/shell/terminator) by extensions ['cmake', 'python']
[0.302s] Level 1:colcon.colcon_core.package_identification:_identify(docker_hiwin/config/shell/terminator) by extension 'cmake'
[0.302s] Level 1:colcon.colcon_core.package_identification:_identify(docker_hiwin/config/shell/terminator) by extension 'python'
[0.302s] Level 1:colcon.colcon_core.package_identification:_identify(docker_hiwin/config/shell/terminator) by extensions ['python_setup_py']
[0.302s] Level 1:colcon.colcon_core.package_identification:_identify(docker_hiwin/config/shell/terminator) by extension 'python_setup_py'
[0.303s] Level 1:colcon.colcon_core.package_identification:_identify(docker_hiwin/config/shell/tmux) by extensions ['ignore', 'ignore_ament_install']
[0.303s] Level 1:colcon.colcon_core.package_identification:_identify(docker_hiwin/config/shell/tmux) by extension 'ignore'
[0.303s] Level 1:colcon.colcon_core.package_identification:_identify(docker_hiwin/config/shell/tmux) by extension 'ignore_ament_install'
[0.303s] Level 1:colcon.colcon_core.package_identification:_identify(docker_hiwin/config/shell/tmux) by extensions ['colcon_pkg']
[0.303s] Level 1:colcon.colcon_core.package_identification:_identify(docker_hiwin/config/shell/tmux) by extension 'colcon_pkg'
[0.303s] Level 1:colcon.colcon_core.package_identification:_identify(docker_hiwin/config/shell/tmux) by extensions ['colcon_meta']
[0.303s] Level 1:colcon.colcon_core.package_identification:_identify(docker_hiwin/config/shell/tmux) by extension 'colcon_meta'
[0.303s] Level 1:colcon.colcon_core.package_identification:_identify(docker_hiwin/config/shell/tmux) by extensions ['ros']
[0.303s] Level 1:colcon.colcon_core.package_identification:_identify(docker_hiwin/config/shell/tmux) by extension 'ros'
[0.303s] Level 1:colcon.colcon_core.package_identification:_identify(docker_hiwin/config/shell/tmux) by extensions ['cmake', 'python']
[0.303s] Level 1:colcon.colcon_core.package_identification:_identify(docker_hiwin/config/shell/tmux) by extension 'cmake'
[0.303s] Level 1:colcon.colcon_core.package_identification:_identify(docker_hiwin/config/shell/tmux) by extension 'python'
[0.303s] Level 1:colcon.colcon_core.package_identification:_identify(docker_hiwin/config/shell/tmux) by extensions ['python_setup_py']
[0.303s] Level 1:colcon.colcon_core.package_identification:_identify(docker_hiwin/config/shell/tmux) by extension 'python_setup_py'
[0.303s] Level 1:colcon.colcon_core.package_identification:_identify(install) by extensions ['ignore', 'ignore_ament_install']
[0.303s] Level 1:colcon.colcon_core.package_identification:_identify(install) by extension 'ignore'
[0.303s] Level 1:colcon.colcon_core.package_identification:_identify(install) ignored
[0.303s] Level 1:colcon.colcon_core.package_identification:_identify(log) by extensions ['ignore', 'ignore_ament_install']
[0.304s] Level 1:colcon.colcon_core.package_identification:_identify(log) by extension 'ignore'
[0.304s] Level 1:colcon.colcon_core.package_identification:_identify(log) ignored
[0.304s] Level 1:colcon.colcon_core.package_identification:_identify(src) by extensions ['ignore', 'ignore_ament_install']
[0.304s] Level 1:colcon.colcon_core.package_identification:_identify(src) by extension 'ignore'
[0.304s] Level 1:colcon.colcon_core.package_identification:_identify(src) by extension 'ignore_ament_install'
[0.304s] Level 1:colcon.colcon_core.package_identification:_identify(src) by extensions ['colcon_pkg']
[0.304s] Level 1:colcon.colcon_core.package_identification:_identify(src) by extension 'colcon_pkg'
[0.304s] Level 1:colcon.colcon_core.package_identification:_identify(src) by extensions ['colcon_meta']
[0.304s] Level 1:colcon.colcon_core.package_identification:_identify(src) by extension 'colcon_meta'
[0.304s] Level 1:colcon.colcon_core.package_identification:_identify(src) by extensions ['ros']
[0.304s] Level 1:colcon.colcon_core.package_identification:_identify(src) by extension 'ros'
[0.304s] Level 1:colcon.colcon_core.package_identification:_identify(src) by extensions ['cmake', 'python']
[0.304s] Level 1:colcon.colcon_core.package_identification:_identify(src) by extension 'cmake'
[0.304s] Level 1:colcon.colcon_core.package_identification:_identify(src) by extension 'python'
[0.304s] Level 1:colcon.colcon_core.package_identification:_identify(src) by extensions ['python_setup_py']
[0.304s] Level 1:colcon.colcon_core.package_identification:_identify(src) by extension 'python_setup_py'
[0.304s] Level 1:colcon.colcon_core.package_identification:_identify(src/Hiwin_libmodbus) by extensions ['ignore', 'ignore_ament_install']
[0.304s] Level 1:colcon.colcon_core.package_identification:_identify(src/Hiwin_libmodbus) by extension 'ignore'
[0.304s] Level 1:colcon.colcon_core.package_identification:_identify(src/Hiwin_libmodbus) by extension 'ignore_ament_install'
[0.304s] Level 1:colcon.colcon_core.package_identification:_identify(src/Hiwin_libmodbus) by extensions ['colcon_pkg']
[0.305s] Level 1:colcon.colcon_core.package_identification:_identify(src/Hiwin_libmodbus) by extension 'colcon_pkg'
[0.305s] Level 1:colcon.colcon_core.package_identification:_identify(src/Hiwin_libmodbus) by extensions ['colcon_meta']
[0.305s] Level 1:colcon.colcon_core.package_identification:_identify(src/Hiwin_libmodbus) by extension 'colcon_meta'
[0.305s] Level 1:colcon.colcon_core.package_identification:_identify(src/Hiwin_libmodbus) by extensions ['ros']
[0.305s] Level 1:colcon.colcon_core.package_identification:_identify(src/Hiwin_libmodbus) by extension 'ros'
[0.305s] Level 1:colcon.colcon_core.package_identification:_identify(src/Hiwin_libmodbus) by extensions ['cmake', 'python']
[0.305s] Level 1:colcon.colcon_core.package_identification:_identify(src/Hiwin_libmodbus) by extension 'cmake'
[0.305s] Level 1:colcon.colcon_core.package_identification:_identify(src/Hiwin_libmodbus) by extension 'python'
[0.305s] Level 1:colcon.colcon_core.package_identification:_identify(src/Hiwin_libmodbus) by extensions ['python_setup_py']
[0.305s] Level 1:colcon.colcon_core.package_identification:_identify(src/Hiwin_libmodbus) by extension 'python_setup_py'
[0.305s] Level 1:colcon.colcon_core.package_identification:_identify(src/Hiwin_libmodbus/hiwin_example) by extensions ['ignore', 'ignore_ament_install']
[0.305s] Level 1:colcon.colcon_core.package_identification:_identify(src/Hiwin_libmodbus/hiwin_example) by extension 'ignore'
[0.305s] Level 1:colcon.colcon_core.package_identification:_identify(src/Hiwin_libmodbus/hiwin_example) by extension 'ignore_ament_install'
[0.305s] Level 1:colcon.colcon_core.package_identification:_identify(src/Hiwin_libmodbus/hiwin_example) by extensions ['colcon_pkg']
[0.305s] Level 1:colcon.colcon_core.package_identification:_identify(src/Hiwin_libmodbus/hiwin_example) by extension 'colcon_pkg'
[0.305s] Level 1:colcon.colcon_core.package_identification:_identify(src/Hiwin_libmodbus/hiwin_example) by extensions ['colcon_meta']
[0.305s] Level 1:colcon.colcon_core.package_identification:_identify(src/Hiwin_libmodbus/hiwin_example) by extension 'colcon_meta'
[0.305s] Level 1:colcon.colcon_core.package_identification:_identify(src/Hiwin_libmodbus/hiwin_example) by extensions ['ros']
[0.305s] Level 1:colcon.colcon_core.package_identification:_identify(src/Hiwin_libmodbus/hiwin_example) by extension 'ros'
[0.309s] DEBUG:colcon.colcon_core.package_identification:Package 'src/Hiwin_libmodbus/hiwin_example' with type 'ros.ament_python' and name 'hiwin_example'
[0.309s] Level 1:colcon.colcon_core.package_identification:_identify(src/Hiwin_libmodbus/hiwin_interfaces) by extensions ['ignore', 'ignore_ament_install']
[0.309s] Level 1:colcon.colcon_core.package_identification:_identify(src/Hiwin_libmodbus/hiwin_interfaces) by extension 'ignore'
[0.309s] Level 1:colcon.colcon_core.package_identification:_identify(src/Hiwin_libmodbus/hiwin_interfaces) by extension 'ignore_ament_install'
[0.309s] Level 1:colcon.colcon_core.package_identification:_identify(src/Hiwin_libmodbus/hiwin_interfaces) by extensions ['colcon_pkg']
[0.309s] Level 1:colcon.colcon_core.package_identification:_identify(src/Hiwin_libmodbus/hiwin_interfaces) by extension 'colcon_pkg'
[0.309s] Level 1:colcon.colcon_core.package_identification:_identify(src/Hiwin_libmodbus/hiwin_interfaces) by extensions ['colcon_meta']
[0.309s] Level 1:colcon.colcon_core.package_identification:_identify(src/Hiwin_libmodbus/hiwin_interfaces) by extension 'colcon_meta'
[0.309s] Level 1:colcon.colcon_core.package_identification:_identify(src/Hiwin_libmodbus/hiwin_interfaces) by extensions ['ros']
[0.309s] Level 1:colcon.colcon_core.package_identification:_identify(src/Hiwin_libmodbus/hiwin_interfaces) by extension 'ros'
[0.310s] DEBUG:colcon.colcon_core.package_identification:Package 'src/Hiwin_libmodbus/hiwin_interfaces' with type 'ros.ament_cmake' and name 'hiwin_interfaces'
[0.310s] Level 1:colcon.colcon_core.package_identification:_identify(src/Hiwin_libmodbus/hiwin_libmodbus) by extensions ['ignore', 'ignore_ament_install']
[0.311s] Level 1:colcon.colcon_core.package_identification:_identify(src/Hiwin_libmodbus/hiwin_libmodbus) by extension 'ignore'
[0.311s] Level 1:colcon.colcon_core.package_identification:_identify(src/Hiwin_libmodbus/hiwin_libmodbus) by extension 'ignore_ament_install'
[0.311s] Level 1:colcon.colcon_core.package_identification:_identify(src/Hiwin_libmodbus/hiwin_libmodbus) by extensions ['colcon_pkg']
[0.311s] Level 1:colcon.colcon_core.package_identification:_identify(src/Hiwin_libmodbus/hiwin_libmodbus) by extension 'colcon_pkg'
[0.311s] Level 1:colcon.colcon_core.package_identification:_identify(src/Hiwin_libmodbus/hiwin_libmodbus) by extensions ['colcon_meta']
[0.311s] Level 1:colcon.colcon_core.package_identification:_identify(src/Hiwin_libmodbus/hiwin_libmodbus) by extension 'colcon_meta'
[0.311s] Level 1:colcon.colcon_core.package_identification:_identify(src/Hiwin_libmodbus/hiwin_libmodbus) by extensions ['ros']
[0.311s] Level 1:colcon.colcon_core.package_identification:_identify(src/Hiwin_libmodbus/hiwin_libmodbus) by extension 'ros'
[0.312s] DEBUG:colcon.colcon_core.package_identification:Package 'src/Hiwin_libmodbus/hiwin_libmodbus' with type 'ros.ament_cmake' and name 'hiwin_libmodbus'
[0.312s] Level 1:colcon.colcon_core.package_identification:_identify(src/Hiwin_libmodbus/hiwin_service_client) by extensions ['ignore', 'ignore_ament_install']
[0.312s] Level 1:colcon.colcon_core.package_identification:_identify(src/Hiwin_libmodbus/hiwin_service_client) by extension 'ignore'
[0.312s] Level 1:colcon.colcon_core.package_identification:_identify(src/Hiwin_libmodbus/hiwin_service_client) by extension 'ignore_ament_install'
[0.312s] Level 1:colcon.colcon_core.package_identification:_identify(src/Hiwin_libmodbus/hiwin_service_client) by extensions ['colcon_pkg']
[0.312s] Level 1:colcon.colcon_core.package_identification:_identify(src/Hiwin_libmodbus/hiwin_service_client) by extension 'colcon_pkg'
[0.312s] Level 1:colcon.colcon_core.package_identification:_identify(src/Hiwin_libmodbus/hiwin_service_client) by extensions ['colcon_meta']
[0.312s] Level 1:colcon.colcon_core.package_identification:_identify(src/Hiwin_libmodbus/hiwin_service_client) by extension 'colcon_meta'
[0.312s] Level 1:colcon.colcon_core.package_identification:_identify(src/Hiwin_libmodbus/hiwin_service_client) by extensions ['ros']
[0.312s] Level 1:colcon.colcon_core.package_identification:_identify(src/Hiwin_libmodbus/hiwin_service_client) by extension 'ros'
[0.313s] DEBUG:colcon.colcon_core.package_identification:Package 'src/Hiwin_libmodbus/hiwin_service_client' with type 'ros.ament_cmake' and name 'hiwin_service_client'
[0.313s] Level 1:colcon.colcon_core.package_identification:_identify(src/Hiwin_libmodbus/libmodbus) by extensions ['ignore', 'ignore_ament_install']
[0.313s] Level 1:colcon.colcon_core.package_identification:_identify(src/Hiwin_libmodbus/libmodbus) by extension 'ignore'
[0.313s] Level 1:colcon.colcon_core.package_identification:_identify(src/Hiwin_libmodbus/libmodbus) by extension 'ignore_ament_install'
[0.313s] Level 1:colcon.colcon_core.package_identification:_identify(src/Hiwin_libmodbus/libmodbus) by extensions ['colcon_pkg']
[0.313s] Level 1:colcon.colcon_core.package_identification:_identify(src/Hiwin_libmodbus/libmodbus) by extension 'colcon_pkg'
[0.313s] Level 1:colcon.colcon_core.package_identification:_identify(src/Hiwin_libmodbus/libmodbus) by extensions ['colcon_meta']
[0.313s] Level 1:colcon.colcon_core.package_identification:_identify(src/Hiwin_libmodbus/libmodbus) by extension 'colcon_meta'
[0.314s] Level 1:colcon.colcon_core.package_identification:_identify(src/Hiwin_libmodbus/libmodbus) by extensions ['ros']
[0.314s] Level 1:colcon.colcon_core.package_identification:_identify(src/Hiwin_libmodbus/libmodbus) by extension 'ros'
[0.314s] Level 1:colcon.colcon_core.package_identification:_identify(src/Hiwin_libmodbus/libmodbus) by extensions ['cmake', 'python']
[0.314s] Level 1:colcon.colcon_core.package_identification:_identify(src/Hiwin_libmodbus/libmodbus) by extension 'cmake'
[0.314s] Level 1:colcon.colcon_core.package_identification:_identify(src/Hiwin_libmodbus/libmodbus) by extension 'python'
[0.314s] Level 1:colcon.colcon_core.package_identification:_identify(src/Hiwin_libmodbus/libmodbus) by extensions ['python_setup_py']
[0.314s] Level 1:colcon.colcon_core.package_identification:_identify(src/Hiwin_libmodbus/libmodbus) by extension 'python_setup_py'
[0.314s] Level 1:colcon.colcon_core.package_identification:_identify(src/Hiwin_libmodbus/libmodbus/autom4te.cache) by extensions ['ignore', 'ignore_ament_install']
[0.314s] Level 1:colcon.colcon_core.package_identification:_identify(src/Hiwin_libmodbus/libmodbus/autom4te.cache) by extension 'ignore'
[0.314s] Level 1:colcon.colcon_core.package_identification:_identify(src/Hiwin_libmodbus/libmodbus/autom4te.cache) by extension 'ignore_ament_install'
[0.314s] Level 1:colcon.colcon_core.package_identification:_identify(src/Hiwin_libmodbus/libmodbus/autom4te.cache) by extensions ['colcon_pkg']
[0.314s] Level 1:colcon.colcon_core.package_identification:_identify(src/Hiwin_libmodbus/libmodbus/autom4te.cache) by extension 'colcon_pkg'
[0.314s] Level 1:colcon.colcon_core.package_identification:_identify(src/Hiwin_libmodbus/libmodbus/autom4te.cache) by extensions ['colcon_meta']
[0.314s] Level 1:colcon.colcon_core.package_identification:_identify(src/Hiwin_libmodbus/libmodbus/autom4te.cache) by extension 'colcon_meta'
[0.314s] Level 1:colcon.colcon_core.package_identification:_identify(src/Hiwin_libmodbus/libmodbus/autom4te.cache) by extensions ['ros']
[0.314s] Level 1:colcon.colcon_core.package_identification:_identify(src/Hiwin_libmodbus/libmodbus/autom4te.cache) by extension 'ros'
[0.314s] Level 1:colcon.colcon_core.package_identification:_identify(src/Hiwin_libmodbus/libmodbus/autom4te.cache) by extensions ['cmake', 'python']
[0.314s] Level 1:colcon.colcon_core.package_identification:_identify(src/Hiwin_libmodbus/libmodbus/autom4te.cache) by extension 'cmake'
[0.314s] Level 1:colcon.colcon_core.package_identification:_identify(src/Hiwin_libmodbus/libmodbus/autom4te.cache) by extension 'python'
[0.314s] Level 1:colcon.colcon_core.package_identification:_identify(src/Hiwin_libmodbus/libmodbus/autom4te.cache) by extensions ['python_setup_py']
[0.314s] Level 1:colcon.colcon_core.package_identification:_identify(src/Hiwin_libmodbus/libmodbus/autom4te.cache) by extension 'python_setup_py'
[0.315s] Level 1:colcon.colcon_core.package_identification:_identify(src/Hiwin_libmodbus/libmodbus/build-aux) by extensions ['ignore', 'ignore_ament_install']
[0.315s] Level 1:colcon.colcon_core.package_identification:_identify(src/Hiwin_libmodbus/libmodbus/build-aux) by extension 'ignore'
[0.315s] Level 1:colcon.colcon_core.package_identification:_identify(src/Hiwin_libmodbus/libmodbus/build-aux) by extension 'ignore_ament_install'
[0.315s] Level 1:colcon.colcon_core.package_identification:_identify(src/Hiwin_libmodbus/libmodbus/build-aux) by extensions ['colcon_pkg']
[0.315s] Level 1:colcon.colcon_core.package_identification:_identify(src/Hiwin_libmodbus/libmodbus/build-aux) by extension 'colcon_pkg'
[0.315s] Level 1:colcon.colcon_core.package_identification:_identify(src/Hiwin_libmodbus/libmodbus/build-aux) by extensions ['colcon_meta']
[0.315s] Level 1:colcon.colcon_core.package_identification:_identify(src/Hiwin_libmodbus/libmodbus/build-aux) by extension 'colcon_meta'
[0.315s] Level 1:colcon.colcon_core.package_identification:_identify(src/Hiwin_libmodbus/libmodbus/build-aux) by extensions ['ros']
[0.315s] Level 1:colcon.colcon_core.package_identification:_identify(src/Hiwin_libmodbus/libmodbus/build-aux) by extension 'ros'
[0.315s] Level 1:colcon.colcon_core.package_identification:_identify(src/Hiwin_libmodbus/libmodbus/build-aux) by extensions ['cmake', 'python']
[0.315s] Level 1:colcon.colcon_core.package_identification:_identify(src/Hiwin_libmodbus/libmodbus/build-aux) by extension 'cmake'
[0.315s] Level 1:colcon.colcon_core.package_identification:_identify(src/Hiwin_libmodbus/libmodbus/build-aux) by extension 'python'
[0.315s] Level 1:colcon.colcon_core.package_identification:_identify(src/Hiwin_libmodbus/libmodbus/build-aux) by extensions ['python_setup_py']
[0.315s] Level 1:colcon.colcon_core.package_identification:_identify(src/Hiwin_libmodbus/libmodbus/build-aux) by extension 'python_setup_py'
[0.315s] Level 1:colcon.colcon_core.package_identification:_identify(src/Hiwin_libmodbus/libmodbus/docs) by extensions ['ignore', 'ignore_ament_install']
[0.315s] Level 1:colcon.colcon_core.package_identification:_identify(src/Hiwin_libmodbus/libmodbus/docs) by extension 'ignore'
[0.315s] Level 1:colcon.colcon_core.package_identification:_identify(src/Hiwin_libmodbus/libmodbus/docs) by extension 'ignore_ament_install'
[0.315s] Level 1:colcon.colcon_core.package_identification:_identify(src/Hiwin_libmodbus/libmodbus/docs) by extensions ['colcon_pkg']
[0.316s] Level 1:colcon.colcon_core.package_identification:_identify(src/Hiwin_libmodbus/libmodbus/docs) by extension 'colcon_pkg'
[0.316s] Level 1:colcon.colcon_core.package_identification:_identify(src/Hiwin_libmodbus/libmodbus/docs) by extensions ['colcon_meta']
[0.316s] Level 1:colcon.colcon_core.package_identification:_identify(src/Hiwin_libmodbus/libmodbus/docs) by extension 'colcon_meta'
[0.316s] Level 1:colcon.colcon_core.package_identification:_identify(src/Hiwin_libmodbus/libmodbus/docs) by extensions ['ros']
[0.316s] Level 1:colcon.colcon_core.package_identification:_identify(src/Hiwin_libmodbus/libmodbus/docs) by extension 'ros'
[0.316s] Level 1:colcon.colcon_core.package_identification:_identify(src/Hiwin_libmodbus/libmodbus/docs) by extensions ['cmake', 'python']
[0.316s] Level 1:colcon.colcon_core.package_identification:_identify(src/Hiwin_libmodbus/libmodbus/docs) by extension 'cmake'
[0.316s] Level 1:colcon.colcon_core.package_identification:_identify(src/Hiwin_libmodbus/libmodbus/docs) by extension 'python'
[0.316s] Level 1:colcon.colcon_core.package_identification:_identify(src/Hiwin_libmodbus/libmodbus/docs) by extensions ['python_setup_py']
[0.316s] Level 1:colcon.colcon_core.package_identification:_identify(src/Hiwin_libmodbus/libmodbus/docs) by extension 'python_setup_py'
[0.316s] Level 1:colcon.colcon_core.package_identification:_identify(src/Hiwin_libmodbus/libmodbus/docs/assets) by extensions ['ignore', 'ignore_ament_install']
[0.316s] Level 1:colcon.colcon_core.package_identification:_identify(src/Hiwin_libmodbus/libmodbus/docs/assets) by extension 'ignore'
[0.316s] Level 1:colcon.colcon_core.package_identification:_identify(src/Hiwin_libmodbus/libmodbus/docs/assets) by extension 'ignore_ament_install'
[0.316s] Level 1:colcon.colcon_core.package_identification:_identify(src/Hiwin_libmodbus/libmodbus/docs/assets) by extensions ['colcon_pkg']
[0.316s] Level 1:colcon.colcon_core.package_identification:_identify(src/Hiwin_libmodbus/libmodbus/docs/assets) by extension 'colcon_pkg'
[0.316s] Level 1:colcon.colcon_core.package_identification:_identify(src/Hiwin_libmodbus/libmodbus/docs/assets) by extensions ['colcon_meta']
[0.316s] Level 1:colcon.colcon_core.package_identification:_identify(src/Hiwin_libmodbus/libmodbus/docs/assets) by extension 'colcon_meta'
[0.316s] Level 1:colcon.colcon_core.package_identification:_identify(src/Hiwin_libmodbus/libmodbus/docs/assets) by extensions ['ros']
[0.316s] Level 1:colcon.colcon_core.package_identification:_identify(src/Hiwin_libmodbus/libmodbus/docs/assets) by extension 'ros'
[0.316s] Level 1:colcon.colcon_core.package_identification:_identify(src/Hiwin_libmodbus/libmodbus/docs/assets) by extensions ['cmake', 'python']
[0.316s] Level 1:colcon.colcon_core.package_identification:_identify(src/Hiwin_libmodbus/libmodbus/docs/assets) by extension 'cmake'
[0.316s] Level 1:colcon.colcon_core.package_identification:_identify(src/Hiwin_libmodbus/libmodbus/docs/assets) by extension 'python'
[0.317s] Level 1:colcon.colcon_core.package_identification:_identify(src/Hiwin_libmodbus/libmodbus/docs/assets) by extensions ['python_setup_py']
[0.317s] Level 1:colcon.colcon_core.package_identification:_identify(src/Hiwin_libmodbus/libmodbus/docs/assets) by extension 'python_setup_py'
[0.317s] Level 1:colcon.colcon_core.package_identification:_identify(src/Hiwin_libmodbus/libmodbus/m4) by extensions ['ignore', 'ignore_ament_install']
[0.317s] Level 1:colcon.colcon_core.package_identification:_identify(src/Hiwin_libmodbus/libmodbus/m4) by extension 'ignore'
[0.317s] Level 1:colcon.colcon_core.package_identification:_identify(src/Hiwin_libmodbus/libmodbus/m4) by extension 'ignore_ament_install'
[0.317s] Level 1:colcon.colcon_core.package_identification:_identify(src/Hiwin_libmodbus/libmodbus/m4) by extensions ['colcon_pkg']
[0.317s] Level 1:colcon.colcon_core.package_identification:_identify(src/Hiwin_libmodbus/libmodbus/m4) by extension 'colcon_pkg'
[0.317s] Level 1:colcon.colcon_core.package_identification:_identify(src/Hiwin_libmodbus/libmodbus/m4) by extensions ['colcon_meta']
[0.317s] Level 1:colcon.colcon_core.package_identification:_identify(src/Hiwin_libmodbus/libmodbus/m4) by extension 'colcon_meta'
[0.317s] Level 1:colcon.colcon_core.package_identification:_identify(src/Hiwin_libmodbus/libmodbus/m4) by extensions ['ros']
[0.317s] Level 1:colcon.colcon_core.package_identification:_identify(src/Hiwin_libmodbus/libmodbus/m4) by extension 'ros'
[0.317s] Level 1:colcon.colcon_core.package_identification:_identify(src/Hiwin_libmodbus/libmodbus/m4) by extensions ['cmake', 'python']
[0.318s] Level 1:colcon.colcon_core.package_identification:_identify(src/Hiwin_libmodbus/libmodbus/m4) by extension 'cmake'
[0.318s] Level 1:colcon.colcon_core.package_identification:_identify(src/Hiwin_libmodbus/libmodbus/m4) by extension 'python'
[0.318s] Level 1:colcon.colcon_core.package_identification:_identify(src/Hiwin_libmodbus/libmodbus/m4) by extensions ['python_setup_py']
[0.318s] Level 1:colcon.colcon_core.package_identification:_identify(src/Hiwin_libmodbus/libmodbus/m4) by extension 'python_setup_py'
[0.318s] Level 1:colcon.colcon_core.package_identification:_identify(src/Hiwin_libmodbus/libmodbus/src) by extensions ['ignore', 'ignore_ament_install']
[0.318s] Level 1:colcon.colcon_core.package_identification:_identify(src/Hiwin_libmodbus/libmodbus/src) by extension 'ignore'
[0.318s] Level 1:colcon.colcon_core.package_identification:_identify(src/Hiwin_libmodbus/libmodbus/src) by extension 'ignore_ament_install'
[0.318s] Level 1:colcon.colcon_core.package_identification:_identify(src/Hiwin_libmodbus/libmodbus/src) by extensions ['colcon_pkg']
[0.318s] Level 1:colcon.colcon_core.package_identification:_identify(src/Hiwin_libmodbus/libmodbus/src) by extension 'colcon_pkg'
[0.318s] Level 1:colcon.colcon_core.package_identification:_identify(src/Hiwin_libmodbus/libmodbus/src) by extensions ['colcon_meta']
[0.318s] Level 1:colcon.colcon_core.package_identification:_identify(src/Hiwin_libmodbus/libmodbus/src) by extension 'colcon_meta'
[0.318s] Level 1:colcon.colcon_core.package_identification:_identify(src/Hiwin_libmodbus/libmodbus/src) by extensions ['ros']
[0.318s] Level 1:colcon.colcon_core.package_identification:_identify(src/Hiwin_libmodbus/libmodbus/src) by extension 'ros'
[0.318s] Level 1:colcon.colcon_core.package_identification:_identify(src/Hiwin_libmodbus/libmodbus/src) by extensions ['cmake', 'python']
[0.318s] Level 1:colcon.colcon_core.package_identification:_identify(src/Hiwin_libmodbus/libmodbus/src) by extension 'cmake'
[0.318s] Level 1:colcon.colcon_core.package_identification:_identify(src/Hiwin_libmodbus/libmodbus/src) by extension 'python'
[0.318s] Level 1:colcon.colcon_core.package_identification:_identify(src/Hiwin_libmodbus/libmodbus/src) by extensions ['python_setup_py']
[0.319s] Level 1:colcon.colcon_core.package_identification:_identify(src/Hiwin_libmodbus/libmodbus/src) by extension 'python_setup_py'
[0.319s] Level 1:colcon.colcon_core.package_identification:_identify(src/Hiwin_libmodbus/libmodbus/src/win32) by extensions ['ignore', 'ignore_ament_install']
[0.319s] Level 1:colcon.colcon_core.package_identification:_identify(src/Hiwin_libmodbus/libmodbus/src/win32) by extension 'ignore'
[0.319s] Level 1:colcon.colcon_core.package_identification:_identify(src/Hiwin_libmodbus/libmodbus/src/win32) by extension 'ignore_ament_install'
[0.319s] Level 1:colcon.colcon_core.package_identification:_identify(src/Hiwin_libmodbus/libmodbus/src/win32) by extensions ['colcon_pkg']
[0.319s] Level 1:colcon.colcon_core.package_identification:_identify(src/Hiwin_libmodbus/libmodbus/src/win32) by extension 'colcon_pkg'
[0.319s] Level 1:colcon.colcon_core.package_identification:_identify(src/Hiwin_libmodbus/libmodbus/src/win32) by extensions ['colcon_meta']
[0.319s] Level 1:colcon.colcon_core.package_identification:_identify(src/Hiwin_libmodbus/libmodbus/src/win32) by extension 'colcon_meta'
[0.319s] Level 1:colcon.colcon_core.package_identification:_identify(src/Hiwin_libmodbus/libmodbus/src/win32) by extensions ['ros']
[0.319s] Level 1:colcon.colcon_core.package_identification:_identify(src/Hiwin_libmodbus/libmodbus/src/win32) by extension 'ros'
[0.319s] Level 1:colcon.colcon_core.package_identification:_identify(src/Hiwin_libmodbus/libmodbus/src/win32) by extensions ['cmake', 'python']
[0.319s] Level 1:colcon.colcon_core.package_identification:_identify(src/Hiwin_libmodbus/libmodbus/src/win32) by extension 'cmake'
[0.319s] Level 1:colcon.colcon_core.package_identification:_identify(src/Hiwin_libmodbus/libmodbus/src/win32) by extension 'python'
[0.319s] Level 1:colcon.colcon_core.package_identification:_identify(src/Hiwin_libmodbus/libmodbus/src/win32) by extensions ['python_setup_py']
[0.319s] Level 1:colcon.colcon_core.package_identification:_identify(src/Hiwin_libmodbus/libmodbus/src/win32) by extension 'python_setup_py'
[0.319s] Level 1:colcon.colcon_core.package_identification:_identify(src/Hiwin_libmodbus/libmodbus/tests) by extensions ['ignore', 'ignore_ament_install']
[0.319s] Level 1:colcon.colcon_core.package_identification:_identify(src/Hiwin_libmodbus/libmodbus/tests) by extension 'ignore'
[0.319s] Level 1:colcon.colcon_core.package_identification:_identify(src/Hiwin_libmodbus/libmodbus/tests) by extension 'ignore_ament_install'
[0.319s] Level 1:colcon.colcon_core.package_identification:_identify(src/Hiwin_libmodbus/libmodbus/tests) by extensions ['colcon_pkg']
[0.319s] Level 1:colcon.colcon_core.package_identification:_identify(src/Hiwin_libmodbus/libmodbus/tests) by extension 'colcon_pkg'
[0.319s] Level 1:colcon.colcon_core.package_identification:_identify(src/Hiwin_libmodbus/libmodbus/tests) by extensions ['colcon_meta']
[0.319s] Level 1:colcon.colcon_core.package_identification:_identify(src/Hiwin_libmodbus/libmodbus/tests) by extension 'colcon_meta'
[0.319s] Level 1:colcon.colcon_core.package_identification:_identify(src/Hiwin_libmodbus/libmodbus/tests) by extensions ['ros']
[0.319s] Level 1:colcon.colcon_core.package_identification:_identify(src/Hiwin_libmodbus/libmodbus/tests) by extension 'ros'
[0.320s] Level 1:colcon.colcon_core.package_identification:_identify(src/Hiwin_libmodbus/libmodbus/tests) by extensions ['cmake', 'python']
[0.320s] Level 1:colcon.colcon_core.package_identification:_identify(src/Hiwin_libmodbus/libmodbus/tests) by extension 'cmake'
[0.320s] Level 1:colcon.colcon_core.package_identification:_identify(src/Hiwin_libmodbus/libmodbus/tests) by extension 'python'
[0.320s] Level 1:colcon.colcon_core.package_identification:_identify(src/Hiwin_libmodbus/libmodbus/tests) by extensions ['python_setup_py']
[0.320s] Level 1:colcon.colcon_core.package_identification:_identify(src/Hiwin_libmodbus/libmodbus/tests) by extension 'python_setup_py'
[0.320s] Level 1:colcon.colcon_core.package_identification:_identify(src/aruco_marker_pics) by extensions ['ignore', 'ignore_ament_install']
[0.320s] Level 1:colcon.colcon_core.package_identification:_identify(src/aruco_marker_pics) by extension 'ignore'
[0.320s] Level 1:colcon.colcon_core.package_identification:_identify(src/aruco_marker_pics) by extension 'ignore_ament_install'
[0.320s] Level 1:colcon.colcon_core.package_identification:_identify(src/aruco_marker_pics) by extensions ['colcon_pkg']
[0.320s] Level 1:colcon.colcon_core.package_identification:_identify(src/aruco_marker_pics) by extension 'colcon_pkg'
[0.320s] Level 1:colcon.colcon_core.package_identification:_identify(src/aruco_marker_pics) by extensions ['colcon_meta']
[0.320s] Level 1:colcon.colcon_core.package_identification:_identify(src/aruco_marker_pics) by extension 'colcon_meta'
[0.320s] Level 1:colcon.colcon_core.package_identification:_identify(src/aruco_marker_pics) by extensions ['ros']
[0.320s] Level 1:colcon.colcon_core.package_identification:_identify(src/aruco_marker_pics) by extension 'ros'
[0.320s] Level 1:colcon.colcon_core.package_identification:_identify(src/aruco_marker_pics) by extensions ['cmake', 'python']
[0.320s] Level 1:colcon.colcon_core.package_identification:_identify(src/aruco_marker_pics) by extension 'cmake'
[0.320s] Level 1:colcon.colcon_core.package_identification:_identify(src/aruco_marker_pics) by extension 'python'
[0.320s] Level 1:colcon.colcon_core.package_identification:_identify(src/aruco_marker_pics) by extensions ['python_setup_py']
[0.320s] Level 1:colcon.colcon_core.package_identification:_identify(src/aruco_marker_pics) by extension 'python_setup_py'
[0.320s] Level 1:colcon.colcon_core.package_identification:_identify(src/aruco_marker_pics/svgtopng) by extensions ['ignore', 'ignore_ament_install']
[0.320s] Level 1:colcon.colcon_core.package_identification:_identify(src/aruco_marker_pics/svgtopng) by extension 'ignore'
[0.320s] Level 1:colcon.colcon_core.package_identification:_identify(src/aruco_marker_pics/svgtopng) by extension 'ignore_ament_install'
[0.320s] Level 1:colcon.colcon_core.package_identification:_identify(src/aruco_marker_pics/svgtopng) by extensions ['colcon_pkg']
[0.320s] Level 1:colcon.colcon_core.package_identification:_identify(src/aruco_marker_pics/svgtopng) by extension 'colcon_pkg'
[0.320s] Level 1:colcon.colcon_core.package_identification:_identify(src/aruco_marker_pics/svgtopng) by extensions ['colcon_meta']
[0.320s] Level 1:colcon.colcon_core.package_identification:_identify(src/aruco_marker_pics/svgtopng) by extension 'colcon_meta'
[0.320s] Level 1:colcon.colcon_core.package_identification:_identify(src/aruco_marker_pics/svgtopng) by extensions ['ros']
[0.320s] Level 1:colcon.colcon_core.package_identification:_identify(src/aruco_marker_pics/svgtopng) by extension 'ros'
[0.321s] Level 1:colcon.colcon_core.package_identification:_identify(src/aruco_marker_pics/svgtopng) by extensions ['cmake', 'python']
[0.321s] Level 1:colcon.colcon_core.package_identification:_identify(src/aruco_marker_pics/svgtopng) by extension 'cmake'
[0.321s] Level 1:colcon.colcon_core.package_identification:_identify(src/aruco_marker_pics/svgtopng) by extension 'python'
[0.321s] Level 1:colcon.colcon_core.package_identification:_identify(src/aruco_marker_pics/svgtopng) by extensions ['python_setup_py']
[0.321s] Level 1:colcon.colcon_core.package_identification:_identify(src/aruco_marker_pics/svgtopng) by extension 'python_setup_py'
[0.321s] Level 1:colcon.colcon_core.package_identification:_identify(src/hiwin_control) by extensions ['ignore', 'ignore_ament_install']
[0.321s] Level 1:colcon.colcon_core.package_identification:_identify(src/hiwin_control) by extension 'ignore'
[0.321s] Level 1:colcon.colcon_core.package_identification:_identify(src/hiwin_control) by extension 'ignore_ament_install'
[0.321s] Level 1:colcon.colcon_core.package_identification:_identify(src/hiwin_control) by extensions ['colcon_pkg']
[0.321s] Level 1:colcon.colcon_core.package_identification:_identify(src/hiwin_control) by extension 'colcon_pkg'
[0.321s] Level 1:colcon.colcon_core.package_identification:_identify(src/hiwin_control) by extensions ['colcon_meta']
[0.321s] Level 1:colcon.colcon_core.package_identification:_identify(src/hiwin_control) by extension 'colcon_meta'
[0.321s] Level 1:colcon.colcon_core.package_identification:_identify(src/hiwin_control) by extensions ['ros']
[0.321s] Level 1:colcon.colcon_core.package_identification:_identify(src/hiwin_control) by extension 'ros'
[0.322s] DEBUG:colcon.colcon_core.package_identification:Package 'src/hiwin_control' with type 'ros.ament_python' and name 'hiwin_control'
[0.322s] Level 1:colcon.colcon_core.package_identification:_identify(src/picture) by extensions ['ignore', 'ignore_ament_install']
[0.323s] Level 1:colcon.colcon_core.package_identification:_identify(src/picture) by extension 'ignore'
[0.323s] Level 1:colcon.colcon_core.package_identification:_identify(src/picture) by extension 'ignore_ament_install'
[0.323s] Level 1:colcon.colcon_core.package_identification:_identify(src/picture) by extensions ['colcon_pkg']
[0.323s] Level 1:colcon.colcon_core.package_identification:_identify(src/picture) by extension 'colcon_pkg'
[0.323s] Level 1:colcon.colcon_core.package_identification:_identify(src/picture) by extensions ['colcon_meta']
[0.323s] Level 1:colcon.colcon_core.package_identification:_identify(src/picture) by extension 'colcon_meta'
[0.323s] Level 1:colcon.colcon_core.package_identification:_identify(src/picture) by extensions ['ros']
[0.323s] Level 1:colcon.colcon_core.package_identification:_identify(src/picture) by extension 'ros'
[0.324s] Level 1:colcon.colcon_core.package_identification:_identify(src/picture) by extensions ['cmake', 'python']
[0.324s] Level 1:colcon.colcon_core.package_identification:_identify(src/picture) by extension 'cmake'
[0.324s] Level 1:colcon.colcon_core.package_identification:_identify(src/picture) by extension 'python'
[0.324s] Level 1:colcon.colcon_core.package_identification:_identify(src/picture) by extensions ['python_setup_py']
[0.324s] Level 1:colcon.colcon_core.package_identification:_identify(src/picture) by extension 'python_setup_py'
[0.324s] Level 1:colcon.colcon_core.package_identification:_identify(src/pool) by extensions ['ignore', 'ignore_ament_install']
[0.324s] Level 1:colcon.colcon_core.package_identification:_identify(src/pool) by extension 'ignore'
[0.324s] Level 1:colcon.colcon_core.package_identification:_identify(src/pool) by extension 'ignore_ament_install'
[0.325s] Level 1:colcon.colcon_core.package_identification:_identify(src/pool) by extensions ['colcon_pkg']
[0.325s] Level 1:colcon.colcon_core.package_identification:_identify(src/pool) by extension 'colcon_pkg'
[0.325s] Level 1:colcon.colcon_core.package_identification:_identify(src/pool) by extensions ['colcon_meta']
[0.325s] Level 1:colcon.colcon_core.package_identification:_identify(src/pool) by extension 'colcon_meta'
[0.325s] Level 1:colcon.colcon_core.package_identification:_identify(src/pool) by extensions ['ros']
[0.325s] Level 1:colcon.colcon_core.package_identification:_identify(src/pool) by extension 'ros'
[0.325s] Level 1:colcon.colcon_core.package_identification:_identify(src/pool) by extensions ['cmake', 'python']
[0.325s] Level 1:colcon.colcon_core.package_identification:_identify(src/pool) by extension 'cmake'
[0.325s] Level 1:colcon.colcon_core.package_identification:_identify(src/pool) by extension 'python'
[0.325s] Level 1:colcon.colcon_core.package_identification:_identify(src/pool) by extensions ['python_setup_py']
[0.325s] Level 1:colcon.colcon_core.package_identification:_identify(src/pool) by extension 'python_setup_py'
[0.325s] Level 1:colcon.colcon_core.package_identification:_identify(src/pool/center) by extensions ['ignore', 'ignore_ament_install']
[0.325s] Level 1:colcon.colcon_core.package_identification:_identify(src/pool/center) by extension 'ignore'
[0.325s] Level 1:colcon.colcon_core.package_identification:_identify(src/pool/center) by extension 'ignore_ament_install'
[0.326s] Level 1:colcon.colcon_core.package_identification:_identify(src/pool/center) by extensions ['colcon_pkg']
[0.326s] Level 1:colcon.colcon_core.package_identification:_identify(src/pool/center) by extension 'colcon_pkg'
[0.326s] Level 1:colcon.colcon_core.package_identification:_identify(src/pool/center) by extensions ['colcon_meta']
[0.326s] Level 1:colcon.colcon_core.package_identification:_identify(src/pool/center) by extension 'colcon_meta'
[0.326s] Level 1:colcon.colcon_core.package_identification:_identify(src/pool/center) by extensions ['ros']
[0.326s] Level 1:colcon.colcon_core.package_identification:_identify(src/pool/center) by extension 'ros'
[0.326s] DEBUG:colcon.colcon_core.package_identification:Package 'src/pool/center' with type 'ros.ament_python' and name 'center'
[0.326s] Level 1:colcon.colcon_core.package_identification:_identify(src/pool/detect) by extensions ['ignore', 'ignore_ament_install']
[0.327s] Level 1:colcon.colcon_core.package_identification:_identify(src/pool/detect) by extension 'ignore'
[0.327s] Level 1:colcon.colcon_core.package_identification:_identify(src/pool/detect) by extension 'ignore_ament_install'
[0.327s] Level 1:colcon.colcon_core.package_identification:_identify(src/pool/detect) by extensions ['colcon_pkg']
[0.327s] Level 1:colcon.colcon_core.package_identification:_identify(src/pool/detect) by extension 'colcon_pkg'
[0.327s] Level 1:colcon.colcon_core.package_identification:_identify(src/pool/detect) by extensions ['colcon_meta']
[0.327s] Level 1:colcon.colcon_core.package_identification:_identify(src/pool/detect) by extension 'colcon_meta'
[0.327s] Level 1:colcon.colcon_core.package_identification:_identify(src/pool/detect) by extensions ['ros']
[0.327s] Level 1:colcon.colcon_core.package_identification:_identify(src/pool/detect) by extension 'ros'
[0.327s] Level 1:colcon.colcon_core.package_identification:_identify(src/pool/detect) by extensions ['cmake', 'python']
[0.327s] Level 1:colcon.colcon_core.package_identification:_identify(src/pool/detect) by extension 'cmake'
[0.327s] Level 1:colcon.colcon_core.package_identification:_identify(src/pool/detect) by extension 'python'
[0.327s] Level 1:colcon.colcon_core.package_identification:_identify(src/pool/detect) by extensions ['python_setup_py']
[0.328s] Level 1:colcon.colcon_core.package_identification:_identify(src/pool/detect) by extension 'python_setup_py'
[0.328s] Level 1:colcon.colcon_core.package_identification:_identify(src/pool/detect/detect_interface) by extensions ['ignore', 'ignore_ament_install']
[0.328s] Level 1:colcon.colcon_core.package_identification:_identify(src/pool/detect/detect_interface) by extension 'ignore'
[0.328s] Level 1:colcon.colcon_core.package_identification:_identify(src/pool/detect/detect_interface) by extension 'ignore_ament_install'
[0.328s] Level 1:colcon.colcon_core.package_identification:_identify(src/pool/detect/detect_interface) by extensions ['colcon_pkg']
[0.328s] Level 1:colcon.colcon_core.package_identification:_identify(src/pool/detect/detect_interface) by extension 'colcon_pkg'
[0.328s] Level 1:colcon.colcon_core.package_identification:_identify(src/pool/detect/detect_interface) by extensions ['colcon_meta']
[0.328s] Level 1:colcon.colcon_core.package_identification:_identify(src/pool/detect/detect_interface) by extension 'colcon_meta'
[0.328s] Level 1:colcon.colcon_core.package_identification:_identify(src/pool/detect/detect_interface) by extensions ['ros']
[0.328s] Level 1:colcon.colcon_core.package_identification:_identify(src/pool/detect/detect_interface) by extension 'ros'
[0.330s] DEBUG:colcon.colcon_core.package_identification:Package 'src/pool/detect/detect_interface' with type 'ros.ament_cmake' and name 'detect_interface'
[0.330s] Level 1:colcon.colcon_core.package_identification:_identify(src/pool/detect/yolov7_obj_detect) by extensions ['ignore', 'ignore_ament_install']
[0.330s] Level 1:colcon.colcon_core.package_identification:_identify(src/pool/detect/yolov7_obj_detect) by extension 'ignore'
[0.330s] Level 1:colcon.colcon_core.package_identification:_identify(src/pool/detect/yolov7_obj_detect) by extension 'ignore_ament_install'
[0.330s] Level 1:colcon.colcon_core.package_identification:_identify(src/pool/detect/yolov7_obj_detect) by extensions ['colcon_pkg']
[0.330s] Level 1:colcon.colcon_core.package_identification:_identify(src/pool/detect/yolov7_obj_detect) by extension 'colcon_pkg'
[0.331s] Level 1:colcon.colcon_core.package_identification:_identify(src/pool/detect/yolov7_obj_detect) by extensions ['colcon_meta']
[0.331s] Level 1:colcon.colcon_core.package_identification:_identify(src/pool/detect/yolov7_obj_detect) by extension 'colcon_meta'
[0.331s] Level 1:colcon.colcon_core.package_identification:_identify(src/pool/detect/yolov7_obj_detect) by extensions ['ros']
[0.331s] Level 1:colcon.colcon_core.package_identification:_identify(src/pool/detect/yolov7_obj_detect) by extension 'ros'
[0.332s] DEBUG:colcon.colcon_core.package_identification:Package 'src/pool/detect/yolov7_obj_detect' with type 'ros.ament_python' and name 'yolov7_obj_detect'
[0.332s] Level 1:colcon.colcon_core.package_identification:_identify(src/pool/docker) by extensions ['ignore', 'ignore_ament_install']
[0.332s] Level 1:colcon.colcon_core.package_identification:_identify(src/pool/docker) by extension 'ignore'
[0.332s] Level 1:colcon.colcon_core.package_identification:_identify(src/pool/docker) by extension 'ignore_ament_install'
[0.332s] Level 1:colcon.colcon_core.package_identification:_identify(src/pool/docker) by extensions ['colcon_pkg']
[0.332s] Level 1:colcon.colcon_core.package_identification:_identify(src/pool/docker) by extension 'colcon_pkg'
[0.332s] Level 1:colcon.colcon_core.package_identification:_identify(src/pool/docker) by extensions ['colcon_meta']
[0.332s] Level 1:colcon.colcon_core.package_identification:_identify(src/pool/docker) by extension 'colcon_meta'
[0.332s] Level 1:colcon.colcon_core.package_identification:_identify(src/pool/docker) by extensions ['ros']
[0.332s] Level 1:colcon.colcon_core.package_identification:_identify(src/pool/docker) by extension 'ros'
[0.332s] Level 1:colcon.colcon_core.package_identification:_identify(src/pool/docker) by extensions ['cmake', 'python']
[0.332s] Level 1:colcon.colcon_core.package_identification:_identify(src/pool/docker) by extension 'cmake'
[0.332s] Level 1:colcon.colcon_core.package_identification:_identify(src/pool/docker) by extension 'python'
[0.333s] Level 1:colcon.colcon_core.package_identification:_identify(src/pool/docker) by extensions ['python_setup_py']
[0.333s] Level 1:colcon.colcon_core.package_identification:_identify(src/pool/docker) by extension 'python_setup_py'
[0.333s] Level 1:colcon.colcon_core.package_identification:_identify(src/pool/docker/compose) by extensions ['ignore', 'ignore_ament_install']
[0.333s] Level 1:colcon.colcon_core.package_identification:_identify(src/pool/docker/compose) by extension 'ignore'
[0.333s] Level 1:colcon.colcon_core.package_identification:_identify(src/pool/docker/compose) by extension 'ignore_ament_install'
[0.333s] Level 1:colcon.colcon_core.package_identification:_identify(src/pool/docker/compose) by extensions ['colcon_pkg']
[0.333s] Level 1:colcon.colcon_core.package_identification:_identify(src/pool/docker/compose) by extension 'colcon_pkg'
[0.333s] Level 1:colcon.colcon_core.package_identification:_identify(src/pool/docker/compose) by extensions ['colcon_meta']
[0.333s] Level 1:colcon.colcon_core.package_identification:_identify(src/pool/docker/compose) by extension 'colcon_meta'
[0.333s] Level 1:colcon.colcon_core.package_identification:_identify(src/pool/docker/compose) by extensions ['ros']
[0.333s] Level 1:colcon.colcon_core.package_identification:_identify(src/pool/docker/compose) by extension 'ros'
[0.333s] Level 1:colcon.colcon_core.package_identification:_identify(src/pool/docker/compose) by extensions ['cmake', 'python']
[0.333s] Level 1:colcon.colcon_core.package_identification:_identify(src/pool/docker/compose) by extension 'cmake'
[0.333s] Level 1:colcon.colcon_core.package_identification:_identify(src/pool/docker/compose) by extension 'python'
[0.333s] Level 1:colcon.colcon_core.package_identification:_identify(src/pool/docker/compose) by extensions ['python_setup_py']
[0.333s] Level 1:colcon.colcon_core.package_identification:_identify(src/pool/docker/compose) by extension 'python_setup_py'
[0.333s] Level 1:colcon.colcon_core.package_identification:_identify(src/pool/docker/compose/config) by extensions ['ignore', 'ignore_ament_install']
[0.333s] Level 1:colcon.colcon_core.package_identification:_identify(src/pool/docker/compose/config) by extension 'ignore'
[0.333s] Level 1:colcon.colcon_core.package_identification:_identify(src/pool/docker/compose/config) by extension 'ignore_ament_install'
[0.333s] Level 1:colcon.colcon_core.package_identification:_identify(src/pool/docker/compose/config) by extensions ['colcon_pkg']
[0.333s] Level 1:colcon.colcon_core.package_identification:_identify(src/pool/docker/compose/config) by extension 'colcon_pkg'
[0.333s] Level 1:colcon.colcon_core.package_identification:_identify(src/pool/docker/compose/config) by extensions ['colcon_meta']
[0.333s] Level 1:colcon.colcon_core.package_identification:_identify(src/pool/docker/compose/config) by extension 'colcon_meta'
[0.333s] Level 1:colcon.colcon_core.package_identification:_identify(src/pool/docker/compose/config) by extensions ['ros']
[0.333s] Level 1:colcon.colcon_core.package_identification:_identify(src/pool/docker/compose/config) by extension 'ros'
[0.334s] Level 1:colcon.colcon_core.package_identification:_identify(src/pool/docker/compose/config) by extensions ['cmake', 'python']
[0.334s] Level 1:colcon.colcon_core.package_identification:_identify(src/pool/docker/compose/config) by extension 'cmake'
[0.334s] Level 1:colcon.colcon_core.package_identification:_identify(src/pool/docker/compose/config) by extension 'python'
[0.334s] Level 1:colcon.colcon_core.package_identification:_identify(src/pool/docker/compose/config) by extensions ['python_setup_py']
[0.334s] Level 1:colcon.colcon_core.package_identification:_identify(src/pool/docker/compose/config) by extension 'python_setup_py'
[0.334s] Level 1:colcon.colcon_core.package_identification:_identify(src/pool/docker/compose/config/pip) by extensions ['ignore', 'ignore_ament_install']
[0.334s] Level 1:colcon.colcon_core.package_identification:_identify(src/pool/docker/compose/config/pip) by extension 'ignore'
[0.334s] Level 1:colcon.colcon_core.package_identification:_identify(src/pool/docker/compose/config/pip) by extension 'ignore_ament_install'
[0.334s] Level 1:colcon.colcon_core.package_identification:_identify(src/pool/docker/compose/config/pip) by extensions ['colcon_pkg']
[0.334s] Level 1:colcon.colcon_core.package_identification:_identify(src/pool/docker/compose/config/pip) by extension 'colcon_pkg'
[0.334s] Level 1:colcon.colcon_core.package_identification:_identify(src/pool/docker/compose/config/pip) by extensions ['colcon_meta']
[0.334s] Level 1:colcon.colcon_core.package_identification:_identify(src/pool/docker/compose/config/pip) by extension 'colcon_meta'
[0.334s] Level 1:colcon.colcon_core.package_identification:_identify(src/pool/docker/compose/config/pip) by extensions ['ros']
[0.334s] Level 1:colcon.colcon_core.package_identification:_identify(src/pool/docker/compose/config/pip) by extension 'ros'
[0.334s] Level 1:colcon.colcon_core.package_identification:_identify(src/pool/docker/compose/config/pip) by extensions ['cmake', 'python']
[0.334s] Level 1:colcon.colcon_core.package_identification:_identify(src/pool/docker/compose/config/pip) by extension 'cmake'
[0.334s] Level 1:colcon.colcon_core.package_identification:_identify(src/pool/docker/compose/config/pip) by extension 'python'
[0.334s] Level 1:colcon.colcon_core.package_identification:_identify(src/pool/docker/compose/config/pip) by extensions ['python_setup_py']
[0.334s] Level 1:colcon.colcon_core.package_identification:_identify(src/pool/docker/compose/config/pip) by extension 'python_setup_py'
[0.334s] Level 1:colcon.colcon_core.package_identification:_identify(src/pool/docker/compose/config/shell) by extensions ['ignore', 'ignore_ament_install']
[0.335s] Level 1:colcon.colcon_core.package_identification:_identify(src/pool/docker/compose/config/shell) by extension 'ignore'
[0.335s] Level 1:colcon.colcon_core.package_identification:_identify(src/pool/docker/compose/config/shell) by extension 'ignore_ament_install'
[0.335s] Level 1:colcon.colcon_core.package_identification:_identify(src/pool/docker/compose/config/shell) by extensions ['colcon_pkg']
[0.335s] Level 1:colcon.colcon_core.package_identification:_identify(src/pool/docker/compose/config/shell) by extension 'colcon_pkg'
[0.335s] Level 1:colcon.colcon_core.package_identification:_identify(src/pool/docker/compose/config/shell) by extensions ['colcon_meta']
[0.335s] Level 1:colcon.colcon_core.package_identification:_identify(src/pool/docker/compose/config/shell) by extension 'colcon_meta'
[0.335s] Level 1:colcon.colcon_core.package_identification:_identify(src/pool/docker/compose/config/shell) by extensions ['ros']
[0.335s] Level 1:colcon.colcon_core.package_identification:_identify(src/pool/docker/compose/config/shell) by extension 'ros'
[0.335s] Level 1:colcon.colcon_core.package_identification:_identify(src/pool/docker/compose/config/shell) by extensions ['cmake', 'python']
[0.335s] Level 1:colcon.colcon_core.package_identification:_identify(src/pool/docker/compose/config/shell) by extension 'cmake'
[0.335s] Level 1:colcon.colcon_core.package_identification:_identify(src/pool/docker/compose/config/shell) by extension 'python'
[0.335s] Level 1:colcon.colcon_core.package_identification:_identify(src/pool/docker/compose/config/shell) by extensions ['python_setup_py']
[0.336s] Level 1:colcon.colcon_core.package_identification:_identify(src/pool/docker/compose/config/shell) by extension 'python_setup_py'
[0.336s] Level 1:colcon.colcon_core.package_identification:_identify(src/pool/docker/compose/config/shell/terminator) by extensions ['ignore', 'ignore_ament_install']
[0.336s] Level 1:colcon.colcon_core.package_identification:_identify(src/pool/docker/compose/config/shell/terminator) by extension 'ignore'
[0.336s] Level 1:colcon.colcon_core.package_identification:_identify(src/pool/docker/compose/config/shell/terminator) by extension 'ignore_ament_install'
[0.336s] Level 1:colcon.colcon_core.package_identification:_identify(src/pool/docker/compose/config/shell/terminator) by extensions ['colcon_pkg']
[0.336s] Level 1:colcon.colcon_core.package_identification:_identify(src/pool/docker/compose/config/shell/terminator) by extension 'colcon_pkg'
[0.336s] Level 1:colcon.colcon_core.package_identification:_identify(src/pool/docker/compose/config/shell/terminator) by extensions ['colcon_meta']
[0.336s] Level 1:colcon.colcon_core.package_identification:_identify(src/pool/docker/compose/config/shell/terminator) by extension 'colcon_meta'
[0.336s] Level 1:colcon.colcon_core.package_identification:_identify(src/pool/docker/compose/config/shell/terminator) by extensions ['ros']
[0.336s] Level 1:colcon.colcon_core.package_identification:_identify(src/pool/docker/compose/config/shell/terminator) by extension 'ros'
[0.336s] Level 1:colcon.colcon_core.package_identification:_identify(src/pool/docker/compose/config/shell/terminator) by extensions ['cmake', 'python']
[0.336s] Level 1:colcon.colcon_core.package_identification:_identify(src/pool/docker/compose/config/shell/terminator) by extension 'cmake'
[0.336s] Level 1:colcon.colcon_core.package_identification:_identify(src/pool/docker/compose/config/shell/terminator) by extension 'python'
[0.336s] Level 1:colcon.colcon_core.package_identification:_identify(src/pool/docker/compose/config/shell/terminator) by extensions ['python_setup_py']
[0.336s] Level 1:colcon.colcon_core.package_identification:_identify(src/pool/docker/compose/config/shell/terminator) by extension 'python_setup_py'
[0.336s] Level 1:colcon.colcon_core.package_identification:_identify(src/pool/docker/compose/config/shell/tmux) by extensions ['ignore', 'ignore_ament_install']
[0.337s] Level 1:colcon.colcon_core.package_identification:_identify(src/pool/docker/compose/config/shell/tmux) by extension 'ignore'
[0.337s] Level 1:colcon.colcon_core.package_identification:_identify(src/pool/docker/compose/config/shell/tmux) by extension 'ignore_ament_install'
[0.337s] Level 1:colcon.colcon_core.package_identification:_identify(src/pool/docker/compose/config/shell/tmux) by extensions ['colcon_pkg']
[0.337s] Level 1:colcon.colcon_core.package_identification:_identify(src/pool/docker/compose/config/shell/tmux) by extension 'colcon_pkg'
[0.337s] Level 1:colcon.colcon_core.package_identification:_identify(src/pool/docker/compose/config/shell/tmux) by extensions ['colcon_meta']
[0.337s] Level 1:colcon.colcon_core.package_identification:_identify(src/pool/docker/compose/config/shell/tmux) by extension 'colcon_meta'
[0.337s] Level 1:colcon.colcon_core.package_identification:_identify(src/pool/docker/compose/config/shell/tmux) by extensions ['ros']
[0.337s] Level 1:colcon.colcon_core.package_identification:_identify(src/pool/docker/compose/config/shell/tmux) by extension 'ros'
[0.337s] Level 1:colcon.colcon_core.package_identification:_identify(src/pool/docker/compose/config/shell/tmux) by extensions ['cmake', 'python']
[0.337s] Level 1:colcon.colcon_core.package_identification:_identify(src/pool/docker/compose/config/shell/tmux) by extension 'cmake'
[0.337s] Level 1:colcon.colcon_core.package_identification:_identify(src/pool/docker/compose/config/shell/tmux) by extension 'python'
[0.337s] Level 1:colcon.colcon_core.package_identification:_identify(src/pool/docker/compose/config/shell/tmux) by extensions ['python_setup_py']
[0.337s] Level 1:colcon.colcon_core.package_identification:_identify(src/pool/docker/compose/config/shell/tmux) by extension 'python_setup_py'
[0.338s] Level 1:colcon.colcon_core.package_identification:_identify(src/pool/docker/config) by extensions ['ignore', 'ignore_ament_install']
[0.338s] Level 1:colcon.colcon_core.package_identification:_identify(src/pool/docker/config) by extension 'ignore'
[0.338s] Level 1:colcon.colcon_core.package_identification:_identify(src/pool/docker/config) by extension 'ignore_ament_install'
[0.338s] Level 1:colcon.colcon_core.package_identification:_identify(src/pool/docker/config) by extensions ['colcon_pkg']
[0.338s] Level 1:colcon.colcon_core.package_identification:_identify(src/pool/docker/config) by extension 'colcon_pkg'
[0.338s] Level 1:colcon.colcon_core.package_identification:_identify(src/pool/docker/config) by extensions ['colcon_meta']
[0.338s] Level 1:colcon.colcon_core.package_identification:_identify(src/pool/docker/config) by extension 'colcon_meta'
[0.338s] Level 1:colcon.colcon_core.package_identification:_identify(src/pool/docker/config) by extensions ['ros']
[0.338s] Level 1:colcon.colcon_core.package_identification:_identify(src/pool/docker/config) by extension 'ros'
[0.338s] Level 1:colcon.colcon_core.package_identification:_identify(src/pool/docker/config) by extensions ['cmake', 'python']
[0.338s] Level 1:colcon.colcon_core.package_identification:_identify(src/pool/docker/config) by extension 'cmake'
[0.338s] Level 1:colcon.colcon_core.package_identification:_identify(src/pool/docker/config) by extension 'python'
[0.338s] Level 1:colcon.colcon_core.package_identification:_identify(src/pool/docker/config) by extensions ['python_setup_py']
[0.338s] Level 1:colcon.colcon_core.package_identification:_identify(src/pool/docker/config) by extension 'python_setup_py'
[0.338s] Level 1:colcon.colcon_core.package_identification:_identify(src/pool/docker/config/pip) by extensions ['ignore', 'ignore_ament_install']
[0.338s] Level 1:colcon.colcon_core.package_identification:_identify(src/pool/docker/config/pip) by extension 'ignore'
[0.338s] Level 1:colcon.colcon_core.package_identification:_identify(src/pool/docker/config/pip) by extension 'ignore_ament_install'
[0.338s] Level 1:colcon.colcon_core.package_identification:_identify(src/pool/docker/config/pip) by extensions ['colcon_pkg']
[0.338s] Level 1:colcon.colcon_core.package_identification:_identify(src/pool/docker/config/pip) by extension 'colcon_pkg'
[0.338s] Level 1:colcon.colcon_core.package_identification:_identify(src/pool/docker/config/pip) by extensions ['colcon_meta']
[0.338s] Level 1:colcon.colcon_core.package_identification:_identify(src/pool/docker/config/pip) by extension 'colcon_meta'
[0.338s] Level 1:colcon.colcon_core.package_identification:_identify(src/pool/docker/config/pip) by extensions ['ros']
[0.338s] Level 1:colcon.colcon_core.package_identification:_identify(src/pool/docker/config/pip) by extension 'ros'
[0.339s] Level 1:colcon.colcon_core.package_identification:_identify(src/pool/docker/config/pip) by extensions ['cmake', 'python']
[0.339s] Level 1:colcon.colcon_core.package_identification:_identify(src/pool/docker/config/pip) by extension 'cmake'
[0.339s] Level 1:colcon.colcon_core.package_identification:_identify(src/pool/docker/config/pip) by extension 'python'
[0.339s] Level 1:colcon.colcon_core.package_identification:_identify(src/pool/docker/config/pip) by extensions ['python_setup_py']
[0.339s] Level 1:colcon.colcon_core.package_identification:_identify(src/pool/docker/config/pip) by extension 'python_setup_py'
[0.339s] Level 1:colcon.colcon_core.package_identification:_identify(src/pool/docker/config/shell) by extensions ['ignore', 'ignore_ament_install']
[0.339s] Level 1:colcon.colcon_core.package_identification:_identify(src/pool/docker/config/shell) by extension 'ignore'
[0.339s] Level 1:colcon.colcon_core.package_identification:_identify(src/pool/docker/config/shell) by extension 'ignore_ament_install'
[0.339s] Level 1:colcon.colcon_core.package_identification:_identify(src/pool/docker/config/shell) by extensions ['colcon_pkg']
[0.339s] Level 1:colcon.colcon_core.package_identification:_identify(src/pool/docker/config/shell) by extension 'colcon_pkg'
[0.339s] Level 1:colcon.colcon_core.package_identification:_identify(src/pool/docker/config/shell) by extensions ['colcon_meta']
[0.339s] Level 1:colcon.colcon_core.package_identification:_identify(src/pool/docker/config/shell) by extension 'colcon_meta'
[0.339s] Level 1:colcon.colcon_core.package_identification:_identify(src/pool/docker/config/shell) by extensions ['ros']
[0.339s] Level 1:colcon.colcon_core.package_identification:_identify(src/pool/docker/config/shell) by extension 'ros'
[0.339s] Level 1:colcon.colcon_core.package_identification:_identify(src/pool/docker/config/shell) by extensions ['cmake', 'python']
[0.339s] Level 1:colcon.colcon_core.package_identification:_identify(src/pool/docker/config/shell) by extension 'cmake'
[0.339s] Level 1:colcon.colcon_core.package_identification:_identify(src/pool/docker/config/shell) by extension 'python'
[0.339s] Level 1:colcon.colcon_core.package_identification:_identify(src/pool/docker/config/shell) by extensions ['python_setup_py']
[0.339s] Level 1:colcon.colcon_core.package_identification:_identify(src/pool/docker/config/shell) by extension 'python_setup_py'
[0.339s] Level 1:colcon.colcon_core.package_identification:_identify(src/pool/docker/config/shell/terminator) by extensions ['ignore', 'ignore_ament_install']
[0.339s] Level 1:colcon.colcon_core.package_identification:_identify(src/pool/docker/config/shell/terminator) by extension 'ignore'
[0.339s] Level 1:colcon.colcon_core.package_identification:_identify(src/pool/docker/config/shell/terminator) by extension 'ignore_ament_install'
[0.340s] Level 1:colcon.colcon_core.package_identification:_identify(src/pool/docker/config/shell/terminator) by extensions ['colcon_pkg']
[0.340s] Level 1:colcon.colcon_core.package_identification:_identify(src/pool/docker/config/shell/terminator) by extension 'colcon_pkg'
[0.340s] Level 1:colcon.colcon_core.package_identification:_identify(src/pool/docker/config/shell/terminator) by extensions ['colcon_meta']
[0.340s] Level 1:colcon.colcon_core.package_identification:_identify(src/pool/docker/config/shell/terminator) by extension 'colcon_meta'
[0.340s] Level 1:colcon.colcon_core.package_identification:_identify(src/pool/docker/config/shell/terminator) by extensions ['ros']
[0.340s] Level 1:colcon.colcon_core.package_identification:_identify(src/pool/docker/config/shell/terminator) by extension 'ros'
[0.340s] Level 1:colcon.colcon_core.package_identification:_identify(src/pool/docker/config/shell/terminator) by extensions ['cmake', 'python']
[0.340s] Level 1:colcon.colcon_core.package_identification:_identify(src/pool/docker/config/shell/terminator) by extension 'cmake'
[0.340s] Level 1:colcon.colcon_core.package_identification:_identify(src/pool/docker/config/shell/terminator) by extension 'python'
[0.340s] Level 1:colcon.colcon_core.package_identification:_identify(src/pool/docker/config/shell/terminator) by extensions ['python_setup_py']
[0.340s] Level 1:colcon.colcon_core.package_identification:_identify(src/pool/docker/config/shell/terminator) by extension 'python_setup_py'
[0.340s] Level 1:colcon.colcon_core.package_identification:_identify(src/pool/docker/config/shell/tmux) by extensions ['ignore', 'ignore_ament_install']
[0.340s] Level 1:colcon.colcon_core.package_identification:_identify(src/pool/docker/config/shell/tmux) by extension 'ignore'
[0.340s] Level 1:colcon.colcon_core.package_identification:_identify(src/pool/docker/config/shell/tmux) by extension 'ignore_ament_install'
[0.340s] Level 1:colcon.colcon_core.package_identification:_identify(src/pool/docker/config/shell/tmux) by extensions ['colcon_pkg']
[0.340s] Level 1:colcon.colcon_core.package_identification:_identify(src/pool/docker/config/shell/tmux) by extension 'colcon_pkg'
[0.340s] Level 1:colcon.colcon_core.package_identification:_identify(src/pool/docker/config/shell/tmux) by extensions ['colcon_meta']
[0.340s] Level 1:colcon.colcon_core.package_identification:_identify(src/pool/docker/config/shell/tmux) by extension 'colcon_meta'
[0.340s] Level 1:colcon.colcon_core.package_identification:_identify(src/pool/docker/config/shell/tmux) by extensions ['ros']
[0.340s] Level 1:colcon.colcon_core.package_identification:_identify(src/pool/docker/config/shell/tmux) by extension 'ros'
[0.340s] Level 1:colcon.colcon_core.package_identification:_identify(src/pool/docker/config/shell/tmux) by extensions ['cmake', 'python']
[0.340s] Level 1:colcon.colcon_core.package_identification:_identify(src/pool/docker/config/shell/tmux) by extension 'cmake'
[0.340s] Level 1:colcon.colcon_core.package_identification:_identify(src/pool/docker/config/shell/tmux) by extension 'python'
[0.340s] Level 1:colcon.colcon_core.package_identification:_identify(src/pool/docker/config/shell/tmux) by extensions ['python_setup_py']
[0.340s] Level 1:colcon.colcon_core.package_identification:_identify(src/pool/docker/config/shell/tmux) by extension 'python_setup_py'
[0.340s] Level 1:colcon.colcon_core.package_identification:_identify(src/pool/realsense-ros) by extensions ['ignore', 'ignore_ament_install']
[0.341s] Level 1:colcon.colcon_core.package_identification:_identify(src/pool/realsense-ros) by extension 'ignore'
[0.341s] Level 1:colcon.colcon_core.package_identification:_identify(src/pool/realsense-ros) by extension 'ignore_ament_install'
[0.341s] Level 1:colcon.colcon_core.package_identification:_identify(src/pool/realsense-ros) by extensions ['colcon_pkg']
[0.341s] Level 1:colcon.colcon_core.package_identification:_identify(src/pool/realsense-ros) by extension 'colcon_pkg'
[0.341s] Level 1:colcon.colcon_core.package_identification:_identify(src/pool/realsense-ros) by extensions ['colcon_meta']
[0.341s] Level 1:colcon.colcon_core.package_identification:_identify(src/pool/realsense-ros) by extension 'colcon_meta'
[0.341s] Level 1:colcon.colcon_core.package_identification:_identify(src/pool/realsense-ros) by extensions ['ros']
[0.341s] Level 1:colcon.colcon_core.package_identification:_identify(src/pool/realsense-ros) by extension 'ros'
[0.341s] Level 1:colcon.colcon_core.package_identification:_identify(src/pool/realsense-ros) by extensions ['cmake', 'python']
[0.341s] Level 1:colcon.colcon_core.package_identification:_identify(src/pool/realsense-ros) by extension 'cmake'
[0.341s] Level 1:colcon.colcon_core.package_identification:_identify(src/pool/realsense-ros) by extension 'python'
[0.341s] Level 1:colcon.colcon_core.package_identification:_identify(src/pool/realsense-ros) by extensions ['python_setup_py']
[0.341s] Level 1:colcon.colcon_core.package_identification:_identify(src/pool/realsense-ros) by extension 'python_setup_py'
[0.341s] Level 1:colcon.colcon_core.package_identification:_identify(src/pool/realsense-ros/realsense2_camera) by extensions ['ignore', 'ignore_ament_install']
[0.341s] Level 1:colcon.colcon_core.package_identification:_identify(src/pool/realsense-ros/realsense2_camera) by extension 'ignore'
[0.341s] Level 1:colcon.colcon_core.package_identification:_identify(src/pool/realsense-ros/realsense2_camera) by extension 'ignore_ament_install'
[0.341s] Level 1:colcon.colcon_core.package_identification:_identify(src/pool/realsense-ros/realsense2_camera) by extensions ['colcon_pkg']
[0.341s] Level 1:colcon.colcon_core.package_identification:_identify(src/pool/realsense-ros/realsense2_camera) by extension 'colcon_pkg'
[0.341s] Level 1:colcon.colcon_core.package_identification:_identify(src/pool/realsense-ros/realsense2_camera) by extensions ['colcon_meta']
[0.341s] Level 1:colcon.colcon_core.package_identification:_identify(src/pool/realsense-ros/realsense2_camera) by extension 'colcon_meta'
[0.341s] Level 1:colcon.colcon_core.package_identification:_identify(src/pool/realsense-ros/realsense2_camera) by extensions ['ros']
[0.341s] Level 1:colcon.colcon_core.package_identification:_identify(src/pool/realsense-ros/realsense2_camera) by extension 'ros'
[0.347s] DEBUG:colcon.colcon_core.package_identification:Package 'src/pool/realsense-ros/realsense2_camera' with type 'ros.ament_cmake' and name 'realsense2_camera'
[0.348s] Level 1:colcon.colcon_core.package_identification:_identify(src/pool/realsense-ros/realsense2_camera_msgs) by extensions ['ignore', 'ignore_ament_install']
[0.348s] Level 1:colcon.colcon_core.package_identification:_identify(src/pool/realsense-ros/realsense2_camera_msgs) by extension 'ignore'
[0.348s] Level 1:colcon.colcon_core.package_identification:_identify(src/pool/realsense-ros/realsense2_camera_msgs) by extension 'ignore_ament_install'
[0.348s] Level 1:colcon.colcon_core.package_identification:_identify(src/pool/realsense-ros/realsense2_camera_msgs) by extensions ['colcon_pkg']
[0.348s] Level 1:colcon.colcon_core.package_identification:_identify(src/pool/realsense-ros/realsense2_camera_msgs) by extension 'colcon_pkg'
[0.348s] Level 1:colcon.colcon_core.package_identification:_identify(src/pool/realsense-ros/realsense2_camera_msgs) by extensions ['colcon_meta']
[0.348s] Level 1:colcon.colcon_core.package_identification:_identify(src/pool/realsense-ros/realsense2_camera_msgs) by extension 'colcon_meta'
[0.348s] Level 1:colcon.colcon_core.package_identification:_identify(src/pool/realsense-ros/realsense2_camera_msgs) by extensions ['ros']
[0.348s] Level 1:colcon.colcon_core.package_identification:_identify(src/pool/realsense-ros/realsense2_camera_msgs) by extension 'ros'
[0.349s] DEBUG:colcon.colcon_core.package_identification:Package 'src/pool/realsense-ros/realsense2_camera_msgs' with type 'ros.ament_cmake' and name 'realsense2_camera_msgs'
[0.349s] Level 1:colcon.colcon_core.package_identification:_identify(src/pool/realsense-ros/realsense2_description) by extensions ['ignore', 'ignore_ament_install']
[0.349s] Level 1:colcon.colcon_core.package_identification:_identify(src/pool/realsense-ros/realsense2_description) by extension 'ignore'
[0.349s] Level 1:colcon.colcon_core.package_identification:_identify(src/pool/realsense-ros/realsense2_description) by extension 'ignore_ament_install'
[0.349s] Level 1:colcon.colcon_core.package_identification:_identify(src/pool/realsense-ros/realsense2_description) by extensions ['colcon_pkg']
[0.349s] Level 1:colcon.colcon_core.package_identification:_identify(src/pool/realsense-ros/realsense2_description) by extension 'colcon_pkg'
[0.349s] Level 1:colcon.colcon_core.package_identification:_identify(src/pool/realsense-ros/realsense2_description) by extensions ['colcon_meta']
[0.349s] Level 1:colcon.colcon_core.package_identification:_identify(src/pool/realsense-ros/realsense2_description) by extension 'colcon_meta'
[0.349s] Level 1:colcon.colcon_core.package_identification:_identify(src/pool/realsense-ros/realsense2_description) by extensions ['ros']
[0.349s] Level 1:colcon.colcon_core.package_identification:_identify(src/pool/realsense-ros/realsense2_description) by extension 'ros'
[0.350s] DEBUG:colcon.colcon_core.package_identification:Package 'src/pool/realsense-ros/realsense2_description' with type 'ros.ament_cmake' and name 'realsense2_description'
[0.350s] Level 1:colcon.colcon_core.package_identification:_identify(src/pool/realsense-ros/scripts) by extensions ['ignore', 'ignore_ament_install']
[0.350s] Level 1:colcon.colcon_core.package_identification:_identify(src/pool/realsense-ros/scripts) by extension 'ignore'
[0.350s] Level 1:colcon.colcon_core.package_identification:_identify(src/pool/realsense-ros/scripts) by extension 'ignore_ament_install'
[0.350s] Level 1:colcon.colcon_core.package_identification:_identify(src/pool/realsense-ros/scripts) by extensions ['colcon_pkg']
[0.350s] Level 1:colcon.colcon_core.package_identification:_identify(src/pool/realsense-ros/scripts) by extension 'colcon_pkg'
[0.350s] Level 1:colcon.colcon_core.package_identification:_identify(src/pool/realsense-ros/scripts) by extensions ['colcon_meta']
[0.350s] Level 1:colcon.colcon_core.package_identification:_identify(src/pool/realsense-ros/scripts) by extension 'colcon_meta'
[0.350s] Level 1:colcon.colcon_core.package_identification:_identify(src/pool/realsense-ros/scripts) by extensions ['ros']
[0.350s] Level 1:colcon.colcon_core.package_identification:_identify(src/pool/realsense-ros/scripts) by extension 'ros'
[0.351s] Level 1:colcon.colcon_core.package_identification:_identify(src/pool/realsense-ros/scripts) by extensions ['cmake', 'python']
[0.351s] Level 1:colcon.colcon_core.package_identification:_identify(src/pool/realsense-ros/scripts) by extension 'cmake'
[0.351s] Level 1:colcon.colcon_core.package_identification:_identify(src/pool/realsense-ros/scripts) by extension 'python'
[0.351s] Level 1:colcon.colcon_core.package_identification:_identify(src/pool/realsense-ros/scripts) by extensions ['python_setup_py']
[0.351s] Level 1:colcon.colcon_core.package_identification:_identify(src/pool/realsense-ros/scripts) by extension 'python_setup_py'
[0.351s] Level 1:colcon.colcon_core.package_identification:_identify(src/pool/view) by extensions ['ignore', 'ignore_ament_install']
[0.351s] Level 1:colcon.colcon_core.package_identification:_identify(src/pool/view) by extension 'ignore'
[0.351s] Level 1:colcon.colcon_core.package_identification:_identify(src/pool/view) by extension 'ignore_ament_install'
[0.351s] Level 1:colcon.colcon_core.package_identification:_identify(src/pool/view) by extensions ['colcon_pkg']
[0.351s] Level 1:colcon.colcon_core.package_identification:_identify(src/pool/view) by extension 'colcon_pkg'
[0.351s] Level 1:colcon.colcon_core.package_identification:_identify(src/pool/view) by extensions ['colcon_meta']
[0.351s] Level 1:colcon.colcon_core.package_identification:_identify(src/pool/view) by extension 'colcon_meta'
[0.351s] Level 1:colcon.colcon_core.package_identification:_identify(src/pool/view) by extensions ['ros']
[0.351s] Level 1:colcon.colcon_core.package_identification:_identify(src/pool/view) by extension 'ros'
[0.351s] Level 1:colcon.colcon_core.package_identification:_identify(src/pool/view) by extensions ['cmake', 'python']
[0.351s] Level 1:colcon.colcon_core.package_identification:_identify(src/pool/view) by extension 'cmake'
[0.351s] Level 1:colcon.colcon_core.package_identification:_identify(src/pool/view) by extension 'python'
[0.351s] Level 1:colcon.colcon_core.package_identification:_identify(src/pool/view) by extensions ['python_setup_py']
[0.351s] Level 1:colcon.colcon_core.package_identification:_identify(src/pool/view) by extension 'python_setup_py'
[0.352s] Level 1:colcon.colcon_core.package_discovery:discover_packages(recursive) using defaults
[0.352s] Level 1:colcon.colcon_core.package_discovery:discover_packages(ignore) discover
[0.352s] Level 1:colcon.colcon_core.package_discovery:discover_packages(ignore) using defaults
[0.352s] Level 1:colcon.colcon_core.package_discovery:discover_packages(path) discover
[0.352s] Level 1:colcon.colcon_core.package_discovery:discover_packages(path) using defaults
[0.390s] Level 1:colcon.colcon_core.package_discovery:discover_packages(prefix_path) check parameters
[0.390s] Level 1:colcon.colcon_core.package_discovery:discover_packages(prefix_path) discover
[0.393s] DEBUG:colcon.colcon_installed_package_information.package_discovery:Found 11 installed packages in /home/jack/work/install
[0.396s] DEBUG:colcon.colcon_installed_package_information.package_discovery:Found 279 installed packages in /opt/ros/humble
[0.398s] Level 1:colcon.colcon_core.package_discovery:discover_packages(prefix_path) using defaults
[0.438s] Level 5:colcon.colcon_core.verb:set package 'detect_interface' build argument 'cmake_args' from command line to 'None'
[0.439s] Level 5:colcon.colcon_core.verb:set package 'detect_interface' build argument 'cmake_target' from command line to 'None'
[0.439s] Level 5:colcon.colcon_core.verb:set package 'detect_interface' build argument 'cmake_target_skip_unavailable' from command line to 'False'
[0.439s] Level 5:colcon.colcon_core.verb:set package 'detect_interface' build argument 'cmake_clean_cache' from command line to 'False'
[0.439s] Level 5:colcon.colcon_core.verb:set package 'detect_interface' build argument 'cmake_clean_first' from command line to 'False'
[0.439s] Level 5:colcon.colcon_core.verb:set package 'detect_interface' build argument 'cmake_force_configure' from command line to 'False'
[0.439s] Level 5:colcon.colcon_core.verb:set package 'detect_interface' build argument 'ament_cmake_args' from command line to 'None'
[0.439s] Level 5:colcon.colcon_core.verb:set package 'detect_interface' build argument 'catkin_cmake_args' from command line to 'None'
[0.439s] Level 5:colcon.colcon_core.verb:set package 'detect_interface' build argument 'catkin_skip_building_tests' from command line to 'False'
[0.439s] DEBUG:colcon.colcon_core.verb:Building package 'detect_interface' with the following arguments: {'ament_cmake_args': None, 'build_base': '/home/jack/work/build/detect_interface', 'catkin_cmake_args': None, 'catkin_skip_building_tests': False, 'cmake_args': None, 'cmake_clean_cache': False, 'cmake_clean_first': False, 'cmake_force_configure': False, 'cmake_target': None, 'cmake_target_skip_unavailable': False, 'install_base': '/home/jack/work/install/detect_interface', 'merge_install': False, 'path': '/home/jack/work/src/pool/detect/detect_interface', 'symlink_install': False, 'test_result_base': None}
[0.440s] Level 5:colcon.colcon_core.verb:set package 'hiwin_example' build argument 'cmake_args' from command line to 'None'
[0.440s] Level 5:colcon.colcon_core.verb:set package 'hiwin_example' build argument 'cmake_target' from command line to 'None'
[0.440s] Level 5:colcon.colcon_core.verb:set package 'hiwin_example' build argument 'cmake_target_skip_unavailable' from command line to 'False'
[0.440s] Level 5:colcon.colcon_core.verb:set package 'hiwin_example' build argument 'cmake_clean_cache' from command line to 'False'
[0.440s] Level 5:colcon.colcon_core.verb:set package 'hiwin_example' build argument 'cmake_clean_first' from command line to 'False'
[0.440s] Level 5:colcon.colcon_core.verb:set package 'hiwin_example' build argument 'cmake_force_configure' from command line to 'False'
[0.440s] Level 5:colcon.colcon_core.verb:set package 'hiwin_example' build argument 'ament_cmake_args' from command line to 'None'
[0.440s] Level 5:colcon.colcon_core.verb:set package 'hiwin_example' build argument 'catkin_cmake_args' from command line to 'None'
[0.440s] Level 5:colcon.colcon_core.verb:set package 'hiwin_example' build argument 'catkin_skip_building_tests' from command line to 'False'
[0.440s] DEBUG:colcon.colcon_core.verb:Building package 'hiwin_example' with the following arguments: {'ament_cmake_args': None, 'build_base': '/home/jack/work/build/hiwin_example', 'catkin_cmake_args': None, 'catkin_skip_building_tests': False, 'cmake_args': None, 'cmake_clean_cache': False, 'cmake_clean_first': False, 'cmake_force_configure': False, 'cmake_target': None, 'cmake_target_skip_unavailable': False, 'install_base': '/home/jack/work/install/hiwin_example', 'merge_install': False, 'path': '/home/jack/work/src/Hiwin_libmodbus/hiwin_example', 'symlink_install': False, 'test_result_base': None}
[0.441s] Level 5:colcon.colcon_core.verb:set package 'hiwin_interfaces' build argument 'cmake_args' from command line to 'None'
[0.441s] Level 5:colcon.colcon_core.verb:set package 'hiwin_interfaces' build argument 'cmake_target' from command line to 'None'
[0.441s] Level 5:colcon.colcon_core.verb:set package 'hiwin_interfaces' build argument 'cmake_target_skip_unavailable' from command line to 'False'
[0.441s] Level 5:colcon.colcon_core.verb:set package 'hiwin_interfaces' build argument 'cmake_clean_cache' from command line to 'False'
[0.441s] Level 5:colcon.colcon_core.verb:set package 'hiwin_interfaces' build argument 'cmake_clean_first' from command line to 'False'
[0.441s] Level 5:colcon.colcon_core.verb:set package 'hiwin_interfaces' build argument 'cmake_force_configure' from command line to 'False'
[0.441s] Level 5:colcon.colcon_core.verb:set package 'hiwin_interfaces' build argument 'ament_cmake_args' from command line to 'None'
[0.441s] Level 5:colcon.colcon_core.verb:set package 'hiwin_interfaces' build argument 'catkin_cmake_args' from command line to 'None'
[0.441s] Level 5:colcon.colcon_core.verb:set package 'hiwin_interfaces' build argument 'catkin_skip_building_tests' from command line to 'False'
[0.441s] DEBUG:colcon.colcon_core.verb:Building package 'hiwin_interfaces' with the following arguments: {'ament_cmake_args': None, 'build_base': '/home/jack/work/build/hiwin_interfaces', 'catkin_cmake_args': None, 'catkin_skip_building_tests': False, 'cmake_args': None, 'cmake_clean_cache': False, 'cmake_clean_first': False, 'cmake_force_configure': False, 'cmake_target': None, 'cmake_target_skip_unavailable': False, 'install_base': '/home/jack/work/install/hiwin_interfaces', 'merge_install': False, 'path': '/home/jack/work/src/Hiwin_libmodbus/hiwin_interfaces', 'symlink_install': False, 'test_result_base': None}
[0.442s] Level 5:colcon.colcon_core.verb:set package 'realsense2_camera_msgs' build argument 'cmake_args' from command line to 'None'
[0.442s] Level 5:colcon.colcon_core.verb:set package 'realsense2_camera_msgs' build argument 'cmake_target' from command line to 'None'
[0.442s] Level 5:colcon.colcon_core.verb:set package 'realsense2_camera_msgs' build argument 'cmake_target_skip_unavailable' from command line to 'False'
[0.442s] Level 5:colcon.colcon_core.verb:set package 'realsense2_camera_msgs' build argument 'cmake_clean_cache' from command line to 'False'
[0.442s] Level 5:colcon.colcon_core.verb:set package 'realsense2_camera_msgs' build argument 'cmake_clean_first' from command line to 'False'
[0.442s] Level 5:colcon.colcon_core.verb:set package 'realsense2_camera_msgs' build argument 'cmake_force_configure' from command line to 'False'
[0.442s] Level 5:colcon.colcon_core.verb:set package 'realsense2_camera_msgs' build argument 'ament_cmake_args' from command line to 'None'
[0.442s] Level 5:colcon.colcon_core.verb:set package 'realsense2_camera_msgs' build argument 'catkin_cmake_args' from command line to 'None'
[0.442s] Level 5:colcon.colcon_core.verb:set package 'realsense2_camera_msgs' build argument 'catkin_skip_building_tests' from command line to 'False'
[0.442s] DEBUG:colcon.colcon_core.verb:Building package 'realsense2_camera_msgs' with the following arguments: {'ament_cmake_args': None, 'build_base': '/home/jack/work/build/realsense2_camera_msgs', 'catkin_cmake_args': None, 'catkin_skip_building_tests': False, 'cmake_args': None, 'cmake_clean_cache': False, 'cmake_clean_first': False, 'cmake_force_configure': False, 'cmake_target': None, 'cmake_target_skip_unavailable': False, 'install_base': '/home/jack/work/install/realsense2_camera_msgs', 'merge_install': False, 'path': '/home/jack/work/src/pool/realsense-ros/realsense2_camera_msgs', 'symlink_install': False, 'test_result_base': None}
[0.442s] Level 5:colcon.colcon_core.verb:set package 'center' build argument 'cmake_args' from command line to 'None'
[0.442s] Level 5:colcon.colcon_core.verb:set package 'center' build argument 'cmake_target' from command line to 'None'
[0.442s] Level 5:colcon.colcon_core.verb:set package 'center' build argument 'cmake_target_skip_unavailable' from command line to 'False'
[0.442s] Level 5:colcon.colcon_core.verb:set package 'center' build argument 'cmake_clean_cache' from command line to 'False'
[0.442s] Level 5:colcon.colcon_core.verb:set package 'center' build argument 'cmake_clean_first' from command line to 'False'
[0.442s] Level 5:colcon.colcon_core.verb:set package 'center' build argument 'cmake_force_configure' from command line to 'False'
[0.442s] Level 5:colcon.colcon_core.verb:set package 'center' build argument 'ament_cmake_args' from command line to 'None'
[0.442s] Level 5:colcon.colcon_core.verb:set package 'center' build argument 'catkin_cmake_args' from command line to 'None'
[0.442s] Level 5:colcon.colcon_core.verb:set package 'center' build argument 'catkin_skip_building_tests' from command line to 'False'
[0.442s] DEBUG:colcon.colcon_core.verb:Building package 'center' with the following arguments: {'ament_cmake_args': None, 'build_base': '/home/jack/work/build/center', 'catkin_cmake_args': None, 'catkin_skip_building_tests': False, 'cmake_args': None, 'cmake_clean_cache': False, 'cmake_clean_first': False, 'cmake_force_configure': False, 'cmake_target': None, 'cmake_target_skip_unavailable': False, 'install_base': '/home/jack/work/install/center', 'merge_install': False, 'path': '/home/jack/work/src/pool/center', 'symlink_install': False, 'test_result_base': None}
[0.443s] Level 5:colcon.colcon_core.verb:set package 'hiwin_control' build argument 'cmake_args' from command line to 'None'
[0.443s] Level 5:colcon.colcon_core.verb:set package 'hiwin_control' build argument 'cmake_target' from command line to 'None'
[0.443s] Level 5:colcon.colcon_core.verb:set package 'hiwin_control' build argument 'cmake_target_skip_unavailable' from command line to 'False'
[0.443s] Level 5:colcon.colcon_core.verb:set package 'hiwin_control' build argument 'cmake_clean_cache' from command line to 'False'
[0.443s] Level 5:colcon.colcon_core.verb:set package 'hiwin_control' build argument 'cmake_clean_first' from command line to 'False'
[0.443s] Level 5:colcon.colcon_core.verb:set package 'hiwin_control' build argument 'cmake_force_configure' from command line to 'False'
[0.443s] Level 5:colcon.colcon_core.verb:set package 'hiwin_control' build argument 'ament_cmake_args' from command line to 'None'
[0.443s] Level 5:colcon.colcon_core.verb:set package 'hiwin_control' build argument 'catkin_cmake_args' from command line to 'None'
[0.443s] Level 5:colcon.colcon_core.verb:set package 'hiwin_control' build argument 'catkin_skip_building_tests' from command line to 'False'
[0.443s] DEBUG:colcon.colcon_core.verb:Building package 'hiwin_control' with the following arguments: {'ament_cmake_args': None, 'build_base': '/home/jack/work/build/hiwin_control', 'catkin_cmake_args': None, 'catkin_skip_building_tests': False, 'cmake_args': None, 'cmake_clean_cache': False, 'cmake_clean_first': False, 'cmake_force_configure': False, 'cmake_target': None, 'cmake_target_skip_unavailable': False, 'install_base': '/home/jack/work/install/hiwin_control', 'merge_install': False, 'path': '/home/jack/work/src/hiwin_control', 'symlink_install': False, 'test_result_base': None}
[0.443s] Level 5:colcon.colcon_core.verb:set package 'hiwin_libmodbus' build argument 'cmake_args' from command line to 'None'
[0.444s] Level 5:colcon.colcon_core.verb:set package 'hiwin_libmodbus' build argument 'cmake_target' from command line to 'None'
[0.444s] Level 5:colcon.colcon_core.verb:set package 'hiwin_libmodbus' build argument 'cmake_target_skip_unavailable' from command line to 'False'
[0.444s] Level 5:colcon.colcon_core.verb:set package 'hiwin_libmodbus' build argument 'cmake_clean_cache' from command line to 'False'
[0.444s] Level 5:colcon.colcon_core.verb:set package 'hiwin_libmodbus' build argument 'cmake_clean_first' from command line to 'False'
[0.444s] Level 5:colcon.colcon_core.verb:set package 'hiwin_libmodbus' build argument 'cmake_force_configure' from command line to 'False'
[0.444s] Level 5:colcon.colcon_core.verb:set package 'hiwin_libmodbus' build argument 'ament_cmake_args' from command line to 'None'
[0.444s] Level 5:colcon.colcon_core.verb:set package 'hiwin_libmodbus' build argument 'catkin_cmake_args' from command line to 'None'
[0.444s] Level 5:colcon.colcon_core.verb:set package 'hiwin_libmodbus' build argument 'catkin_skip_building_tests' from command line to 'False'
[0.444s] DEBUG:colcon.colcon_core.verb:Building package 'hiwin_libmodbus' with the following arguments: {'ament_cmake_args': None, 'build_base': '/home/jack/work/build/hiwin_libmodbus', 'catkin_cmake_args': None, 'catkin_skip_building_tests': False, 'cmake_args': None, 'cmake_clean_cache': False, 'cmake_clean_first': False, 'cmake_force_configure': False, 'cmake_target': None, 'cmake_target_skip_unavailable': False, 'install_base': '/home/jack/work/install/hiwin_libmodbus', 'merge_install': False, 'path': '/home/jack/work/src/Hiwin_libmodbus/hiwin_libmodbus', 'symlink_install': False, 'test_result_base': None}
[0.444s] Level 5:colcon.colcon_core.verb:set package 'realsense2_camera' build argument 'cmake_args' from command line to 'None'
[0.444s] Level 5:colcon.colcon_core.verb:set package 'realsense2_camera' build argument 'cmake_target' from command line to 'None'
[0.444s] Level 5:colcon.colcon_core.verb:set package 'realsense2_camera' build argument 'cmake_target_skip_unavailable' from command line to 'False'
[0.444s] Level 5:colcon.colcon_core.verb:set package 'realsense2_camera' build argument 'cmake_clean_cache' from command line to 'False'
[0.444s] Level 5:colcon.colcon_core.verb:set package 'realsense2_camera' build argument 'cmake_clean_first' from command line to 'False'
[0.444s] Level 5:colcon.colcon_core.verb:set package 'realsense2_camera' build argument 'cmake_force_configure' from command line to 'False'
[0.444s] Level 5:colcon.colcon_core.verb:set package 'realsense2_camera' build argument 'ament_cmake_args' from command line to 'None'
[0.444s] Level 5:colcon.colcon_core.verb:set package 'realsense2_camera' build argument 'catkin_cmake_args' from command line to 'None'
[0.444s] Level 5:colcon.colcon_core.verb:set package 'realsense2_camera' build argument 'catkin_skip_building_tests' from command line to 'False'
[0.444s] DEBUG:colcon.colcon_core.verb:Building package 'realsense2_camera' with the following arguments: {'ament_cmake_args': None, 'build_base': '/home/jack/work/build/realsense2_camera', 'catkin_cmake_args': None, 'catkin_skip_building_tests': False, 'cmake_args': None, 'cmake_clean_cache': False, 'cmake_clean_first': False, 'cmake_force_configure': False, 'cmake_target': None, 'cmake_target_skip_unavailable': False, 'install_base': '/home/jack/work/install/realsense2_camera', 'merge_install': False, 'path': '/home/jack/work/src/pool/realsense-ros/realsense2_camera', 'symlink_install': False, 'test_result_base': None}
[0.444s] Level 5:colcon.colcon_core.verb:set package 'realsense2_description' build argument 'cmake_args' from command line to 'None'
[0.444s] Level 5:colcon.colcon_core.verb:set package 'realsense2_description' build argument 'cmake_target' from command line to 'None'
[0.444s] Level 5:colcon.colcon_core.verb:set package 'realsense2_description' build argument 'cmake_target_skip_unavailable' from command line to 'False'
[0.444s] Level 5:colcon.colcon_core.verb:set package 'realsense2_description' build argument 'cmake_clean_cache' from command line to 'False'
[0.445s] Level 5:colcon.colcon_core.verb:set package 'realsense2_description' build argument 'cmake_clean_first' from command line to 'False'
[0.445s] Level 5:colcon.colcon_core.verb:set package 'realsense2_description' build argument 'cmake_force_configure' from command line to 'False'
[0.445s] Level 5:colcon.colcon_core.verb:set package 'realsense2_description' build argument 'ament_cmake_args' from command line to 'None'
[0.445s] Level 5:colcon.colcon_core.verb:set package 'realsense2_description' build argument 'catkin_cmake_args' from command line to 'None'
[0.445s] Level 5:colcon.colcon_core.verb:set package 'realsense2_description' build argument 'catkin_skip_building_tests' from command line to 'False'
[0.445s] DEBUG:colcon.colcon_core.verb:Building package 'realsense2_description' with the following arguments: {'ament_cmake_args': None, 'build_base': '/home/jack/work/build/realsense2_description', 'catkin_cmake_args': None, 'catkin_skip_building_tests': False, 'cmake_args': None, 'cmake_clean_cache': False, 'cmake_clean_first': False, 'cmake_force_configure': False, 'cmake_target': None, 'cmake_target_skip_unavailable': False, 'install_base': '/home/jack/work/install/realsense2_description', 'merge_install': False, 'path': '/home/jack/work/src/pool/realsense-ros/realsense2_description', 'symlink_install': False, 'test_result_base': None}
[0.445s] Level 5:colcon.colcon_core.verb:set package 'yolov7_obj_detect' build argument 'cmake_args' from command line to 'None'
[0.445s] Level 5:colcon.colcon_core.verb:set package 'yolov7_obj_detect' build argument 'cmake_target' from command line to 'None'
[0.445s] Level 5:colcon.colcon_core.verb:set package 'yolov7_obj_detect' build argument 'cmake_target_skip_unavailable' from command line to 'False'
[0.445s] Level 5:colcon.colcon_core.verb:set package 'yolov7_obj_detect' build argument 'cmake_clean_cache' from command line to 'False'
[0.445s] Level 5:colcon.colcon_core.verb:set package 'yolov7_obj_detect' build argument 'cmake_clean_first' from command line to 'False'
[0.445s] Level 5:colcon.colcon_core.verb:set package 'yolov7_obj_detect' build argument 'cmake_force_configure' from command line to 'False'
[0.445s] Level 5:colcon.colcon_core.verb:set package 'yolov7_obj_detect' build argument 'ament_cmake_args' from command line to 'None'
[0.445s] Level 5:colcon.colcon_core.verb:set package 'yolov7_obj_detect' build argument 'catkin_cmake_args' from command line to 'None'
[0.445s] Level 5:colcon.colcon_core.verb:set package 'yolov7_obj_detect' build argument 'catkin_skip_building_tests' from command line to 'False'
[0.445s] DEBUG:colcon.colcon_core.verb:Building package 'yolov7_obj_detect' with the following arguments: {'ament_cmake_args': None, 'build_base': '/home/jack/work/build/yolov7_obj_detect', 'catkin_cmake_args': None, 'catkin_skip_building_tests': False, 'cmake_args': None, 'cmake_clean_cache': False, 'cmake_clean_first': False, 'cmake_force_configure': False, 'cmake_target': None, 'cmake_target_skip_unavailable': False, 'install_base': '/home/jack/work/install/yolov7_obj_detect', 'merge_install': False, 'path': '/home/jack/work/src/pool/detect/yolov7_obj_detect', 'symlink_install': False, 'test_result_base': None}
[0.445s] Level 5:colcon.colcon_core.verb:set package 'hiwin_service_client' build argument 'cmake_args' from command line to 'None'
[0.445s] Level 5:colcon.colcon_core.verb:set package 'hiwin_service_client' build argument 'cmake_target' from command line to 'None'
[0.445s] Level 5:colcon.colcon_core.verb:set package 'hiwin_service_client' build argument 'cmake_target_skip_unavailable' from command line to 'False'
[0.445s] Level 5:colcon.colcon_core.verb:set package 'hiwin_service_client' build argument 'cmake_clean_cache' from command line to 'False'
[0.445s] Level 5:colcon.colcon_core.verb:set package 'hiwin_service_client' build argument 'cmake_clean_first' from command line to 'False'
[0.445s] Level 5:colcon.colcon_core.verb:set package 'hiwin_service_client' build argument 'cmake_force_configure' from command line to 'False'
[0.446s] Level 5:colcon.colcon_core.verb:set package 'hiwin_service_client' build argument 'ament_cmake_args' from command line to 'None'
[0.446s] Level 5:colcon.colcon_core.verb:set package 'hiwin_service_client' build argument 'catkin_cmake_args' from command line to 'None'
[0.446s] Level 5:colcon.colcon_core.verb:set package 'hiwin_service_client' build argument 'catkin_skip_building_tests' from command line to 'False'
[0.446s] DEBUG:colcon.colcon_core.verb:Building package 'hiwin_service_client' with the following arguments: {'ament_cmake_args': None, 'build_base': '/home/jack/work/build/hiwin_service_client', 'catkin_cmake_args': None, 'catkin_skip_building_tests': False, 'cmake_args': None, 'cmake_clean_cache': False, 'cmake_clean_first': False, 'cmake_force_configure': False, 'cmake_target': None, 'cmake_target_skip_unavailable': False, 'install_base': '/home/jack/work/install/hiwin_service_client', 'merge_install': False, 'path': '/home/jack/work/src/Hiwin_libmodbus/hiwin_service_client', 'symlink_install': False, 'test_result_base': None}
[0.446s] INFO:colcon.colcon_core.executor:Executing jobs using 'parallel' executor
[0.447s] DEBUG:colcon.colcon_parallel_executor.executor.parallel:run_until_complete
[0.447s] INFO:colcon.colcon_ros.task.ament_cmake.build:Building ROS package in '/home/jack/work/src/pool/detect/detect_interface' with build type 'ament_cmake'
[0.447s] INFO:colcon.colcon_cmake.task.cmake.build:Building CMake package in '/home/jack/work/src/pool/detect/detect_interface'
[0.451s] INFO:colcon.colcon_core.plugin_system:Skipping extension 'colcon_core.shell.bat': Not used on non-Windows systems
[0.452s] INFO:colcon.colcon_core.shell:Skip shell extension 'powershell' for command environment: Not usable outside of PowerShell
[0.452s] DEBUG:colcon.colcon_core.shell:Skip shell extension 'dsv' for command environment
[0.457s] INFO:colcon.colcon_ros.task.ament_cmake.build:Building ROS package in '/home/jack/work/src/Hiwin_libmodbus/hiwin_interfaces' with build type 'ament_cmake'
[0.457s] INFO:colcon.colcon_cmake.task.cmake.build:Building CMake package in '/home/jack/work/src/Hiwin_libmodbus/hiwin_interfaces'
[0.458s] INFO:colcon.colcon_core.shell:Skip shell extension 'powershell' for command environment: Not usable outside of PowerShell
[0.458s] DEBUG:colcon.colcon_core.shell:Skip shell extension 'dsv' for command environment
[0.462s] INFO:colcon.colcon_ros.task.ament_cmake.build:Building ROS package in '/home/jack/work/src/pool/realsense-ros/realsense2_camera_msgs' with build type 'ament_cmake'
[0.462s] INFO:colcon.colcon_cmake.task.cmake.build:Building CMake package in '/home/jack/work/src/pool/realsense-ros/realsense2_camera_msgs'
[0.462s] INFO:colcon.colcon_core.shell:Skip shell extension 'powershell' for command environment: Not usable outside of PowerShell
[0.462s] DEBUG:colcon.colcon_core.shell:Skip shell extension 'dsv' for command environment
[0.467s] INFO:colcon.colcon_ros.task.ament_python.build:Building ROS package in '/home/jack/work/src/Hiwin_libmodbus/hiwin_example' with build type 'ament_python'
[0.468s] Level 1:colcon.colcon_core.shell:create_environment_hook('hiwin_example', 'ament_prefix_path')
[0.468s] INFO:colcon.colcon_core.shell:Creating environment hook '/home/jack/work/install/hiwin_example/share/hiwin_example/hook/ament_prefix_path.ps1'
[0.469s] INFO:colcon.colcon_core.shell:Creating environment descriptor '/home/jack/work/install/hiwin_example/share/hiwin_example/hook/ament_prefix_path.dsv'
[0.470s] INFO:colcon.colcon_core.shell:Creating environment hook '/home/jack/work/install/hiwin_example/share/hiwin_example/hook/ament_prefix_path.sh'
[0.470s] INFO:colcon.colcon_core.shell:Skip shell extension 'powershell' for command environment: Not usable outside of PowerShell
[0.470s] DEBUG:colcon.colcon_core.shell:Skip shell extension 'dsv' for command environment
[0.480s] DEBUG:colcon.colcon_core.event_handler.log_command:Invoking command in '/home/jack/work/build/detect_interface': CMAKE_PREFIX_PATH=${CMAKE_PREFIX_PATH}:/home/jack/work/install/yolov7_obj_detect:/home/jack/work/install/hiwin_example:/home/jack/work/install/hiwin_control:/home/jack/work/install/center:/opt/ros/humble /usr/bin/cmake --build /home/jack/work/build/detect_interface -- -j16 -l16
[0.484s] DEBUG:colcon.colcon_core.event_handler.log_command:Invoking command in '/home/jack/work/build/hiwin_interfaces': CMAKE_PREFIX_PATH=${CMAKE_PREFIX_PATH}:/home/jack/work/install/yolov7_obj_detect:/home/jack/work/install/hiwin_example:/home/jack/work/install/hiwin_control:/home/jack/work/install/center:/opt/ros/humble /usr/bin/cmake --build /home/jack/work/build/hiwin_interfaces -- -j16 -l16
[0.485s] DEBUG:colcon.colcon_core.event_handler.log_command:Invoking command in '/home/jack/work/build/realsense2_camera_msgs': CMAKE_PREFIX_PATH=${CMAKE_PREFIX_PATH}:/home/jack/work/install/yolov7_obj_detect:/home/jack/work/install/hiwin_example:/home/jack/work/install/hiwin_control:/home/jack/work/install/center:/opt/ros/humble /usr/bin/cmake --build /home/jack/work/build/realsense2_camera_msgs -- -j16 -l16
[0.925s] INFO:colcon.colcon_core.task.python.build:Building Python package in '/home/jack/work/src/Hiwin_libmodbus/hiwin_example'
[0.926s] INFO:colcon.colcon_core.shell:Skip shell extension 'powershell' for command environment: Not usable outside of PowerShell
[0.929s] DEBUG:colcon.colcon_core.shell:Skip shell extension 'dsv' for command environment
[1.454s] DEBUG:colcon.colcon_core.event_handler.log_command:Invoked command in '/home/jack/work/build/detect_interface' returned '0': CMAKE_PREFIX_PATH=${CMAKE_PREFIX_PATH}:/home/jack/work/install/yolov7_obj_detect:/home/jack/work/install/hiwin_example:/home/jack/work/install/hiwin_control:/home/jack/work/install/center:/opt/ros/humble /usr/bin/cmake --build /home/jack/work/build/detect_interface -- -j16 -l16
[1.470s] DEBUG:colcon.colcon_core.event_handler.log_command:Invoking command in '/home/jack/work/build/detect_interface': CMAKE_PREFIX_PATH=${CMAKE_PREFIX_PATH}:/home/jack/work/install/yolov7_obj_detect:/home/jack/work/install/hiwin_example:/home/jack/work/install/hiwin_control:/home/jack/work/install/center:/opt/ros/humble /usr/bin/cmake --install /home/jack/work/build/detect_interface
[1.518s] DEBUG:colcon.colcon_core.event_handler.log_command:Invoked command in '/home/jack/work/build/realsense2_camera_msgs' returned '0': CMAKE_PREFIX_PATH=${CMAKE_PREFIX_PATH}:/home/jack/work/install/yolov7_obj_detect:/home/jack/work/install/hiwin_example:/home/jack/work/install/hiwin_control:/home/jack/work/install/center:/opt/ros/humble /usr/bin/cmake --build /home/jack/work/build/realsense2_camera_msgs -- -j16 -l16
[1.519s] DEBUG:colcon.colcon_core.event_handler.log_command:Invoking command in '/home/jack/work/build/realsense2_camera_msgs': CMAKE_PREFIX_PATH=${CMAKE_PREFIX_PATH}:/home/jack/work/install/yolov7_obj_detect:/home/jack/work/install/hiwin_example:/home/jack/work/install/hiwin_control:/home/jack/work/install/center:/opt/ros/humble /usr/bin/cmake --install /home/jack/work/build/realsense2_camera_msgs
[1.531s] DEBUG:colcon.colcon_core.event_handler.log_command:Invoked command in '/home/jack/work/build/hiwin_interfaces' returned '0': CMAKE_PREFIX_PATH=${CMAKE_PREFIX_PATH}:/home/jack/work/install/yolov7_obj_detect:/home/jack/work/install/hiwin_example:/home/jack/work/install/hiwin_control:/home/jack/work/install/center:/opt/ros/humble /usr/bin/cmake --build /home/jack/work/build/hiwin_interfaces -- -j16 -l16
[1.531s] DEBUG:colcon.colcon_core.event_handler.log_command:Invoking command in '/home/jack/work/build/hiwin_interfaces': CMAKE_PREFIX_PATH=${CMAKE_PREFIX_PATH}:/home/jack/work/install/yolov7_obj_detect:/home/jack/work/install/hiwin_example:/home/jack/work/install/hiwin_control:/home/jack/work/install/center:/opt/ros/humble /usr/bin/cmake --install /home/jack/work/build/hiwin_interfaces
[1.607s] Level 1:colcon.colcon_core.environment:create_environment_scripts_only(realsense2_camera_msgs)
[1.618s] DEBUG:colcon.colcon_core.event_handler.log_command:Invoked command in '/home/jack/work/build/realsense2_camera_msgs' returned '0': CMAKE_PREFIX_PATH=${CMAKE_PREFIX_PATH}:/home/jack/work/install/yolov7_obj_detect:/home/jack/work/install/hiwin_example:/home/jack/work/install/hiwin_control:/home/jack/work/install/center:/opt/ros/humble /usr/bin/cmake --install /home/jack/work/build/realsense2_camera_msgs
[1.619s] Level 1:colcon.colcon_core.environment:checking '/home/jack/work/install/realsense2_camera_msgs' for CMake module files
[1.621s] Level 1:colcon.colcon_core.environment:checking '/home/jack/work/install/realsense2_camera_msgs' for CMake config files
[1.621s] Level 1:colcon.colcon_core.shell:create_environment_hook('realsense2_camera_msgs', 'cmake_prefix_path')
[1.621s] INFO:colcon.colcon_core.shell:Creating environment hook '/home/jack/work/install/realsense2_camera_msgs/share/realsense2_camera_msgs/hook/cmake_prefix_path.ps1'
[1.622s] INFO:colcon.colcon_core.shell:Creating environment descriptor '/home/jack/work/install/realsense2_camera_msgs/share/realsense2_camera_msgs/hook/cmake_prefix_path.dsv'
[1.622s] INFO:colcon.colcon_core.shell:Creating environment hook '/home/jack/work/install/realsense2_camera_msgs/share/realsense2_camera_msgs/hook/cmake_prefix_path.sh'
[1.623s] Level 1:colcon.colcon_core.environment:checking '/home/jack/work/install/realsense2_camera_msgs/lib'
[1.623s] Level 1:colcon.colcon_core.shell:create_environment_hook('realsense2_camera_msgs', 'ld_library_path_lib')
[1.623s] INFO:colcon.colcon_core.shell:Creating environment hook '/home/jack/work/install/realsense2_camera_msgs/share/realsense2_camera_msgs/hook/ld_library_path_lib.ps1'
[1.624s] INFO:colcon.colcon_core.shell:Creating environment descriptor '/home/jack/work/install/realsense2_camera_msgs/share/realsense2_camera_msgs/hook/ld_library_path_lib.dsv'
[1.624s] INFO:colcon.colcon_core.shell:Creating environment hook '/home/jack/work/install/realsense2_camera_msgs/share/realsense2_camera_msgs/hook/ld_library_path_lib.sh'
[1.624s] Level 1:colcon.colcon_core.environment:checking '/home/jack/work/install/realsense2_camera_msgs/bin'
[1.624s] Level 1:colcon.colcon_core.environment:checking '/home/jack/work/install/realsense2_camera_msgs/lib/pkgconfig/realsense2_camera_msgs.pc'
[1.624s] Level 1:colcon.colcon_core.environment:checking '/home/jack/work/install/realsense2_camera_msgs/lib/python3.10/site-packages'
[1.625s] Level 1:colcon.colcon_core.environment:checking '/home/jack/work/install/realsense2_camera_msgs/bin'
[1.625s] INFO:colcon.colcon_core.shell:Creating package script '/home/jack/work/install/realsense2_camera_msgs/share/realsense2_camera_msgs/package.ps1'
[1.626s] INFO:colcon.colcon_core.shell:Creating package descriptor '/home/jack/work/install/realsense2_camera_msgs/share/realsense2_camera_msgs/package.dsv'
[1.627s] INFO:colcon.colcon_core.shell:Creating package script '/home/jack/work/install/realsense2_camera_msgs/share/realsense2_camera_msgs/package.sh'
[1.627s] INFO:colcon.colcon_core.shell:Creating package script '/home/jack/work/install/realsense2_camera_msgs/share/realsense2_camera_msgs/package.bash'
[1.628s] INFO:colcon.colcon_core.shell:Creating package script '/home/jack/work/install/realsense2_camera_msgs/share/realsense2_camera_msgs/package.zsh'
[1.628s] Level 1:colcon.colcon_core.environment:create_file_with_runtime_dependencies(/home/jack/work/install/realsense2_camera_msgs/share/colcon-core/packages/realsense2_camera_msgs)
[1.629s] Level 1:colcon.colcon_core.environment:create_environment_scripts_only(realsense2_camera_msgs)
[1.629s] Level 1:colcon.colcon_core.environment:checking '/home/jack/work/install/realsense2_camera_msgs' for CMake module files
[1.630s] Level 1:colcon.colcon_core.environment:checking '/home/jack/work/install/realsense2_camera_msgs' for CMake config files
[1.630s] Level 1:colcon.colcon_core.shell:create_environment_hook('realsense2_camera_msgs', 'cmake_prefix_path')
[1.630s] INFO:colcon.colcon_core.shell:Creating environment hook '/home/jack/work/install/realsense2_camera_msgs/share/realsense2_camera_msgs/hook/cmake_prefix_path.ps1'
[1.630s] INFO:colcon.colcon_core.shell:Creating environment descriptor '/home/jack/work/install/realsense2_camera_msgs/share/realsense2_camera_msgs/hook/cmake_prefix_path.dsv'
[1.631s] INFO:colcon.colcon_core.shell:Creating environment hook '/home/jack/work/install/realsense2_camera_msgs/share/realsense2_camera_msgs/hook/cmake_prefix_path.sh'
[1.631s] Level 1:colcon.colcon_core.environment:checking '/home/jack/work/install/realsense2_camera_msgs/lib'
[1.631s] Level 1:colcon.colcon_core.shell:create_environment_hook('realsense2_camera_msgs', 'ld_library_path_lib')
[1.631s] INFO:colcon.colcon_core.shell:Creating environment hook '/home/jack/work/install/realsense2_camera_msgs/share/realsense2_camera_msgs/hook/ld_library_path_lib.ps1'
[1.632s] INFO:colcon.colcon_core.shell:Creating environment descriptor '/home/jack/work/install/realsense2_camera_msgs/share/realsense2_camera_msgs/hook/ld_library_path_lib.dsv'
[1.632s] INFO:colcon.colcon_core.shell:Creating environment hook '/home/jack/work/install/realsense2_camera_msgs/share/realsense2_camera_msgs/hook/ld_library_path_lib.sh'
[1.632s] Level 1:colcon.colcon_core.environment:checking '/home/jack/work/install/realsense2_camera_msgs/bin'
[1.632s] Level 1:colcon.colcon_core.environment:checking '/home/jack/work/install/realsense2_camera_msgs/lib/pkgconfig/realsense2_camera_msgs.pc'
[1.633s] Level 1:colcon.colcon_core.environment:checking '/home/jack/work/install/realsense2_camera_msgs/lib/python3.10/site-packages'
[1.633s] Level 1:colcon.colcon_core.environment:checking '/home/jack/work/install/realsense2_camera_msgs/bin'
[1.633s] INFO:colcon.colcon_core.shell:Creating package script '/home/jack/work/install/realsense2_camera_msgs/share/realsense2_camera_msgs/package.ps1'
[1.634s] INFO:colcon.colcon_core.shell:Creating package descriptor '/home/jack/work/install/realsense2_camera_msgs/share/realsense2_camera_msgs/package.dsv'
[1.634s] INFO:colcon.colcon_core.shell:Creating package script '/home/jack/work/install/realsense2_camera_msgs/share/realsense2_camera_msgs/package.sh'
[1.634s] INFO:colcon.colcon_core.shell:Creating package script '/home/jack/work/install/realsense2_camera_msgs/share/realsense2_camera_msgs/package.bash'
[1.635s] INFO:colcon.colcon_core.shell:Creating package script '/home/jack/work/install/realsense2_camera_msgs/share/realsense2_camera_msgs/package.zsh'
[1.635s] Level 1:colcon.colcon_core.environment:create_file_with_runtime_dependencies(/home/jack/work/install/realsense2_camera_msgs/share/colcon-core/packages/realsense2_camera_msgs)
[1.636s] INFO:colcon.colcon_ros.task.ament_cmake.build:Building ROS package in '/home/jack/work/src/pool/realsense-ros/realsense2_camera' with build type 'ament_cmake'
[1.636s] INFO:colcon.colcon_cmake.task.cmake.build:Building CMake package in '/home/jack/work/src/pool/realsense-ros/realsense2_camera'
[1.636s] INFO:colcon.colcon_core.shell:Skip shell extension 'powershell' for command environment: Not usable outside of PowerShell
[1.636s] DEBUG:colcon.colcon_core.shell:Skip shell extension 'dsv' for command environment
[1.640s] INFO:colcon.colcon_ros.task.ament_cmake.build:Building ROS package in '/home/jack/work/src/pool/realsense-ros/realsense2_description' with build type 'ament_cmake'
[1.640s] INFO:colcon.colcon_cmake.task.cmake.build:Building CMake package in '/home/jack/work/src/pool/realsense-ros/realsense2_description'
[1.640s] INFO:colcon.colcon_core.shell:Skip shell extension 'powershell' for command environment: Not usable outside of PowerShell
[1.641s] DEBUG:colcon.colcon_core.shell:Skip shell extension 'dsv' for command environment
[1.647s] Level 1:colcon.colcon_core.environment:create_environment_scripts_only(detect_interface)
[1.647s] Level 1:colcon.colcon_core.environment:checking '/home/jack/work/install/detect_interface' for CMake module files
[1.648s] Level 1:colcon.colcon_core.environment:checking '/home/jack/work/install/detect_interface' for CMake config files
[1.648s] Level 1:colcon.colcon_core.shell:create_environment_hook('detect_interface', 'cmake_prefix_path')
[1.648s] INFO:colcon.colcon_core.shell:Creating environment hook '/home/jack/work/install/detect_interface/share/detect_interface/hook/cmake_prefix_path.ps1'
[1.649s] INFO:colcon.colcon_core.shell:Creating environment descriptor '/home/jack/work/install/detect_interface/share/detect_interface/hook/cmake_prefix_path.dsv'
[1.650s] DEBUG:colcon.colcon_core.event_handler.log_command:Invoked command in '/home/jack/work/build/detect_interface' returned '0': CMAKE_PREFIX_PATH=${CMAKE_PREFIX_PATH}:/home/jack/work/install/yolov7_obj_detect:/home/jack/work/install/hiwin_example:/home/jack/work/install/hiwin_control:/home/jack/work/install/center:/opt/ros/humble /usr/bin/cmake --install /home/jack/work/build/detect_interface
[1.650s] INFO:colcon.colcon_core.shell:Creating environment hook '/home/jack/work/install/detect_interface/share/detect_interface/hook/cmake_prefix_path.sh'
[1.650s] Level 1:colcon.colcon_core.environment:checking '/home/jack/work/install/detect_interface/lib'
[1.650s] Level 1:colcon.colcon_core.shell:create_environment_hook('detect_interface', 'ld_library_path_lib')
[1.651s] INFO:colcon.colcon_core.shell:Creating environment hook '/home/jack/work/install/detect_interface/share/detect_interface/hook/ld_library_path_lib.ps1'
[1.651s] INFO:colcon.colcon_core.shell:Creating environment descriptor '/home/jack/work/install/detect_interface/share/detect_interface/hook/ld_library_path_lib.dsv'
[1.651s] INFO:colcon.colcon_core.shell:Creating environment hook '/home/jack/work/install/detect_interface/share/detect_interface/hook/ld_library_path_lib.sh'
[1.652s] Level 1:colcon.colcon_core.environment:checking '/home/jack/work/install/detect_interface/bin'
[1.652s] Level 1:colcon.colcon_core.environment:checking '/home/jack/work/install/detect_interface/lib/pkgconfig/detect_interface.pc'
[1.652s] Level 1:colcon.colcon_core.environment:checking '/home/jack/work/install/detect_interface/lib/python3.10/site-packages'
[1.652s] Level 1:colcon.colcon_core.environment:checking '/home/jack/work/install/detect_interface/bin'
[1.653s] INFO:colcon.colcon_core.shell:Creating package script '/home/jack/work/install/detect_interface/share/detect_interface/package.ps1'
[1.654s] INFO:colcon.colcon_core.shell:Creating package descriptor '/home/jack/work/install/detect_interface/share/detect_interface/package.dsv'
[1.654s] INFO:colcon.colcon_core.shell:Creating package script '/home/jack/work/install/detect_interface/share/detect_interface/package.sh'
[1.654s] INFO:colcon.colcon_core.shell:Creating package script '/home/jack/work/install/detect_interface/share/detect_interface/package.bash'
[1.655s] INFO:colcon.colcon_core.shell:Creating package script '/home/jack/work/install/detect_interface/share/detect_interface/package.zsh'
[1.655s] Level 1:colcon.colcon_core.environment:create_file_with_runtime_dependencies(/home/jack/work/install/detect_interface/share/colcon-core/packages/detect_interface)
[1.656s] Level 1:colcon.colcon_core.environment:create_environment_scripts_only(detect_interface)
[1.656s] Level 1:colcon.colcon_core.environment:checking '/home/jack/work/install/detect_interface' for CMake module files
[1.657s] Level 1:colcon.colcon_core.environment:checking '/home/jack/work/install/detect_interface' for CMake config files
[1.657s] Level 1:colcon.colcon_core.shell:create_environment_hook('detect_interface', 'cmake_prefix_path')
[1.657s] INFO:colcon.colcon_core.shell:Creating environment hook '/home/jack/work/install/detect_interface/share/detect_interface/hook/cmake_prefix_path.ps1'
[1.657s] INFO:colcon.colcon_core.shell:Creating environment descriptor '/home/jack/work/install/detect_interface/share/detect_interface/hook/cmake_prefix_path.dsv'
[1.658s] INFO:colcon.colcon_core.shell:Creating environment hook '/home/jack/work/install/detect_interface/share/detect_interface/hook/cmake_prefix_path.sh'
[1.658s] Level 1:colcon.colcon_core.environment:checking '/home/jack/work/install/detect_interface/lib'
[1.658s] Level 1:colcon.colcon_core.shell:create_environment_hook('detect_interface', 'ld_library_path_lib')
[1.659s] INFO:colcon.colcon_core.shell:Creating environment hook '/home/jack/work/install/detect_interface/share/detect_interface/hook/ld_library_path_lib.ps1'
[1.659s] INFO:colcon.colcon_core.shell:Creating environment descriptor '/home/jack/work/install/detect_interface/share/detect_interface/hook/ld_library_path_lib.dsv'
[1.659s] INFO:colcon.colcon_core.shell:Creating environment hook '/home/jack/work/install/detect_interface/share/detect_interface/hook/ld_library_path_lib.sh'
[1.660s] Level 1:colcon.colcon_core.environment:checking '/home/jack/work/install/detect_interface/bin'
[1.660s] Level 1:colcon.colcon_core.environment:checking '/home/jack/work/install/detect_interface/lib/pkgconfig/detect_interface.pc'
[1.660s] Level 1:colcon.colcon_core.environment:checking '/home/jack/work/install/detect_interface/lib/python3.10/site-packages'
[1.660s] Level 1:colcon.colcon_core.environment:checking '/home/jack/work/install/detect_interface/bin'
[1.661s] INFO:colcon.colcon_core.shell:Creating package script '/home/jack/work/install/detect_interface/share/detect_interface/package.ps1'
[1.661s] INFO:colcon.colcon_core.shell:Creating package descriptor '/home/jack/work/install/detect_interface/share/detect_interface/package.dsv'
[1.662s] INFO:colcon.colcon_core.shell:Creating package script '/home/jack/work/install/detect_interface/share/detect_interface/package.sh'
[1.662s] INFO:colcon.colcon_core.shell:Creating package script '/home/jack/work/install/detect_interface/share/detect_interface/package.bash'
[1.662s] INFO:colcon.colcon_core.shell:Creating package script '/home/jack/work/install/detect_interface/share/detect_interface/package.zsh'
[1.663s] Level 1:colcon.colcon_core.environment:create_file_with_runtime_dependencies(/home/jack/work/install/detect_interface/share/colcon-core/packages/detect_interface)
[1.663s] Level 1:colcon.colcon_core.environment:create_environment_scripts_only(hiwin_interfaces)
[1.663s] Level 1:colcon.colcon_core.environment:checking '/home/jack/work/install/hiwin_interfaces' for CMake module files
[1.664s] Level 1:colcon.colcon_core.environment:checking '/home/jack/work/install/hiwin_interfaces' for CMake config files
[1.664s] Level 1:colcon.colcon_core.shell:create_environment_hook('hiwin_interfaces', 'cmake_prefix_path')
[1.664s] INFO:colcon.colcon_core.shell:Creating environment hook '/home/jack/work/install/hiwin_interfaces/share/hiwin_interfaces/hook/cmake_prefix_path.ps1'
[1.665s] INFO:colcon.colcon_core.shell:Creating environment descriptor '/home/jack/work/install/hiwin_interfaces/share/hiwin_interfaces/hook/cmake_prefix_path.dsv'
[1.665s] INFO:colcon.colcon_core.shell:Creating environment hook '/home/jack/work/install/hiwin_interfaces/share/hiwin_interfaces/hook/cmake_prefix_path.sh'
[1.666s] DEBUG:colcon.colcon_core.event_handler.log_command:Invoked command in '/home/jack/work/build/hiwin_interfaces' returned '0': CMAKE_PREFIX_PATH=${CMAKE_PREFIX_PATH}:/home/jack/work/install/yolov7_obj_detect:/home/jack/work/install/hiwin_example:/home/jack/work/install/hiwin_control:/home/jack/work/install/center:/opt/ros/humble /usr/bin/cmake --install /home/jack/work/build/hiwin_interfaces
[1.666s] Level 1:colcon.colcon_core.environment:checking '/home/jack/work/install/hiwin_interfaces/lib'
[1.666s] Level 1:colcon.colcon_core.shell:create_environment_hook('hiwin_interfaces', 'ld_library_path_lib')
[1.666s] INFO:colcon.colcon_core.shell:Creating environment hook '/home/jack/work/install/hiwin_interfaces/share/hiwin_interfaces/hook/ld_library_path_lib.ps1'
[1.667s] INFO:colcon.colcon_core.shell:Creating environment descriptor '/home/jack/work/install/hiwin_interfaces/share/hiwin_interfaces/hook/ld_library_path_lib.dsv'
[1.667s] INFO:colcon.colcon_core.shell:Creating environment hook '/home/jack/work/install/hiwin_interfaces/share/hiwin_interfaces/hook/ld_library_path_lib.sh'
[1.667s] Level 1:colcon.colcon_core.environment:checking '/home/jack/work/install/hiwin_interfaces/bin'
[1.667s] Level 1:colcon.colcon_core.environment:checking '/home/jack/work/install/hiwin_interfaces/lib/pkgconfig/hiwin_interfaces.pc'
[1.668s] Level 1:colcon.colcon_core.environment:checking '/home/jack/work/install/hiwin_interfaces/lib/python3.10/site-packages'
[1.668s] Level 1:colcon.colcon_core.environment:checking '/home/jack/work/install/hiwin_interfaces/bin'
[1.668s] INFO:colcon.colcon_core.shell:Creating package script '/home/jack/work/install/hiwin_interfaces/share/hiwin_interfaces/package.ps1'
[1.669s] INFO:colcon.colcon_core.shell:Creating package descriptor '/home/jack/work/install/hiwin_interfaces/share/hiwin_interfaces/package.dsv'
[1.669s] INFO:colcon.colcon_core.shell:Creating package script '/home/jack/work/install/hiwin_interfaces/share/hiwin_interfaces/package.sh'
[1.670s] INFO:colcon.colcon_core.shell:Creating package script '/home/jack/work/install/hiwin_interfaces/share/hiwin_interfaces/package.bash'
[1.670s] INFO:colcon.colcon_core.shell:Creating package script '/home/jack/work/install/hiwin_interfaces/share/hiwin_interfaces/package.zsh'
[1.670s] Level 1:colcon.colcon_core.environment:create_file_with_runtime_dependencies(/home/jack/work/install/hiwin_interfaces/share/colcon-core/packages/hiwin_interfaces)
[1.671s] Level 1:colcon.colcon_core.environment:create_environment_scripts_only(hiwin_interfaces)
[1.671s] Level 1:colcon.colcon_core.environment:checking '/home/jack/work/install/hiwin_interfaces' for CMake module files
[1.671s] Level 1:colcon.colcon_core.environment:checking '/home/jack/work/install/hiwin_interfaces' for CMake config files
[1.672s] Level 1:colcon.colcon_core.shell:create_environment_hook('hiwin_interfaces', 'cmake_prefix_path')
[1.672s] INFO:colcon.colcon_core.shell:Creating environment hook '/home/jack/work/install/hiwin_interfaces/share/hiwin_interfaces/hook/cmake_prefix_path.ps1'
[1.672s] INFO:colcon.colcon_core.shell:Creating environment descriptor '/home/jack/work/install/hiwin_interfaces/share/hiwin_interfaces/hook/cmake_prefix_path.dsv'
[1.672s] INFO:colcon.colcon_core.shell:Creating environment hook '/home/jack/work/install/hiwin_interfaces/share/hiwin_interfaces/hook/cmake_prefix_path.sh'
[1.673s] Level 1:colcon.colcon_core.environment:checking '/home/jack/work/install/hiwin_interfaces/lib'
[1.673s] Level 1:colcon.colcon_core.shell:create_environment_hook('hiwin_interfaces', 'ld_library_path_lib')
[1.673s] INFO:colcon.colcon_core.shell:Creating environment hook '/home/jack/work/install/hiwin_interfaces/share/hiwin_interfaces/hook/ld_library_path_lib.ps1'
[1.673s] INFO:colcon.colcon_core.shell:Creating environment descriptor '/home/jack/work/install/hiwin_interfaces/share/hiwin_interfaces/hook/ld_library_path_lib.dsv'
[1.674s] INFO:colcon.colcon_core.shell:Creating environment hook '/home/jack/work/install/hiwin_interfaces/share/hiwin_interfaces/hook/ld_library_path_lib.sh'
[1.674s] Level 1:colcon.colcon_core.environment:checking '/home/jack/work/install/hiwin_interfaces/bin'
[1.674s] Level 1:colcon.colcon_core.environment:checking '/home/jack/work/install/hiwin_interfaces/lib/pkgconfig/hiwin_interfaces.pc'
[1.674s] Level 1:colcon.colcon_core.environment:checking '/home/jack/work/install/hiwin_interfaces/lib/python3.10/site-packages'
[1.674s] Level 1:colcon.colcon_core.environment:checking '/home/jack/work/install/hiwin_interfaces/bin'
[1.675s] INFO:colcon.colcon_core.shell:Creating package script '/home/jack/work/install/hiwin_interfaces/share/hiwin_interfaces/package.ps1'
[1.675s] INFO:colcon.colcon_core.shell:Creating package descriptor '/home/jack/work/install/hiwin_interfaces/share/hiwin_interfaces/package.dsv'
[1.676s] INFO:colcon.colcon_core.shell:Creating package script '/home/jack/work/install/hiwin_interfaces/share/hiwin_interfaces/package.sh'
[1.676s] INFO:colcon.colcon_core.shell:Creating package script '/home/jack/work/install/hiwin_interfaces/share/hiwin_interfaces/package.bash'
[1.677s] INFO:colcon.colcon_core.shell:Creating package script '/home/jack/work/install/hiwin_interfaces/share/hiwin_interfaces/package.zsh'
[1.678s] Level 1:colcon.colcon_core.environment:create_file_with_runtime_dependencies(/home/jack/work/install/hiwin_interfaces/share/colcon-core/packages/hiwin_interfaces)
[1.678s] INFO:colcon.colcon_ros.task.ament_cmake.build:Building ROS package in '/home/jack/work/src/Hiwin_libmodbus/hiwin_libmodbus' with build type 'ament_cmake'
[1.679s] INFO:colcon.colcon_cmake.task.cmake.build:Building CMake package in '/home/jack/work/src/Hiwin_libmodbus/hiwin_libmodbus'
[1.679s] INFO:colcon.colcon_core.shell:Skip shell extension 'powershell' for command environment: Not usable outside of PowerShell
[1.679s] DEBUG:colcon.colcon_core.shell:Skip shell extension 'dsv' for command environment
[1.682s] INFO:colcon.colcon_ros.task.ament_python.build:Building ROS package in '/home/jack/work/src/pool/center' with build type 'ament_python'
[1.682s] Level 1:colcon.colcon_core.shell:create_environment_hook('center', 'ament_prefix_path')
[1.682s] INFO:colcon.colcon_core.shell:Creating environment hook '/home/jack/work/install/center/share/center/hook/ament_prefix_path.ps1'
[1.682s] INFO:colcon.colcon_core.shell:Creating environment descriptor '/home/jack/work/install/center/share/center/hook/ament_prefix_path.dsv'
[1.683s] INFO:colcon.colcon_core.shell:Creating environment hook '/home/jack/work/install/center/share/center/hook/ament_prefix_path.sh'
[1.683s] INFO:colcon.colcon_core.shell:Skip shell extension 'powershell' for command environment: Not usable outside of PowerShell
[1.683s] DEBUG:colcon.colcon_core.shell:Skip shell extension 'dsv' for command environment
[1.687s] INFO:colcon.colcon_ros.task.ament_python.build:Building ROS package in '/home/jack/work/src/hiwin_control' with build type 'ament_python'
[1.688s] Level 1:colcon.colcon_core.shell:create_environment_hook('hiwin_control', 'ament_prefix_path')
[1.688s] INFO:colcon.colcon_core.shell:Creating environment hook '/home/jack/work/install/hiwin_control/share/hiwin_control/hook/ament_prefix_path.ps1'
[1.689s] INFO:colcon.colcon_core.shell:Creating environment descriptor '/home/jack/work/install/hiwin_control/share/hiwin_control/hook/ament_prefix_path.dsv'
[1.689s] INFO:colcon.colcon_core.shell:Creating environment hook '/home/jack/work/install/hiwin_control/share/hiwin_control/hook/ament_prefix_path.sh'
[1.690s] INFO:colcon.colcon_core.shell:Skip shell extension 'powershell' for command environment: Not usable outside of PowerShell
[1.690s] DEBUG:colcon.colcon_core.shell:Skip shell extension 'dsv' for command environment
[1.694s] INFO:colcon.colcon_ros.task.ament_python.build:Building ROS package in '/home/jack/work/src/pool/detect/yolov7_obj_detect' with build type 'ament_python'
[1.694s] Level 1:colcon.colcon_core.shell:create_environment_hook('yolov7_obj_detect', 'ament_prefix_path')
[1.694s] INFO:colcon.colcon_core.shell:Creating environment hook '/home/jack/work/install/yolov7_obj_detect/share/yolov7_obj_detect/hook/ament_prefix_path.ps1'
[1.695s] INFO:colcon.colcon_core.shell:Creating environment descriptor '/home/jack/work/install/yolov7_obj_detect/share/yolov7_obj_detect/hook/ament_prefix_path.dsv'
[1.695s] INFO:colcon.colcon_core.shell:Creating environment hook '/home/jack/work/install/yolov7_obj_detect/share/yolov7_obj_detect/hook/ament_prefix_path.sh'
[1.696s] INFO:colcon.colcon_core.shell:Skip shell extension 'powershell' for command environment: Not usable outside of PowerShell
[1.696s] DEBUG:colcon.colcon_core.shell:Skip shell extension 'dsv' for command environment
[1.705s] DEBUG:colcon.colcon_core.event_handler.log_command:Invoking command in '/home/jack/work/build/realsense2_camera': CMAKE_PREFIX_PATH=/home/jack/work/install/realsense2_camera_msgs:/home/jack/work/install/realsense2_description:/home/jack/work/install/realsense2_camera:/home/jack/work/install/hiwin_service_client:/home/jack/work/install/hiwin_libmodbus:/home/jack/work/install/hiwin_interfaces:/home/jack/work/install/detect_interface:/home/jack/work/install/yolov7_obj_detect:/home/jack/work/install/hiwin_example:/home/jack/work/install/hiwin_control:/home/jack/work/install/center:/opt/ros/humble LD_LIBRARY_PATH=/home/jack/work/install/realsense2_camera_msgs/lib:/home/jack/work/install/realsense2_camera/lib:/home/jack/work/install/hiwin_libmodbus/lib:/home/jack/work/install/hiwin_interfaces/lib:/home/jack/work/install/detect_interface/lib:/opt/ros/humble/opt/rviz_ogre_vendor/lib:/opt/ros/humble/lib/x86_64-linux-gnu:/opt/ros/humble/lib:/usr/local/nvidia/lib:/usr/local/nvidia/lib64 /usr/bin/cmake --build /home/jack/work/build/realsense2_camera -- -j16 -l16
[1.707s] DEBUG:colcon.colcon_core.event_handler.log_command:Invoking command in '/home/jack/work/build/realsense2_description': CMAKE_PREFIX_PATH=/home/jack/work/install/realsense2_camera_msgs:/home/jack/work/install/realsense2_description:/home/jack/work/install/realsense2_camera:/home/jack/work/install/hiwin_service_client:/home/jack/work/install/hiwin_libmodbus:/home/jack/work/install/hiwin_interfaces:/home/jack/work/install/detect_interface:/home/jack/work/install/yolov7_obj_detect:/home/jack/work/install/hiwin_example:/home/jack/work/install/hiwin_control:/home/jack/work/install/center:/opt/ros/humble LD_LIBRARY_PATH=/home/jack/work/install/realsense2_camera_msgs/lib:/home/jack/work/install/realsense2_camera/lib:/home/jack/work/install/hiwin_libmodbus/lib:/home/jack/work/install/hiwin_interfaces/lib:/home/jack/work/install/detect_interface/lib:/opt/ros/humble/opt/rviz_ogre_vendor/lib:/opt/ros/humble/lib/x86_64-linux-gnu:/opt/ros/humble/lib:/usr/local/nvidia/lib:/usr/local/nvidia/lib64 /usr/bin/cmake --build /home/jack/work/build/realsense2_description -- -j16 -l16
[1.735s] DEBUG:colcon.colcon_core.event_handler.log_command:Invoking command in '/home/jack/work/build/hiwin_libmodbus': CMAKE_PREFIX_PATH=/home/jack/work/install/hiwin_interfaces:/home/jack/work/install/realsense2_description:/home/jack/work/install/realsense2_camera:/home/jack/work/install/realsense2_camera_msgs:/home/jack/work/install/hiwin_service_client:/home/jack/work/install/hiwin_libmodbus:/home/jack/work/install/detect_interface:/home/jack/work/install/yolov7_obj_detect:/home/jack/work/install/hiwin_example:/home/jack/work/install/hiwin_control:/home/jack/work/install/center:/opt/ros/humble LD_LIBRARY_PATH=/home/jack/work/install/hiwin_interfaces/lib:/home/jack/work/install/realsense2_camera/lib:/home/jack/work/install/realsense2_camera_msgs/lib:/home/jack/work/install/hiwin_libmodbus/lib:/home/jack/work/install/detect_interface/lib:/opt/ros/humble/opt/rviz_ogre_vendor/lib:/opt/ros/humble/lib/x86_64-linux-gnu:/opt/ros/humble/lib:/usr/local/nvidia/lib:/usr/local/nvidia/lib64 /usr/bin/cmake --build /home/jack/work/build/hiwin_libmodbus -- -j16 -l16
[1.990s] INFO:colcon.colcon_core.task.python.build:Building Python package in '/home/jack/work/src/pool/center'
[1.990s] INFO:colcon.colcon_core.shell:Skip shell extension 'powershell' for command environment: Not usable outside of PowerShell
[1.990s] DEBUG:colcon.colcon_core.shell:Skip shell extension 'dsv' for command environment
[2.325s] INFO:colcon.colcon_core.task.python.build:Building Python package in '/home/jack/work/src/hiwin_control'
[2.326s] INFO:colcon.colcon_core.shell:Skip shell extension 'powershell' for command environment: Not usable outside of PowerShell
[2.326s] DEBUG:colcon.colcon_core.shell:Skip shell extension 'dsv' for command environment
[2.580s] INFO:colcon.colcon_core.task.python.build:Building Python package in '/home/jack/work/src/pool/detect/yolov7_obj_detect'
[2.580s] INFO:colcon.colcon_core.shell:Skip shell extension 'powershell' for command environment: Not usable outside of PowerShell
[2.580s] DEBUG:colcon.colcon_core.shell:Skip shell extension 'dsv' for command environment
[2.591s] DEBUG:colcon.colcon_core.event_handler.log_command:Invoked command in '/home/jack/work/build/realsense2_description' returned '0': CMAKE_PREFIX_PATH=/home/jack/work/install/realsense2_camera_msgs:/home/jack/work/install/realsense2_description:/home/jack/work/install/realsense2_camera:/home/jack/work/install/hiwin_service_client:/home/jack/work/install/hiwin_libmodbus:/home/jack/work/install/hiwin_interfaces:/home/jack/work/install/detect_interface:/home/jack/work/install/yolov7_obj_detect:/home/jack/work/install/hiwin_example:/home/jack/work/install/hiwin_control:/home/jack/work/install/center:/opt/ros/humble LD_LIBRARY_PATH=/home/jack/work/install/realsense2_camera_msgs/lib:/home/jack/work/install/realsense2_camera/lib:/home/jack/work/install/hiwin_libmodbus/lib:/home/jack/work/install/hiwin_interfaces/lib:/home/jack/work/install/detect_interface/lib:/opt/ros/humble/opt/rviz_ogre_vendor/lib:/opt/ros/humble/lib/x86_64-linux-gnu:/opt/ros/humble/lib:/usr/local/nvidia/lib:/usr/local/nvidia/lib64 /usr/bin/cmake --build /home/jack/work/build/realsense2_description -- -j16 -l16
[2.596s] DEBUG:colcon.colcon_core.event_handler.log_command:Invoking command in '/home/jack/work/build/realsense2_description': CMAKE_PREFIX_PATH=/home/jack/work/install/realsense2_camera_msgs:/home/jack/work/install/realsense2_description:/home/jack/work/install/realsense2_camera:/home/jack/work/install/hiwin_service_client:/home/jack/work/install/hiwin_libmodbus:/home/jack/work/install/hiwin_interfaces:/home/jack/work/install/detect_interface:/home/jack/work/install/yolov7_obj_detect:/home/jack/work/install/hiwin_example:/home/jack/work/install/hiwin_control:/home/jack/work/install/center:/opt/ros/humble LD_LIBRARY_PATH=/home/jack/work/install/realsense2_camera_msgs/lib:/home/jack/work/install/realsense2_camera/lib:/home/jack/work/install/hiwin_libmodbus/lib:/home/jack/work/install/hiwin_interfaces/lib:/home/jack/work/install/detect_interface/lib:/opt/ros/humble/opt/rviz_ogre_vendor/lib:/opt/ros/humble/lib/x86_64-linux-gnu:/opt/ros/humble/lib:/usr/local/nvidia/lib:/usr/local/nvidia/lib64 /usr/bin/cmake --install /home/jack/work/build/realsense2_description
[2.596s] DEBUG:colcon.colcon_core.event_handler.log_command:Invoked command in '/home/jack/work/build/hiwin_libmodbus' returned '0': CMAKE_PREFIX_PATH=/home/jack/work/install/hiwin_interfaces:/home/jack/work/install/realsense2_description:/home/jack/work/install/realsense2_camera:/home/jack/work/install/realsense2_camera_msgs:/home/jack/work/install/hiwin_service_client:/home/jack/work/install/hiwin_libmodbus:/home/jack/work/install/detect_interface:/home/jack/work/install/yolov7_obj_detect:/home/jack/work/install/hiwin_example:/home/jack/work/install/hiwin_control:/home/jack/work/install/center:/opt/ros/humble LD_LIBRARY_PATH=/home/jack/work/install/hiwin_interfaces/lib:/home/jack/work/install/realsense2_camera/lib:/home/jack/work/install/realsense2_camera_msgs/lib:/home/jack/work/install/hiwin_libmodbus/lib:/home/jack/work/install/detect_interface/lib:/opt/ros/humble/opt/rviz_ogre_vendor/lib:/opt/ros/humble/lib/x86_64-linux-gnu:/opt/ros/humble/lib:/usr/local/nvidia/lib:/usr/local/nvidia/lib64 /usr/bin/cmake --build /home/jack/work/build/hiwin_libmodbus -- -j16 -l16
[2.596s] DEBUG:colcon.colcon_core.event_handler.log_command:Invoking command in '/home/jack/work/build/hiwin_libmodbus': CMAKE_PREFIX_PATH=/home/jack/work/install/hiwin_interfaces:/home/jack/work/install/realsense2_description:/home/jack/work/install/realsense2_camera:/home/jack/work/install/realsense2_camera_msgs:/home/jack/work/install/hiwin_service_client:/home/jack/work/install/hiwin_libmodbus:/home/jack/work/install/detect_interface:/home/jack/work/install/yolov7_obj_detect:/home/jack/work/install/hiwin_example:/home/jack/work/install/hiwin_control:/home/jack/work/install/center:/opt/ros/humble LD_LIBRARY_PATH=/home/jack/work/install/hiwin_interfaces/lib:/home/jack/work/install/realsense2_camera/lib:/home/jack/work/install/realsense2_camera_msgs/lib:/home/jack/work/install/hiwin_libmodbus/lib:/home/jack/work/install/detect_interface/lib:/opt/ros/humble/opt/rviz_ogre_vendor/lib:/opt/ros/humble/lib/x86_64-linux-gnu:/opt/ros/humble/lib:/usr/local/nvidia/lib:/usr/local/nvidia/lib64 /usr/bin/cmake --install /home/jack/work/build/hiwin_libmodbus
[2.597s] DEBUG:colcon.colcon_core.event_handler.log_command:Invoked command in '/home/jack/work/build/realsense2_camera' returned '0': CMAKE_PREFIX_PATH=/home/jack/work/install/realsense2_camera_msgs:/home/jack/work/install/realsense2_description:/home/jack/work/install/realsense2_camera:/home/jack/work/install/hiwin_service_client:/home/jack/work/install/hiwin_libmodbus:/home/jack/work/install/hiwin_interfaces:/home/jack/work/install/detect_interface:/home/jack/work/install/yolov7_obj_detect:/home/jack/work/install/hiwin_example:/home/jack/work/install/hiwin_control:/home/jack/work/install/center:/opt/ros/humble LD_LIBRARY_PATH=/home/jack/work/install/realsense2_camera_msgs/lib:/home/jack/work/install/realsense2_camera/lib:/home/jack/work/install/hiwin_libmodbus/lib:/home/jack/work/install/hiwin_interfaces/lib:/home/jack/work/install/detect_interface/lib:/opt/ros/humble/opt/rviz_ogre_vendor/lib:/opt/ros/humble/lib/x86_64-linux-gnu:/opt/ros/humble/lib:/usr/local/nvidia/lib:/usr/local/nvidia/lib64 /usr/bin/cmake --build /home/jack/work/build/realsense2_camera -- -j16 -l16
[2.598s] DEBUG:colcon.colcon_core.event_handler.log_command:Invoking command in '/home/jack/work/build/realsense2_camera': CMAKE_PREFIX_PATH=/home/jack/work/install/realsense2_camera_msgs:/home/jack/work/install/realsense2_description:/home/jack/work/install/realsense2_camera:/home/jack/work/install/hiwin_service_client:/home/jack/work/install/hiwin_libmodbus:/home/jack/work/install/hiwin_interfaces:/home/jack/work/install/detect_interface:/home/jack/work/install/yolov7_obj_detect:/home/jack/work/install/hiwin_example:/home/jack/work/install/hiwin_control:/home/jack/work/install/center:/opt/ros/humble LD_LIBRARY_PATH=/home/jack/work/install/realsense2_camera_msgs/lib:/home/jack/work/install/realsense2_camera/lib:/home/jack/work/install/hiwin_libmodbus/lib:/home/jack/work/install/hiwin_interfaces/lib:/home/jack/work/install/detect_interface/lib:/opt/ros/humble/opt/rviz_ogre_vendor/lib:/opt/ros/humble/lib/x86_64-linux-gnu:/opt/ros/humble/lib:/usr/local/nvidia/lib:/usr/local/nvidia/lib64 /usr/bin/cmake --install /home/jack/work/build/realsense2_camera
[2.606s] DEBUG:colcon.colcon_core.event_handler.log_command:Invoking command in '/home/jack/work/src/Hiwin_libmodbus/hiwin_example': PYTHONPATH=/home/jack/work/build/hiwin_example/prefix_override:/usr/lib/python3/dist-packages/colcon_core/task/python/colcon_distutils_commands:/home/jack/work/install/hiwin_example/lib/python3.10/site-packages:${PYTHONPATH} /usr/bin/python3 -W ignore:setup.py install is deprecated -W ignore:easy_install command is deprecated setup.py egg_info --egg-base ../../../build/hiwin_example build --build-base /home/jack/work/build/hiwin_example/build install --record /home/jack/work/build/hiwin_example/install.log --single-version-externally-managed install_data
[2.646s] Level 1:colcon.colcon_core.environment:create_environment_scripts_only(realsense2_description)
[2.646s] Level 1:colcon.colcon_core.environment:checking '/home/jack/work/install/realsense2_description' for CMake module files
[2.647s] Level 1:colcon.colcon_core.environment:checking '/home/jack/work/install/realsense2_description' for CMake config files
[2.647s] Level 1:colcon.colcon_core.shell:create_environment_hook('realsense2_description', 'cmake_prefix_path')
[2.647s] INFO:colcon.colcon_core.shell:Creating environment hook '/home/jack/work/install/realsense2_description/share/realsense2_description/hook/cmake_prefix_path.ps1'
[2.648s] INFO:colcon.colcon_core.shell:Creating environment descriptor '/home/jack/work/install/realsense2_description/share/realsense2_description/hook/cmake_prefix_path.dsv'
[2.648s] DEBUG:colcon.colcon_core.event_handler.log_command:Invoked command in '/home/jack/work/build/realsense2_description' returned '0': CMAKE_PREFIX_PATH=/home/jack/work/install/realsense2_camera_msgs:/home/jack/work/install/realsense2_description:/home/jack/work/install/realsense2_camera:/home/jack/work/install/hiwin_service_client:/home/jack/work/install/hiwin_libmodbus:/home/jack/work/install/hiwin_interfaces:/home/jack/work/install/detect_interface:/home/jack/work/install/yolov7_obj_detect:/home/jack/work/install/hiwin_example:/home/jack/work/install/hiwin_control:/home/jack/work/install/center:/opt/ros/humble LD_LIBRARY_PATH=/home/jack/work/install/realsense2_camera_msgs/lib:/home/jack/work/install/realsense2_camera/lib:/home/jack/work/install/hiwin_libmodbus/lib:/home/jack/work/install/hiwin_interfaces/lib:/home/jack/work/install/detect_interface/lib:/opt/ros/humble/opt/rviz_ogre_vendor/lib:/opt/ros/humble/lib/x86_64-linux-gnu:/opt/ros/humble/lib:/usr/local/nvidia/lib:/usr/local/nvidia/lib64 /usr/bin/cmake --install /home/jack/work/build/realsense2_description
[2.649s] INFO:colcon.colcon_core.shell:Creating environment hook '/home/jack/work/install/realsense2_description/share/realsense2_description/hook/cmake_prefix_path.sh'
[2.650s] Level 1:colcon.colcon_core.environment:checking '/home/jack/work/install/realsense2_description/bin'
[2.650s] Level 1:colcon.colcon_core.environment:checking '/home/jack/work/install/realsense2_description/lib/pkgconfig/realsense2_description.pc'
[2.650s] Level 1:colcon.colcon_core.environment:checking '/home/jack/work/install/realsense2_description/lib/python3.10/site-packages'
[2.650s] Level 1:colcon.colcon_core.environment:checking '/home/jack/work/install/realsense2_description/bin'
[2.651s] INFO:colcon.colcon_core.shell:Creating package script '/home/jack/work/install/realsense2_description/share/realsense2_description/package.ps1'
[2.652s] INFO:colcon.colcon_core.shell:Creating package descriptor '/home/jack/work/install/realsense2_description/share/realsense2_description/package.dsv'
[2.652s] INFO:colcon.colcon_core.shell:Creating package script '/home/jack/work/install/realsense2_description/share/realsense2_description/package.sh'
[2.659s] INFO:colcon.colcon_core.shell:Creating package script '/home/jack/work/install/realsense2_description/share/realsense2_description/package.bash'
[2.660s] INFO:colcon.colcon_core.shell:Creating package script '/home/jack/work/install/realsense2_description/share/realsense2_description/package.zsh'
[2.660s] Level 1:colcon.colcon_core.environment:create_file_with_runtime_dependencies(/home/jack/work/install/realsense2_description/share/colcon-core/packages/realsense2_description)
[2.661s] Level 1:colcon.colcon_core.environment:create_environment_scripts_only(realsense2_description)
[2.664s] Level 1:colcon.colcon_core.environment:checking '/home/jack/work/install/realsense2_description' for CMake module files
[2.665s] Level 1:colcon.colcon_core.environment:checking '/home/jack/work/install/realsense2_description' for CMake config files
[2.665s] Level 1:colcon.colcon_core.shell:create_environment_hook('realsense2_description', 'cmake_prefix_path')
[2.666s] INFO:colcon.colcon_core.shell:Creating environment hook '/home/jack/work/install/realsense2_description/share/realsense2_description/hook/cmake_prefix_path.ps1'
[2.666s] INFO:colcon.colcon_core.shell:Creating environment descriptor '/home/jack/work/install/realsense2_description/share/realsense2_description/hook/cmake_prefix_path.dsv'
[2.667s] INFO:colcon.colcon_core.shell:Creating environment hook '/home/jack/work/install/realsense2_description/share/realsense2_description/hook/cmake_prefix_path.sh'
[2.670s] Level 1:colcon.colcon_core.environment:checking '/home/jack/work/install/realsense2_description/bin'
[2.670s] Level 1:colcon.colcon_core.environment:checking '/home/jack/work/install/realsense2_description/lib/pkgconfig/realsense2_description.pc'
[2.671s] Level 1:colcon.colcon_core.environment:checking '/home/jack/work/install/realsense2_description/lib/python3.10/site-packages'
[2.671s] Level 1:colcon.colcon_core.environment:checking '/home/jack/work/install/realsense2_description/bin'
[2.672s] INFO:colcon.colcon_core.shell:Creating package script '/home/jack/work/install/realsense2_description/share/realsense2_description/package.ps1'
[2.673s] INFO:colcon.colcon_core.shell:Creating package descriptor '/home/jack/work/install/realsense2_description/share/realsense2_description/package.dsv'
[2.675s] INFO:colcon.colcon_core.shell:Creating package script '/home/jack/work/install/realsense2_description/share/realsense2_description/package.sh'
[2.675s] INFO:colcon.colcon_core.shell:Creating package script '/home/jack/work/install/realsense2_description/share/realsense2_description/package.bash'
[2.676s] INFO:colcon.colcon_core.shell:Creating package script '/home/jack/work/install/realsense2_description/share/realsense2_description/package.zsh'
[2.676s] Level 1:colcon.colcon_core.environment:create_file_with_runtime_dependencies(/home/jack/work/install/realsense2_description/share/colcon-core/packages/realsense2_description)
[2.681s] Level 1:colcon.colcon_core.environment:create_environment_scripts_only(realsense2_camera)
[2.682s] Level 1:colcon.colcon_core.environment:checking '/home/jack/work/install/realsense2_camera' for CMake module files
[2.683s] DEBUG:colcon.colcon_core.event_handler.log_command:Invoked command in '/home/jack/work/build/realsense2_camera' returned '0': CMAKE_PREFIX_PATH=/home/jack/work/install/realsense2_camera_msgs:/home/jack/work/install/realsense2_description:/home/jack/work/install/realsense2_camera:/home/jack/work/install/hiwin_service_client:/home/jack/work/install/hiwin_libmodbus:/home/jack/work/install/hiwin_interfaces:/home/jack/work/install/detect_interface:/home/jack/work/install/yolov7_obj_detect:/home/jack/work/install/hiwin_example:/home/jack/work/install/hiwin_control:/home/jack/work/install/center:/opt/ros/humble LD_LIBRARY_PATH=/home/jack/work/install/realsense2_camera_msgs/lib:/home/jack/work/install/realsense2_camera/lib:/home/jack/work/install/hiwin_libmodbus/lib:/home/jack/work/install/hiwin_interfaces/lib:/home/jack/work/install/detect_interface/lib:/opt/ros/humble/opt/rviz_ogre_vendor/lib:/opt/ros/humble/lib/x86_64-linux-gnu:/opt/ros/humble/lib:/usr/local/nvidia/lib:/usr/local/nvidia/lib64 /usr/bin/cmake --install /home/jack/work/build/realsense2_camera
[2.686s] Level 1:colcon.colcon_core.environment:checking '/home/jack/work/install/realsense2_camera' for CMake config files
[2.686s] Level 1:colcon.colcon_core.shell:create_environment_hook('realsense2_camera', 'cmake_prefix_path')
[2.687s] INFO:colcon.colcon_core.shell:Creating environment hook '/home/jack/work/install/realsense2_camera/share/realsense2_camera/hook/cmake_prefix_path.ps1'
[2.692s] INFO:colcon.colcon_core.shell:Creating environment descriptor '/home/jack/work/install/realsense2_camera/share/realsense2_camera/hook/cmake_prefix_path.dsv'
[2.695s] INFO:colcon.colcon_core.shell:Creating environment hook '/home/jack/work/install/realsense2_camera/share/realsense2_camera/hook/cmake_prefix_path.sh'
[2.699s] Level 1:colcon.colcon_core.environment:checking '/home/jack/work/install/realsense2_camera/lib'
[2.700s] Level 1:colcon.colcon_core.shell:create_environment_hook('realsense2_camera', 'ld_library_path_lib')
[2.700s] INFO:colcon.colcon_core.shell:Creating environment hook '/home/jack/work/install/realsense2_camera/share/realsense2_camera/hook/ld_library_path_lib.ps1'
[2.701s] INFO:colcon.colcon_core.shell:Creating environment descriptor '/home/jack/work/install/realsense2_camera/share/realsense2_camera/hook/ld_library_path_lib.dsv'
[2.702s] INFO:colcon.colcon_core.shell:Creating environment hook '/home/jack/work/install/realsense2_camera/share/realsense2_camera/hook/ld_library_path_lib.sh'
[2.703s] Level 1:colcon.colcon_core.environment:checking '/home/jack/work/install/realsense2_camera/bin'
[2.703s] Level 1:colcon.colcon_core.environment:checking '/home/jack/work/install/realsense2_camera/lib/pkgconfig/realsense2_camera.pc'
[2.703s] Level 1:colcon.colcon_core.environment:checking '/home/jack/work/install/realsense2_camera/lib/python3.10/site-packages'
[2.703s] Level 1:colcon.colcon_core.environment:checking '/home/jack/work/install/realsense2_camera/bin'
[2.704s] INFO:colcon.colcon_core.shell:Creating package script '/home/jack/work/install/realsense2_camera/share/realsense2_camera/package.ps1'
[2.705s] INFO:colcon.colcon_core.shell:Creating package descriptor '/home/jack/work/install/realsense2_camera/share/realsense2_camera/package.dsv'
[2.706s] INFO:colcon.colcon_core.shell:Creating package script '/home/jack/work/install/realsense2_camera/share/realsense2_camera/package.sh'
[2.706s] INFO:colcon.colcon_core.shell:Creating package script '/home/jack/work/install/realsense2_camera/share/realsense2_camera/package.bash'
[2.707s] INFO:colcon.colcon_core.shell:Creating package script '/home/jack/work/install/realsense2_camera/share/realsense2_camera/package.zsh'
[2.707s] Level 1:colcon.colcon_core.environment:create_file_with_runtime_dependencies(/home/jack/work/install/realsense2_camera/share/colcon-core/packages/realsense2_camera)
[2.708s] Level 1:colcon.colcon_core.environment:create_environment_scripts_only(realsense2_camera)
[2.708s] Level 1:colcon.colcon_core.environment:checking '/home/jack/work/install/realsense2_camera' for CMake module files
[2.709s] Level 1:colcon.colcon_core.environment:checking '/home/jack/work/install/realsense2_camera' for CMake config files
[2.709s] Level 1:colcon.colcon_core.shell:create_environment_hook('realsense2_camera', 'cmake_prefix_path')
[2.709s] INFO:colcon.colcon_core.shell:Creating environment hook '/home/jack/work/install/realsense2_camera/share/realsense2_camera/hook/cmake_prefix_path.ps1'
[2.709s] INFO:colcon.colcon_core.shell:Creating environment descriptor '/home/jack/work/install/realsense2_camera/share/realsense2_camera/hook/cmake_prefix_path.dsv'
[2.710s] INFO:colcon.colcon_core.shell:Creating environment hook '/home/jack/work/install/realsense2_camera/share/realsense2_camera/hook/cmake_prefix_path.sh'
[2.710s] Level 1:colcon.colcon_core.environment:checking '/home/jack/work/install/realsense2_camera/lib'
[2.711s] Level 1:colcon.colcon_core.shell:create_environment_hook('realsense2_camera', 'ld_library_path_lib')
[2.711s] INFO:colcon.colcon_core.shell:Creating environment hook '/home/jack/work/install/realsense2_camera/share/realsense2_camera/hook/ld_library_path_lib.ps1'
[2.711s] INFO:colcon.colcon_core.shell:Creating environment descriptor '/home/jack/work/install/realsense2_camera/share/realsense2_camera/hook/ld_library_path_lib.dsv'
[2.712s] INFO:colcon.colcon_core.shell:Creating environment hook '/home/jack/work/install/realsense2_camera/share/realsense2_camera/hook/ld_library_path_lib.sh'
[2.713s] Level 1:colcon.colcon_core.environment:checking '/home/jack/work/install/realsense2_camera/bin'
[2.713s] Level 1:colcon.colcon_core.environment:checking '/home/jack/work/install/realsense2_camera/lib/pkgconfig/realsense2_camera.pc'
[2.713s] Level 1:colcon.colcon_core.environment:checking '/home/jack/work/install/realsense2_camera/lib/python3.10/site-packages'
[2.713s] Level 1:colcon.colcon_core.environment:checking '/home/jack/work/install/realsense2_camera/bin'
[2.714s] INFO:colcon.colcon_core.shell:Creating package script '/home/jack/work/install/realsense2_camera/share/realsense2_camera/package.ps1'
[2.714s] INFO:colcon.colcon_core.shell:Creating package descriptor '/home/jack/work/install/realsense2_camera/share/realsense2_camera/package.dsv'
[2.715s] INFO:colcon.colcon_core.shell:Creating package script '/home/jack/work/install/realsense2_camera/share/realsense2_camera/package.sh'
[2.715s] INFO:colcon.colcon_core.shell:Creating package script '/home/jack/work/install/realsense2_camera/share/realsense2_camera/package.bash'
[2.716s] INFO:colcon.colcon_core.shell:Creating package script '/home/jack/work/install/realsense2_camera/share/realsense2_camera/package.zsh'
[2.716s] Level 1:colcon.colcon_core.environment:create_file_with_runtime_dependencies(/home/jack/work/install/realsense2_camera/share/colcon-core/packages/realsense2_camera)
[2.723s] Level 1:colcon.colcon_core.environment:create_environment_scripts_only(hiwin_libmodbus)
[2.723s] Level 1:colcon.colcon_core.environment:checking '/home/jack/work/install/hiwin_libmodbus' for CMake module files
[2.724s] DEBUG:colcon.colcon_core.event_handler.log_command:Invoked command in '/home/jack/work/build/hiwin_libmodbus' returned '0': CMAKE_PREFIX_PATH=/home/jack/work/install/hiwin_interfaces:/home/jack/work/install/realsense2_description:/home/jack/work/install/realsense2_camera:/home/jack/work/install/realsense2_camera_msgs:/home/jack/work/install/hiwin_service_client:/home/jack/work/install/hiwin_libmodbus:/home/jack/work/install/detect_interface:/home/jack/work/install/yolov7_obj_detect:/home/jack/work/install/hiwin_example:/home/jack/work/install/hiwin_control:/home/jack/work/install/center:/opt/ros/humble LD_LIBRARY_PATH=/home/jack/work/install/hiwin_interfaces/lib:/home/jack/work/install/realsense2_camera/lib:/home/jack/work/install/realsense2_camera_msgs/lib:/home/jack/work/install/hiwin_libmodbus/lib:/home/jack/work/install/detect_interface/lib:/opt/ros/humble/opt/rviz_ogre_vendor/lib:/opt/ros/humble/lib/x86_64-linux-gnu:/opt/ros/humble/lib:/usr/local/nvidia/lib:/usr/local/nvidia/lib64 /usr/bin/cmake --install /home/jack/work/build/hiwin_libmodbus
[2.726s] Level 1:colcon.colcon_core.environment:checking '/home/jack/work/install/hiwin_libmodbus' for CMake config files
[2.726s] Level 1:colcon.colcon_core.shell:create_environment_hook('hiwin_libmodbus', 'cmake_prefix_path')
[2.727s] INFO:colcon.colcon_core.shell:Creating environment hook '/home/jack/work/install/hiwin_libmodbus/share/hiwin_libmodbus/hook/cmake_prefix_path.ps1'
[2.727s] INFO:colcon.colcon_core.shell:Creating environment descriptor '/home/jack/work/install/hiwin_libmodbus/share/hiwin_libmodbus/hook/cmake_prefix_path.dsv'
[2.728s] INFO:colcon.colcon_core.shell:Creating environment hook '/home/jack/work/install/hiwin_libmodbus/share/hiwin_libmodbus/hook/cmake_prefix_path.sh'
[2.728s] Level 1:colcon.colcon_core.environment:checking '/home/jack/work/install/hiwin_libmodbus/lib'
[2.728s] Level 1:colcon.colcon_core.shell:create_environment_hook('hiwin_libmodbus', 'ld_library_path_lib')
[2.728s] INFO:colcon.colcon_core.shell:Creating environment hook '/home/jack/work/install/hiwin_libmodbus/share/hiwin_libmodbus/hook/ld_library_path_lib.ps1'
[2.729s] INFO:colcon.colcon_core.shell:Creating environment descriptor '/home/jack/work/install/hiwin_libmodbus/share/hiwin_libmodbus/hook/ld_library_path_lib.dsv'
[2.729s] INFO:colcon.colcon_core.shell:Creating environment hook '/home/jack/work/install/hiwin_libmodbus/share/hiwin_libmodbus/hook/ld_library_path_lib.sh'
[2.730s] Level 1:colcon.colcon_core.environment:checking '/home/jack/work/install/hiwin_libmodbus/bin'
[2.730s] Level 1:colcon.colcon_core.environment:checking '/home/jack/work/install/hiwin_libmodbus/lib/pkgconfig/hiwin_libmodbus.pc'
[2.730s] Level 1:colcon.colcon_core.environment:checking '/home/jack/work/install/hiwin_libmodbus/lib/python3.10/site-packages'
[2.730s] Level 1:colcon.colcon_core.environment:checking '/home/jack/work/install/hiwin_libmodbus/bin'
[2.731s] INFO:colcon.colcon_core.shell:Creating package script '/home/jack/work/install/hiwin_libmodbus/share/hiwin_libmodbus/package.ps1'
[2.731s] INFO:colcon.colcon_core.shell:Creating package descriptor '/home/jack/work/install/hiwin_libmodbus/share/hiwin_libmodbus/package.dsv'
[2.732s] INFO:colcon.colcon_core.shell:Creating package script '/home/jack/work/install/hiwin_libmodbus/share/hiwin_libmodbus/package.sh'
[2.732s] INFO:colcon.colcon_core.shell:Creating package script '/home/jack/work/install/hiwin_libmodbus/share/hiwin_libmodbus/package.bash'
[2.732s] INFO:colcon.colcon_core.shell:Creating package script '/home/jack/work/install/hiwin_libmodbus/share/hiwin_libmodbus/package.zsh'
[2.733s] Level 1:colcon.colcon_core.environment:create_file_with_runtime_dependencies(/home/jack/work/install/hiwin_libmodbus/share/colcon-core/packages/hiwin_libmodbus)
[2.735s] Level 1:colcon.colcon_core.environment:create_environment_scripts_only(hiwin_libmodbus)
[2.736s] Level 1:colcon.colcon_core.environment:checking '/home/jack/work/install/hiwin_libmodbus' for CMake module files
[2.736s] Level 1:colcon.colcon_core.environment:checking '/home/jack/work/install/hiwin_libmodbus' for CMake config files
[2.736s] Level 1:colcon.colcon_core.shell:create_environment_hook('hiwin_libmodbus', 'cmake_prefix_path')
[2.737s] INFO:colcon.colcon_core.shell:Creating environment hook '/home/jack/work/install/hiwin_libmodbus/share/hiwin_libmodbus/hook/cmake_prefix_path.ps1'
[2.737s] INFO:colcon.colcon_core.shell:Creating environment descriptor '/home/jack/work/install/hiwin_libmodbus/share/hiwin_libmodbus/hook/cmake_prefix_path.dsv'
[2.738s] INFO:colcon.colcon_core.shell:Creating environment hook '/home/jack/work/install/hiwin_libmodbus/share/hiwin_libmodbus/hook/cmake_prefix_path.sh'
[2.738s] Level 1:colcon.colcon_core.environment:checking '/home/jack/work/install/hiwin_libmodbus/lib'
[2.738s] Level 1:colcon.colcon_core.shell:create_environment_hook('hiwin_libmodbus', 'ld_library_path_lib')
[2.739s] INFO:colcon.colcon_core.shell:Creating environment hook '/home/jack/work/install/hiwin_libmodbus/share/hiwin_libmodbus/hook/ld_library_path_lib.ps1'
[2.739s] INFO:colcon.colcon_core.shell:Creating environment descriptor '/home/jack/work/install/hiwin_libmodbus/share/hiwin_libmodbus/hook/ld_library_path_lib.dsv'
[2.739s] INFO:colcon.colcon_core.shell:Creating environment hook '/home/jack/work/install/hiwin_libmodbus/share/hiwin_libmodbus/hook/ld_library_path_lib.sh'
[2.740s] Level 1:colcon.colcon_core.environment:checking '/home/jack/work/install/hiwin_libmodbus/bin'
[2.740s] Level 1:colcon.colcon_core.environment:checking '/home/jack/work/install/hiwin_libmodbus/lib/pkgconfig/hiwin_libmodbus.pc'
[2.740s] Level 1:colcon.colcon_core.environment:checking '/home/jack/work/install/hiwin_libmodbus/lib/python3.10/site-packages'
[2.741s] Level 1:colcon.colcon_core.environment:checking '/home/jack/work/install/hiwin_libmodbus/bin'
[2.741s] INFO:colcon.colcon_core.shell:Creating package script '/home/jack/work/install/hiwin_libmodbus/share/hiwin_libmodbus/package.ps1'
[2.742s] INFO:colcon.colcon_core.shell:Creating package descriptor '/home/jack/work/install/hiwin_libmodbus/share/hiwin_libmodbus/package.dsv'
[2.742s] INFO:colcon.colcon_core.shell:Creating package script '/home/jack/work/install/hiwin_libmodbus/share/hiwin_libmodbus/package.sh'
[2.743s] INFO:colcon.colcon_core.shell:Creating package script '/home/jack/work/install/hiwin_libmodbus/share/hiwin_libmodbus/package.bash'
[2.743s] INFO:colcon.colcon_core.shell:Creating package script '/home/jack/work/install/hiwin_libmodbus/share/hiwin_libmodbus/package.zsh'
[2.744s] Level 1:colcon.colcon_core.environment:create_file_with_runtime_dependencies(/home/jack/work/install/hiwin_libmodbus/share/colcon-core/packages/hiwin_libmodbus)
[2.744s] INFO:colcon.colcon_ros.task.ament_cmake.build:Building ROS package in '/home/jack/work/src/Hiwin_libmodbus/hiwin_service_client' with build type 'ament_cmake'
[2.744s] INFO:colcon.colcon_cmake.task.cmake.build:Building CMake package in '/home/jack/work/src/Hiwin_libmodbus/hiwin_service_client'
[2.744s] INFO:colcon.colcon_core.shell:Skip shell extension 'powershell' for command environment: Not usable outside of PowerShell
[2.744s] DEBUG:colcon.colcon_core.shell:Skip shell extension 'dsv' for command environment
[2.777s] DEBUG:colcon.colcon_core.event_handler.log_command:Invoking command in '/home/jack/work/build/hiwin_service_client': CMAKE_PREFIX_PATH=/home/jack/work/install/hiwin_libmodbus:/home/jack/work/install/hiwin_interfaces:/home/jack/work/install/realsense2_description:/home/jack/work/install/realsense2_camera:/home/jack/work/install/realsense2_camera_msgs:/home/jack/work/install/hiwin_service_client:/home/jack/work/install/detect_interface:/home/jack/work/install/yolov7_obj_detect:/home/jack/work/install/hiwin_example:/home/jack/work/install/hiwin_control:/home/jack/work/install/center:/opt/ros/humble LD_LIBRARY_PATH=/home/jack/work/install/hiwin_libmodbus/lib:/home/jack/work/install/hiwin_interfaces/lib:/home/jack/work/install/realsense2_camera/lib:/home/jack/work/install/realsense2_camera_msgs/lib:/home/jack/work/install/detect_interface/lib:/opt/ros/humble/opt/rviz_ogre_vendor/lib:/opt/ros/humble/lib/x86_64-linux-gnu:/opt/ros/humble/lib:/usr/local/nvidia/lib:/usr/local/nvidia/lib64 /usr/bin/cmake --build /home/jack/work/build/hiwin_service_client -- -j16 -l16
[2.880s] DEBUG:colcon.colcon_core.event_handler.log_command:Invoked command in '/home/jack/work/build/hiwin_service_client' returned '0': CMAKE_PREFIX_PATH=/home/jack/work/install/hiwin_libmodbus:/home/jack/work/install/hiwin_interfaces:/home/jack/work/install/realsense2_description:/home/jack/work/install/realsense2_camera:/home/jack/work/install/realsense2_camera_msgs:/home/jack/work/install/hiwin_service_client:/home/jack/work/install/detect_interface:/home/jack/work/install/yolov7_obj_detect:/home/jack/work/install/hiwin_example:/home/jack/work/install/hiwin_control:/home/jack/work/install/center:/opt/ros/humble LD_LIBRARY_PATH=/home/jack/work/install/hiwin_libmodbus/lib:/home/jack/work/install/hiwin_interfaces/lib:/home/jack/work/install/realsense2_camera/lib:/home/jack/work/install/realsense2_camera_msgs/lib:/home/jack/work/install/detect_interface/lib:/opt/ros/humble/opt/rviz_ogre_vendor/lib:/opt/ros/humble/lib/x86_64-linux-gnu:/opt/ros/humble/lib:/usr/local/nvidia/lib:/usr/local/nvidia/lib64 /usr/bin/cmake --build /home/jack/work/build/hiwin_service_client -- -j16 -l16
[2.882s] DEBUG:colcon.colcon_core.event_handler.log_command:Invoking command in '/home/jack/work/build/hiwin_service_client': CMAKE_PREFIX_PATH=/home/jack/work/install/hiwin_libmodbus:/home/jack/work/install/hiwin_interfaces:/home/jack/work/install/realsense2_description:/home/jack/work/install/realsense2_camera:/home/jack/work/install/realsense2_camera_msgs:/home/jack/work/install/hiwin_service_client:/home/jack/work/install/detect_interface:/home/jack/work/install/yolov7_obj_detect:/home/jack/work/install/hiwin_example:/home/jack/work/install/hiwin_control:/home/jack/work/install/center:/opt/ros/humble LD_LIBRARY_PATH=/home/jack/work/install/hiwin_libmodbus/lib:/home/jack/work/install/hiwin_interfaces/lib:/home/jack/work/install/realsense2_camera/lib:/home/jack/work/install/realsense2_camera_msgs/lib:/home/jack/work/install/detect_interface/lib:/opt/ros/humble/opt/rviz_ogre_vendor/lib:/opt/ros/humble/lib/x86_64-linux-gnu:/opt/ros/humble/lib:/usr/local/nvidia/lib:/usr/local/nvidia/lib64 /usr/bin/cmake --install /home/jack/work/build/hiwin_service_client
[2.908s] Level 1:colcon.colcon_core.environment:create_environment_scripts_only(hiwin_service_client)
[2.908s] Level 1:colcon.colcon_core.environment:checking '/home/jack/work/install/hiwin_service_client' for CMake module files
[2.909s] Level 1:colcon.colcon_core.environment:checking '/home/jack/work/install/hiwin_service_client' for CMake config files
[2.909s] Level 1:colcon.colcon_core.shell:create_environment_hook('hiwin_service_client', 'cmake_prefix_path')
[2.910s] INFO:colcon.colcon_core.shell:Creating environment hook '/home/jack/work/install/hiwin_service_client/share/hiwin_service_client/hook/cmake_prefix_path.ps1'
[2.911s] DEBUG:colcon.colcon_core.event_handler.log_command:Invoked command in '/home/jack/work/build/hiwin_service_client' returned '0': CMAKE_PREFIX_PATH=/home/jack/work/install/hiwin_libmodbus:/home/jack/work/install/hiwin_interfaces:/home/jack/work/install/realsense2_description:/home/jack/work/install/realsense2_camera:/home/jack/work/install/realsense2_camera_msgs:/home/jack/work/install/hiwin_service_client:/home/jack/work/install/detect_interface:/home/jack/work/install/yolov7_obj_detect:/home/jack/work/install/hiwin_example:/home/jack/work/install/hiwin_control:/home/jack/work/install/center:/opt/ros/humble LD_LIBRARY_PATH=/home/jack/work/install/hiwin_libmodbus/lib:/home/jack/work/install/hiwin_interfaces/lib:/home/jack/work/install/realsense2_camera/lib:/home/jack/work/install/realsense2_camera_msgs/lib:/home/jack/work/install/detect_interface/lib:/opt/ros/humble/opt/rviz_ogre_vendor/lib:/opt/ros/humble/lib/x86_64-linux-gnu:/opt/ros/humble/lib:/usr/local/nvidia/lib:/usr/local/nvidia/lib64 /usr/bin/cmake --install /home/jack/work/build/hiwin_service_client
[2.913s] INFO:colcon.colcon_core.shell:Creating environment descriptor '/home/jack/work/install/hiwin_service_client/share/hiwin_service_client/hook/cmake_prefix_path.dsv'
[2.914s] INFO:colcon.colcon_core.shell:Creating environment hook '/home/jack/work/install/hiwin_service_client/share/hiwin_service_client/hook/cmake_prefix_path.sh'
[2.915s] Level 1:colcon.colcon_core.environment:checking '/home/jack/work/install/hiwin_service_client/bin'
[2.915s] Level 1:colcon.colcon_core.environment:checking '/home/jack/work/install/hiwin_service_client/lib/pkgconfig/hiwin_service_client.pc'
[2.915s] Level 1:colcon.colcon_core.environment:checking '/home/jack/work/install/hiwin_service_client/lib/python3.10/site-packages'
[2.915s] Level 1:colcon.colcon_core.environment:checking '/home/jack/work/install/hiwin_service_client/bin'
[2.916s] INFO:colcon.colcon_core.shell:Creating package script '/home/jack/work/install/hiwin_service_client/share/hiwin_service_client/package.ps1'
[2.920s] INFO:colcon.colcon_core.shell:Creating package descriptor '/home/jack/work/install/hiwin_service_client/share/hiwin_service_client/package.dsv'
[2.920s] INFO:colcon.colcon_core.shell:Creating package script '/home/jack/work/install/hiwin_service_client/share/hiwin_service_client/package.sh'
[2.921s] INFO:colcon.colcon_core.shell:Creating package script '/home/jack/work/install/hiwin_service_client/share/hiwin_service_client/package.bash'
[2.921s] INFO:colcon.colcon_core.shell:Creating package script '/home/jack/work/install/hiwin_service_client/share/hiwin_service_client/package.zsh'
[2.922s] Level 1:colcon.colcon_core.environment:create_file_with_runtime_dependencies(/home/jack/work/install/hiwin_service_client/share/colcon-core/packages/hiwin_service_client)
[2.926s] Level 1:colcon.colcon_core.environment:create_environment_scripts_only(hiwin_service_client)
[2.926s] Level 1:colcon.colcon_core.environment:checking '/home/jack/work/install/hiwin_service_client' for CMake module files
[2.927s] Level 1:colcon.colcon_core.environment:checking '/home/jack/work/install/hiwin_service_client' for CMake config files
[2.927s] Level 1:colcon.colcon_core.shell:create_environment_hook('hiwin_service_client', 'cmake_prefix_path')
[2.927s] INFO:colcon.colcon_core.shell:Creating environment hook '/home/jack/work/install/hiwin_service_client/share/hiwin_service_client/hook/cmake_prefix_path.ps1'
[2.928s] INFO:colcon.colcon_core.shell:Creating environment descriptor '/home/jack/work/install/hiwin_service_client/share/hiwin_service_client/hook/cmake_prefix_path.dsv'
[2.931s] INFO:colcon.colcon_core.shell:Creating environment hook '/home/jack/work/install/hiwin_service_client/share/hiwin_service_client/hook/cmake_prefix_path.sh'
[2.932s] Level 1:colcon.colcon_core.environment:checking '/home/jack/work/install/hiwin_service_client/bin'
[2.932s] Level 1:colcon.colcon_core.environment:checking '/home/jack/work/install/hiwin_service_client/lib/pkgconfig/hiwin_service_client.pc'
[2.932s] Level 1:colcon.colcon_core.environment:checking '/home/jack/work/install/hiwin_service_client/lib/python3.10/site-packages'
[2.933s] Level 1:colcon.colcon_core.environment:checking '/home/jack/work/install/hiwin_service_client/bin'
[2.933s] INFO:colcon.colcon_core.shell:Creating package script '/home/jack/work/install/hiwin_service_client/share/hiwin_service_client/package.ps1'
[2.934s] INFO:colcon.colcon_core.shell:Creating package descriptor '/home/jack/work/install/hiwin_service_client/share/hiwin_service_client/package.dsv'
[2.938s] INFO:colcon.colcon_core.shell:Creating package script '/home/jack/work/install/hiwin_service_client/share/hiwin_service_client/package.sh'
[2.939s] INFO:colcon.colcon_core.shell:Creating package script '/home/jack/work/install/hiwin_service_client/share/hiwin_service_client/package.bash'
[2.939s] INFO:colcon.colcon_core.shell:Creating package script '/home/jack/work/install/hiwin_service_client/share/hiwin_service_client/package.zsh'
[2.940s] Level 1:colcon.colcon_core.environment:create_file_with_runtime_dependencies(/home/jack/work/install/hiwin_service_client/share/colcon-core/packages/hiwin_service_client)
[3.262s] Level 1:colcon.colcon_core.environment:checking '/home/jack/work/install/hiwin_example' for CMake module files
[3.262s] Level 1:colcon.colcon_core.environment:checking '/home/jack/work/install/hiwin_example' for CMake config files
[3.263s] DEBUG:colcon.colcon_core.event_handler.log_command:Invoked command in '/home/jack/work/src/Hiwin_libmodbus/hiwin_example' returned '0': PYTHONPATH=/home/jack/work/build/hiwin_example/prefix_override:/usr/lib/python3/dist-packages/colcon_core/task/python/colcon_distutils_commands:/home/jack/work/install/hiwin_example/lib/python3.10/site-packages:${PYTHONPATH} /usr/bin/python3 -W ignore:setup.py install is deprecated -W ignore:easy_install command is deprecated setup.py egg_info --egg-base ../../../build/hiwin_example build --build-base /home/jack/work/build/hiwin_example/build install --record /home/jack/work/build/hiwin_example/install.log --single-version-externally-managed install_data
[3.264s] Level 1:colcon.colcon_core.environment:checking '/home/jack/work/install/hiwin_example/lib'
[3.265s] Level 1:colcon.colcon_core.environment:checking '/home/jack/work/install/hiwin_example/bin'
[3.265s] Level 1:colcon.colcon_core.environment:checking '/home/jack/work/install/hiwin_example/lib/pkgconfig/hiwin_example.pc'
[3.265s] Level 1:colcon.colcon_core.environment:checking '/home/jack/work/install/hiwin_example/lib/python3.10/site-packages'
[3.266s] Level 1:colcon.colcon_core.shell:create_environment_hook('hiwin_example', 'pythonpath')
[3.266s] INFO:colcon.colcon_core.shell:Creating environment hook '/home/jack/work/install/hiwin_example/share/hiwin_example/hook/pythonpath.ps1'
[3.267s] INFO:colcon.colcon_core.shell:Creating environment descriptor '/home/jack/work/install/hiwin_example/share/hiwin_example/hook/pythonpath.dsv'
[3.267s] INFO:colcon.colcon_core.shell:Creating environment hook '/home/jack/work/install/hiwin_example/share/hiwin_example/hook/pythonpath.sh'
[3.268s] Level 1:colcon.colcon_core.environment:checking '/home/jack/work/install/hiwin_example/bin'
[3.268s] Level 1:colcon.colcon_core.environment:create_environment_scripts_only(hiwin_example)
[3.268s] INFO:colcon.colcon_core.shell:Creating package script '/home/jack/work/install/hiwin_example/share/hiwin_example/package.ps1'
[3.269s] INFO:colcon.colcon_core.shell:Creating package descriptor '/home/jack/work/install/hiwin_example/share/hiwin_example/package.dsv'
[3.270s] INFO:colcon.colcon_core.shell:Creating package script '/home/jack/work/install/hiwin_example/share/hiwin_example/package.sh'
[3.271s] INFO:colcon.colcon_core.shell:Creating package script '/home/jack/work/install/hiwin_example/share/hiwin_example/package.bash'
[3.272s] INFO:colcon.colcon_core.shell:Creating package script '/home/jack/work/install/hiwin_example/share/hiwin_example/package.zsh'
[3.272s] Level 1:colcon.colcon_core.environment:create_file_with_runtime_dependencies(/home/jack/work/install/hiwin_example/share/colcon-core/packages/hiwin_example)
[3.275s] DEBUG:colcon.colcon_core.event_handler.log_command:Invoking command in '/home/jack/work/src/hiwin_control': CMAKE_PREFIX_PATH=/home/jack/work/install/detect_interface:/home/jack/work/install/realsense2_description:/home/jack/work/install/realsense2_camera:/home/jack/work/install/realsense2_camera_msgs:/home/jack/work/install/hiwin_service_client:/home/jack/work/install/hiwin_libmodbus:/home/jack/work/install/hiwin_interfaces LD_LIBRARY_PATH=/home/jack/work/install/detect_interface/lib:/home/jack/work/install/realsense2_camera/lib:/home/jack/work/install/realsense2_camera_msgs/lib:/home/jack/work/install/hiwin_libmodbus/lib:/home/jack/work/install/hiwin_interfaces/lib:/opt/ros/humble/opt/rviz_ogre_vendor/lib:/opt/ros/humble/lib/x86_64-linux-gnu:/opt/ros/humble/lib:/usr/local/nvidia/lib:/usr/local/nvidia/lib64 PYTHONPATH=/home/jack/work/build/hiwin_control/prefix_override:/usr/lib/python3/dist-packages/colcon_core/task/python/colcon_distutils_commands:/home/jack/work/install/hiwin_control/lib/python3.10/site-packages:${PYTHONPATH} /usr/bin/python3 -W ignore:setup.py install is deprecated -W ignore:easy_install command is deprecated setup.py egg_info --egg-base ../../build/hiwin_control build --build-base /home/jack/work/build/hiwin_control/build install --record /home/jack/work/build/hiwin_control/install.log --single-version-externally-managed install_data
[3.306s] DEBUG:colcon.colcon_core.event_handler.log_command:Invoking command in '/home/jack/work/src/pool/detect/yolov7_obj_detect': CMAKE_PREFIX_PATH=/home/jack/work/install/detect_interface:/home/jack/work/install/realsense2_description:/home/jack/work/install/realsense2_camera:/home/jack/work/install/realsense2_camera_msgs:/home/jack/work/install/hiwin_service_client:/home/jack/work/install/hiwin_libmodbus:/home/jack/work/install/hiwin_interfaces LD_LIBRARY_PATH=/home/jack/work/install/detect_interface/lib:/home/jack/work/install/realsense2_camera/lib:/home/jack/work/install/realsense2_camera_msgs/lib:/home/jack/work/install/hiwin_libmodbus/lib:/home/jack/work/install/hiwin_interfaces/lib:/opt/ros/humble/opt/rviz_ogre_vendor/lib:/opt/ros/humble/lib/x86_64-linux-gnu:/opt/ros/humble/lib:/usr/local/nvidia/lib:/usr/local/nvidia/lib64 PYTHONPATH=/home/jack/work/build/yolov7_obj_detect/prefix_override:/usr/lib/python3/dist-packages/colcon_core/task/python/colcon_distutils_commands:/home/jack/work/install/yolov7_obj_detect/lib/python3.10/site-packages:${PYTHONPATH} /usr/bin/python3 -W ignore:setup.py install is deprecated -W ignore:easy_install command is deprecated setup.py egg_info --egg-base ../../../../build/yolov7_obj_detect build --build-base /home/jack/work/build/yolov7_obj_detect/build install --record /home/jack/work/build/yolov7_obj_detect/install.log --single-version-externally-managed install_data
[3.445s] DEBUG:colcon.colcon_core.event_handler.log_command:Invoking command in '/home/jack/work/src/pool/center': CMAKE_PREFIX_PATH=/home/jack/work/install/detect_interface:/home/jack/work/install/realsense2_description:/home/jack/work/install/realsense2_camera:/home/jack/work/install/realsense2_camera_msgs:/home/jack/work/install/hiwin_service_client:/home/jack/work/install/hiwin_libmodbus:/home/jack/work/install/hiwin_interfaces LD_LIBRARY_PATH=/home/jack/work/install/detect_interface/lib:/home/jack/work/install/realsense2_camera/lib:/home/jack/work/install/realsense2_camera_msgs/lib:/home/jack/work/install/hiwin_libmodbus/lib:/home/jack/work/install/hiwin_interfaces/lib:/opt/ros/humble/opt/rviz_ogre_vendor/lib:/opt/ros/humble/lib/x86_64-linux-gnu:/opt/ros/humble/lib:/usr/local/nvidia/lib:/usr/local/nvidia/lib64 PYTHONPATH=/home/jack/work/build/center/prefix_override:/usr/lib/python3/dist-packages/colcon_core/task/python/colcon_distutils_commands:/home/jack/work/install/center/lib/python3.10/site-packages:${PYTHONPATH} /usr/bin/python3 -W ignore:setup.py install is deprecated -W ignore:easy_install command is deprecated setup.py egg_info --egg-base ../../../build/center build --build-base /home/jack/work/build/center/build install --record /home/jack/work/build/center/install.log --single-version-externally-managed install_data
[3.843s] Level 1:colcon.colcon_core.environment:checking '/home/jack/work/install/hiwin_control' for CMake module files
[3.844s] Level 1:colcon.colcon_core.environment:checking '/home/jack/work/install/hiwin_control' for CMake config files
[3.844s] Level 1:colcon.colcon_core.environment:checking '/home/jack/work/install/hiwin_control/lib'
[3.844s] Level 1:colcon.colcon_core.environment:checking '/home/jack/work/install/hiwin_control/bin'
[3.844s] Level 1:colcon.colcon_core.environment:checking '/home/jack/work/install/hiwin_control/lib/pkgconfig/hiwin_control.pc'
[3.845s] Level 1:colcon.colcon_core.environment:checking '/home/jack/work/install/hiwin_control/lib/python3.10/site-packages'
[3.845s] Level 1:colcon.colcon_core.shell:create_environment_hook('hiwin_control', 'pythonpath')
[3.845s] INFO:colcon.colcon_core.shell:Creating environment hook '/home/jack/work/install/hiwin_control/share/hiwin_control/hook/pythonpath.ps1'
[3.845s] INFO:colcon.colcon_core.shell:Creating environment descriptor '/home/jack/work/install/hiwin_control/share/hiwin_control/hook/pythonpath.dsv'
[3.846s] INFO:colcon.colcon_core.shell:Creating environment hook '/home/jack/work/install/hiwin_control/share/hiwin_control/hook/pythonpath.sh'
[3.846s] DEBUG:colcon.colcon_core.event_handler.log_command:Invoked command in '/home/jack/work/src/hiwin_control' returned '0': CMAKE_PREFIX_PATH=/home/jack/work/install/detect_interface:/home/jack/work/install/realsense2_description:/home/jack/work/install/realsense2_camera:/home/jack/work/install/realsense2_camera_msgs:/home/jack/work/install/hiwin_service_client:/home/jack/work/install/hiwin_libmodbus:/home/jack/work/install/hiwin_interfaces LD_LIBRARY_PATH=/home/jack/work/install/detect_interface/lib:/home/jack/work/install/realsense2_camera/lib:/home/jack/work/install/realsense2_camera_msgs/lib:/home/jack/work/install/hiwin_libmodbus/lib:/home/jack/work/install/hiwin_interfaces/lib:/opt/ros/humble/opt/rviz_ogre_vendor/lib:/opt/ros/humble/lib/x86_64-linux-gnu:/opt/ros/humble/lib:/usr/local/nvidia/lib:/usr/local/nvidia/lib64 PYTHONPATH=/home/jack/work/build/hiwin_control/prefix_override:/usr/lib/python3/dist-packages/colcon_core/task/python/colcon_distutils_commands:/home/jack/work/install/hiwin_control/lib/python3.10/site-packages:${PYTHONPATH} /usr/bin/python3 -W ignore:setup.py install is deprecated -W ignore:easy_install command is deprecated setup.py egg_info --egg-base ../../build/hiwin_control build --build-base /home/jack/work/build/hiwin_control/build install --record /home/jack/work/build/hiwin_control/install.log --single-version-externally-managed install_data
[3.847s] Level 1:colcon.colcon_core.environment:checking '/home/jack/work/install/hiwin_control/bin'
[3.848s] Level 1:colcon.colcon_core.environment:create_environment_scripts_only(hiwin_control)
[3.848s] INFO:colcon.colcon_core.shell:Creating package script '/home/jack/work/install/hiwin_control/share/hiwin_control/package.ps1'
[3.848s] INFO:colcon.colcon_core.shell:Creating package descriptor '/home/jack/work/install/hiwin_control/share/hiwin_control/package.dsv'
[3.849s] INFO:colcon.colcon_core.shell:Creating package script '/home/jack/work/install/hiwin_control/share/hiwin_control/package.sh'
[3.849s] INFO:colcon.colcon_core.shell:Creating package script '/home/jack/work/install/hiwin_control/share/hiwin_control/package.bash'
[3.850s] INFO:colcon.colcon_core.shell:Creating package script '/home/jack/work/install/hiwin_control/share/hiwin_control/package.zsh'
[3.850s] Level 1:colcon.colcon_core.environment:create_file_with_runtime_dependencies(/home/jack/work/install/hiwin_control/share/colcon-core/packages/hiwin_control)
[3.969s] Level 1:colcon.colcon_core.environment:checking '/home/jack/work/install/center' for CMake module files
[3.970s] DEBUG:colcon.colcon_core.event_handler.log_command:Invoked command in '/home/jack/work/src/pool/center' returned '0': CMAKE_PREFIX_PATH=/home/jack/work/install/detect_interface:/home/jack/work/install/realsense2_description:/home/jack/work/install/realsense2_camera:/home/jack/work/install/realsense2_camera_msgs:/home/jack/work/install/hiwin_service_client:/home/jack/work/install/hiwin_libmodbus:/home/jack/work/install/hiwin_interfaces LD_LIBRARY_PATH=/home/jack/work/install/detect_interface/lib:/home/jack/work/install/realsense2_camera/lib:/home/jack/work/install/realsense2_camera_msgs/lib:/home/jack/work/install/hiwin_libmodbus/lib:/home/jack/work/install/hiwin_interfaces/lib:/opt/ros/humble/opt/rviz_ogre_vendor/lib:/opt/ros/humble/lib/x86_64-linux-gnu:/opt/ros/humble/lib:/usr/local/nvidia/lib:/usr/local/nvidia/lib64 PYTHONPATH=/home/jack/work/build/center/prefix_override:/usr/lib/python3/dist-packages/colcon_core/task/python/colcon_distutils_commands:/home/jack/work/install/center/lib/python3.10/site-packages:${PYTHONPATH} /usr/bin/python3 -W ignore:setup.py install is deprecated -W ignore:easy_install command is deprecated setup.py egg_info --egg-base ../../../build/center build --build-base /home/jack/work/build/center/build install --record /home/jack/work/build/center/install.log --single-version-externally-managed install_data
[3.970s] Level 1:colcon.colcon_core.environment:checking '/home/jack/work/install/center' for CMake config files
[3.971s] Level 1:colcon.colcon_core.environment:checking '/home/jack/work/install/center/lib'
[3.971s] Level 1:colcon.colcon_core.environment:checking '/home/jack/work/install/center/bin'
[3.971s] Level 1:colcon.colcon_core.environment:checking '/home/jack/work/install/center/lib/pkgconfig/center.pc'
[3.972s] Level 1:colcon.colcon_core.environment:checking '/home/jack/work/install/center/lib/python3.10/site-packages'
[3.972s] Level 1:colcon.colcon_core.shell:create_environment_hook('center', 'pythonpath')
[3.972s] INFO:colcon.colcon_core.shell:Creating environment hook '/home/jack/work/install/center/share/center/hook/pythonpath.ps1'
[3.973s] INFO:colcon.colcon_core.shell:Creating environment descriptor '/home/jack/work/install/center/share/center/hook/pythonpath.dsv'
[3.973s] INFO:colcon.colcon_core.shell:Creating environment hook '/home/jack/work/install/center/share/center/hook/pythonpath.sh'
[3.974s] Level 1:colcon.colcon_core.environment:checking '/home/jack/work/install/center/bin'
[3.974s] Level 1:colcon.colcon_core.environment:create_environment_scripts_only(center)
[3.974s] INFO:colcon.colcon_core.shell:Creating package script '/home/jack/work/install/center/share/center/package.ps1'
[3.976s] INFO:colcon.colcon_core.shell:Creating package descriptor '/home/jack/work/install/center/share/center/package.dsv'
[3.977s] INFO:colcon.colcon_core.shell:Creating package script '/home/jack/work/install/center/share/center/package.sh'
[3.978s] INFO:colcon.colcon_core.shell:Creating package script '/home/jack/work/install/center/share/center/package.bash'
[3.978s] INFO:colcon.colcon_core.shell:Creating package script '/home/jack/work/install/center/share/center/package.zsh'
[3.978s] Level 1:colcon.colcon_core.environment:create_file_with_runtime_dependencies(/home/jack/work/install/center/share/colcon-core/packages/center)
[4.256s] Level 1:colcon.colcon_core.environment:checking '/home/jack/work/install/yolov7_obj_detect' for CMake module files
[4.257s] Level 1:colcon.colcon_core.environment:checking '/home/jack/work/install/yolov7_obj_detect' for CMake config files
[4.257s] Level 1:colcon.colcon_core.environment:checking '/home/jack/work/install/yolov7_obj_detect/lib'
[4.258s] Level 1:colcon.colcon_core.environment:checking '/home/jack/work/install/yolov7_obj_detect/bin'
[4.258s] Level 1:colcon.colcon_core.environment:checking '/home/jack/work/install/yolov7_obj_detect/lib/pkgconfig/yolov7_obj_detect.pc'
[4.258s] Level 1:colcon.colcon_core.environment:checking '/home/jack/work/install/yolov7_obj_detect/lib/python3.10/site-packages'
[4.258s] Level 1:colcon.colcon_core.shell:create_environment_hook('yolov7_obj_detect', 'pythonpath')
[4.259s] INFO:colcon.colcon_core.shell:Creating environment hook '/home/jack/work/install/yolov7_obj_detect/share/yolov7_obj_detect/hook/pythonpath.ps1'
[4.259s] INFO:colcon.colcon_core.shell:Creating environment descriptor '/home/jack/work/install/yolov7_obj_detect/share/yolov7_obj_detect/hook/pythonpath.dsv'
[4.258s] DEBUG:colcon.colcon_core.event_handler.log_command:Invoked command in '/home/jack/work/src/pool/detect/yolov7_obj_detect' returned '0': CMAKE_PREFIX_PATH=/home/jack/work/install/detect_interface:/home/jack/work/install/realsense2_description:/home/jack/work/install/realsense2_camera:/home/jack/work/install/realsense2_camera_msgs:/home/jack/work/install/hiwin_service_client:/home/jack/work/install/hiwin_libmodbus:/home/jack/work/install/hiwin_interfaces LD_LIBRARY_PATH=/home/jack/work/install/detect_interface/lib:/home/jack/work/install/realsense2_camera/lib:/home/jack/work/install/realsense2_camera_msgs/lib:/home/jack/work/install/hiwin_libmodbus/lib:/home/jack/work/install/hiwin_interfaces/lib:/opt/ros/humble/opt/rviz_ogre_vendor/lib:/opt/ros/humble/lib/x86_64-linux-gnu:/opt/ros/humble/lib:/usr/local/nvidia/lib:/usr/local/nvidia/lib64 PYTHONPATH=/home/jack/work/build/yolov7_obj_detect/prefix_override:/usr/lib/python3/dist-packages/colcon_core/task/python/colcon_distutils_commands:/home/jack/work/install/yolov7_obj_detect/lib/python3.10/site-packages:${PYTHONPATH} /usr/bin/python3 -W ignore:setup.py install is deprecated -W ignore:easy_install command is deprecated setup.py egg_info --egg-base ../../../../build/yolov7_obj_detect build --build-base /home/jack/work/build/yolov7_obj_detect/build install --record /home/jack/work/build/yolov7_obj_detect/install.log --single-version-externally-managed install_data
[4.260s] INFO:colcon.colcon_core.shell:Creating environment hook '/home/jack/work/install/yolov7_obj_detect/share/yolov7_obj_detect/hook/pythonpath.sh'
[4.261s] Level 1:colcon.colcon_core.environment:checking '/home/jack/work/install/yolov7_obj_detect/bin'
[4.261s] Level 1:colcon.colcon_core.environment:create_environment_scripts_only(yolov7_obj_detect)
[4.261s] INFO:colcon.colcon_core.shell:Creating package script '/home/jack/work/install/yolov7_obj_detect/share/yolov7_obj_detect/package.ps1'
[4.262s] INFO:colcon.colcon_core.shell:Creating package descriptor '/home/jack/work/install/yolov7_obj_detect/share/yolov7_obj_detect/package.dsv'
[4.262s] INFO:colcon.colcon_core.shell:Creating package script '/home/jack/work/install/yolov7_obj_detect/share/yolov7_obj_detect/package.sh'
[4.263s] INFO:colcon.colcon_core.shell:Creating package script '/home/jack/work/install/yolov7_obj_detect/share/yolov7_obj_detect/package.bash'
[4.263s] INFO:colcon.colcon_core.shell:Creating package script '/home/jack/work/install/yolov7_obj_detect/share/yolov7_obj_detect/package.zsh'
[4.263s] Level 1:colcon.colcon_core.environment:create_file_with_runtime_dependencies(/home/jack/work/install/yolov7_obj_detect/share/colcon-core/packages/yolov7_obj_detect)
[4.264s] DEBUG:colcon.colcon_parallel_executor.executor.parallel:closing loop
[4.264s] DEBUG:colcon.colcon_parallel_executor.executor.parallel:loop closed
[4.264s] DEBUG:colcon.colcon_parallel_executor.executor.parallel:run_until_complete finished with '0'
[4.264s] DEBUG:colcon.colcon_core.event_reactor:joining thread
[4.293s] INFO:colcon.colcon_core.plugin_system:Skipping extension 'colcon_notification.desktop_notification.notify_send': Could not find 'notify-send'
[4.294s] INFO:colcon.colcon_core.plugin_system:Skipping extension 'colcon_notification.desktop_notification.terminal_notifier': Not used on non-Darwin systems
[4.294s] INFO:colcon.colcon_core.plugin_system:Skipping extension 'colcon_notification.desktop_notification.win32': Not used on non-Windows systems
[4.294s] INFO:colcon.colcon_notification.desktop_notification:Sending desktop notification using 'notify2'
[4.298s] DEBUG:colcon.colcon_notification.desktop_notification.notify2:Failed to initialize notify2: org.freedesktop.DBus.Error.Spawn.ExecFailed: /usr/bin/dbus-launch terminated abnormally without any error message
[4.298s] DEBUG:colcon.colcon_core.event_reactor:joined thread
[4.299s] INFO:colcon.colcon_core.shell:Creating prefix script '/home/jack/work/install/local_setup.ps1'
[4.302s] INFO:colcon.colcon_core.shell:Creating prefix util module '/home/jack/work/install/_local_setup_util_ps1.py'
[4.304s] INFO:colcon.colcon_core.shell:Creating prefix chain script '/home/jack/work/install/setup.ps1'
[4.306s] INFO:colcon.colcon_core.shell:Creating prefix script '/home/jack/work/install/local_setup.sh'
[4.307s] INFO:colcon.colcon_core.shell:Creating prefix util module '/home/jack/work/install/_local_setup_util_sh.py'
[4.308s] INFO:colcon.colcon_core.shell:Creating prefix chain script '/home/jack/work/install/setup.sh'
[4.309s] INFO:colcon.colcon_core.shell:Creating prefix script '/home/jack/work/install/local_setup.bash'
[4.310s] INFO:colcon.colcon_core.shell:Creating prefix chain script '/home/jack/work/install/setup.bash'
[4.311s] INFO:colcon.colcon_core.shell:Creating prefix script '/home/jack/work/install/local_setup.zsh'
[4.312s] INFO:colcon.colcon_core.shell:Creating prefix chain script '/home/jack/work/install/setup.zsh'
