[0.077s] DEBUG:colcon:Command line arguments: ['/usr/bin/colcon', 'build', '--symlink-install', '--packages-select', 'hiwin_control']
[0.077s] DEBUG:colcon:Parsed command line arguments: Namespace(log_base=None, log_level=None, verb_name='build', build_base='build', install_base='install', merge_install=False, symlink_install=True, test_result_base=None, continue_on_error=False, executor='parallel', parallel_workers=16, event_handlers=None, ignore_user_meta=False, metas=['./colcon.meta'], base_paths=['.'], packages_ignore=None, packages_ignore_regex=None, paths=None, packages_up_to=None, packages_up_to_regex=None, packages_above=None, packages_above_and_dependencies=None, packages_above_depth=None, packages_select_by_dep=None, packages_skip_by_dep=None, packages_skip_up_to=None, packages_select_build_failed=False, packages_skip_build_finished=False, packages_select_test_failures=False, packages_skip_test_passed=False, packages_select=['hiwin_control'], packages_skip=None, packages_select_regex=None, packages_skip_regex=None, packages_start=None, packages_end=None, allow_overriding=[], cmake_args=None, cmake_target=None, cmake_target_skip_unavailable=False, cmake_clean_cache=False, cmake_clean_first=False, cmake_force_configure=False, ament_cmake_args=None, catkin_cmake_args=None, catkin_skip_building_tests=False, verb_parser=<colcon_defaults.argument_parser.defaults.DefaultArgumentsDecorator object at 0x786d0f0bbf10>, verb_extension=<colcon_core.verb.build.BuildVerb object at 0x786d0f0bb940>, main=<bound method BuildVerb.main of <colcon_core.verb.build.BuildVerb object at 0x786d0f0bb940>>)
[0.103s] Level 1:colcon.colcon_core.package_discovery:discover_packages(colcon_meta) check parameters
[0.103s] Level 1:colcon.colcon_core.package_discovery:discover_packages(recursive) check parameters
[0.103s] Level 1:colcon.colcon_core.package_discovery:discover_packages(ignore) check parameters
[0.103s] Level 1:colcon.colcon_core.package_discovery:discover_packages(path) check parameters
[0.103s] Level 1:colcon.colcon_core.package_discovery:discover_packages(colcon_meta) discover
[0.103s] Level 1:colcon.colcon_core.package_discovery:discover_packages(recursive) discover
[0.103s] INFO:colcon.colcon_core.package_discovery:Crawling recursively for packages in '/home/jack/work'
[0.103s] Level 1:colcon.colcon_core.package_identification:_identify(.) by extensions ['ignore', 'ignore_ament_install']
[0.103s] Level 1:colcon.colcon_core.package_identification:_identify(.) by extension 'ignore'
[0.103s] Level 1:colcon.colcon_core.package_identification:_identify(.) by extension 'ignore_ament_install'
[0.103s] Level 1:colcon.colcon_core.package_identification:_identify(.) by extensions ['colcon_pkg']
[0.103s] Level 1:colcon.colcon_core.package_identification:_identify(.) by extension 'colcon_pkg'
[0.103s] Level 1:colcon.colcon_core.package_identification:_identify(.) by extensions ['colcon_meta']
[0.103s] Level 1:colcon.colcon_core.package_identification:_identify(.) by extension 'colcon_meta'
[0.103s] Level 1:colcon.colcon_core.package_identification:_identify(.) by extensions ['ros']
[0.103s] Level 1:colcon.colcon_core.package_identification:_identify(.) by extension 'ros'
[0.113s] Level 1:colcon.colcon_core.package_identification:_identify(.) by extensions ['cmake', 'python']
[0.113s] Level 1:colcon.colcon_core.package_identification:_identify(.) by extension 'cmake'
[0.113s] Level 1:colcon.colcon_core.package_identification:_identify(.) by extension 'python'
[0.113s] Level 1:colcon.colcon_core.package_identification:_identify(.) by extensions ['python_setup_py']
[0.113s] Level 1:colcon.colcon_core.package_identification:_identify(.) by extension 'python_setup_py'
[0.113s] Level 1:colcon.colcon_core.package_identification:_identify(build) by extensions ['ignore', 'ignore_ament_install']
[0.113s] Level 1:colcon.colcon_core.package_identification:_identify(build) by extension 'ignore'
[0.113s] Level 1:colcon.colcon_core.package_identification:_identify(build) ignored
[0.113s] Level 1:colcon.colcon_core.package_identification:_identify(docker) by extensions ['ignore', 'ignore_ament_install']
[0.113s] Level 1:colcon.colcon_core.package_identification:_identify(docker) by extension 'ignore'
[0.113s] Level 1:colcon.colcon_core.package_identification:_identify(docker) by extension 'ignore_ament_install'
[0.113s] Level 1:colcon.colcon_core.package_identification:_identify(docker) by extensions ['colcon_pkg']
[0.113s] Level 1:colcon.colcon_core.package_identification:_identify(docker) by extension 'colcon_pkg'
[0.113s] Level 1:colcon.colcon_core.package_identification:_identify(docker) by extensions ['colcon_meta']
[0.113s] Level 1:colcon.colcon_core.package_identification:_identify(docker) by extension 'colcon_meta'
[0.113s] Level 1:colcon.colcon_core.package_identification:_identify(docker) by extensions ['ros']
[0.113s] Level 1:colcon.colcon_core.package_identification:_identify(docker) by extension 'ros'
[0.113s] Level 1:colcon.colcon_core.package_identification:_identify(docker) by extensions ['cmake', 'python']
[0.113s] Level 1:colcon.colcon_core.package_identification:_identify(docker) by extension 'cmake'
[0.113s] Level 1:colcon.colcon_core.package_identification:_identify(docker) by extension 'python'
[0.113s] Level 1:colcon.colcon_core.package_identification:_identify(docker) by extensions ['python_setup_py']
[0.113s] Level 1:colcon.colcon_core.package_identification:_identify(docker) by extension 'python_setup_py'
[0.113s] Level 1:colcon.colcon_core.package_identification:_identify(docker/compose) by extensions ['ignore', 'ignore_ament_install']
[0.113s] Level 1:colcon.colcon_core.package_identification:_identify(docker/compose) by extension 'ignore'
[0.113s] Level 1:colcon.colcon_core.package_identification:_identify(docker/compose) by extension 'ignore_ament_install'
[0.113s] Level 1:colcon.colcon_core.package_identification:_identify(docker/compose) by extensions ['colcon_pkg']
[0.113s] Level 1:colcon.colcon_core.package_identification:_identify(docker/compose) by extension 'colcon_pkg'
[0.113s] Level 1:colcon.colcon_core.package_identification:_identify(docker/compose) by extensions ['colcon_meta']
[0.113s] Level 1:colcon.colcon_core.package_identification:_identify(docker/compose) by extension 'colcon_meta'
[0.113s] Level 1:colcon.colcon_core.package_identification:_identify(docker/compose) by extensions ['ros']
[0.113s] Level 1:colcon.colcon_core.package_identification:_identify(docker/compose) by extension 'ros'
[0.114s] Level 1:colcon.colcon_core.package_identification:_identify(docker/compose) by extensions ['cmake', 'python']
[0.114s] Level 1:colcon.colcon_core.package_identification:_identify(docker/compose) by extension 'cmake'
[0.114s] Level 1:colcon.colcon_core.package_identification:_identify(docker/compose) by extension 'python'
[0.114s] Level 1:colcon.colcon_core.package_identification:_identify(docker/compose) by extensions ['python_setup_py']
[0.114s] Level 1:colcon.colcon_core.package_identification:_identify(docker/compose) by extension 'python_setup_py'
[0.114s] Level 1:colcon.colcon_core.package_identification:_identify(docker/compose/config) by extensions ['ignore', 'ignore_ament_install']
[0.114s] Level 1:colcon.colcon_core.package_identification:_identify(docker/compose/config) by extension 'ignore'
[0.114s] Level 1:colcon.colcon_core.package_identification:_identify(docker/compose/config) by extension 'ignore_ament_install'
[0.114s] Level 1:colcon.colcon_core.package_identification:_identify(docker/compose/config) by extensions ['colcon_pkg']
[0.114s] Level 1:colcon.colcon_core.package_identification:_identify(docker/compose/config) by extension 'colcon_pkg'
[0.114s] Level 1:colcon.colcon_core.package_identification:_identify(docker/compose/config) by extensions ['colcon_meta']
[0.114s] Level 1:colcon.colcon_core.package_identification:_identify(docker/compose/config) by extension 'colcon_meta'
[0.114s] Level 1:colcon.colcon_core.package_identification:_identify(docker/compose/config) by extensions ['ros']
[0.114s] Level 1:colcon.colcon_core.package_identification:_identify(docker/compose/config) by extension 'ros'
[0.114s] Level 1:colcon.colcon_core.package_identification:_identify(docker/compose/config) by extensions ['cmake', 'python']
[0.114s] Level 1:colcon.colcon_core.package_identification:_identify(docker/compose/config) by extension 'cmake'
[0.114s] Level 1:colcon.colcon_core.package_identification:_identify(docker/compose/config) by extension 'python'
[0.114s] Level 1:colcon.colcon_core.package_identification:_identify(docker/compose/config) by extensions ['python_setup_py']
[0.114s] Level 1:colcon.colcon_core.package_identification:_identify(docker/compose/config) by extension 'python_setup_py'
[0.114s] Level 1:colcon.colcon_core.package_identification:_identify(docker/compose/config/pip) by extensions ['ignore', 'ignore_ament_install']
[0.114s] Level 1:colcon.colcon_core.package_identification:_identify(docker/compose/config/pip) by extension 'ignore'
[0.114s] Level 1:colcon.colcon_core.package_identification:_identify(docker/compose/config/pip) by extension 'ignore_ament_install'
[0.114s] Level 1:colcon.colcon_core.package_identification:_identify(docker/compose/config/pip) by extensions ['colcon_pkg']
[0.114s] Level 1:colcon.colcon_core.package_identification:_identify(docker/compose/config/pip) by extension 'colcon_pkg'
[0.114s] Level 1:colcon.colcon_core.package_identification:_identify(docker/compose/config/pip) by extensions ['colcon_meta']
[0.114s] Level 1:colcon.colcon_core.package_identification:_identify(docker/compose/config/pip) by extension 'colcon_meta'
[0.114s] Level 1:colcon.colcon_core.package_identification:_identify(docker/compose/config/pip) by extensions ['ros']
[0.114s] Level 1:colcon.colcon_core.package_identification:_identify(docker/compose/config/pip) by extension 'ros'
[0.114s] Level 1:colcon.colcon_core.package_identification:_identify(docker/compose/config/pip) by extensions ['cmake', 'python']
[0.114s] Level 1:colcon.colcon_core.package_identification:_identify(docker/compose/config/pip) by extension 'cmake'
[0.114s] Level 1:colcon.colcon_core.package_identification:_identify(docker/compose/config/pip) by extension 'python'
[0.114s] Level 1:colcon.colcon_core.package_identification:_identify(docker/compose/config/pip) by extensions ['python_setup_py']
[0.114s] Level 1:colcon.colcon_core.package_identification:_identify(docker/compose/config/pip) by extension 'python_setup_py'
[0.114s] Level 1:colcon.colcon_core.package_identification:_identify(docker/compose/config/shell) by extensions ['ignore', 'ignore_ament_install']
[0.114s] Level 1:colcon.colcon_core.package_identification:_identify(docker/compose/config/shell) by extension 'ignore'
[0.114s] Level 1:colcon.colcon_core.package_identification:_identify(docker/compose/config/shell) by extension 'ignore_ament_install'
[0.114s] Level 1:colcon.colcon_core.package_identification:_identify(docker/compose/config/shell) by extensions ['colcon_pkg']
[0.114s] Level 1:colcon.colcon_core.package_identification:_identify(docker/compose/config/shell) by extension 'colcon_pkg'
[0.114s] Level 1:colcon.colcon_core.package_identification:_identify(docker/compose/config/shell) by extensions ['colcon_meta']
[0.114s] Level 1:colcon.colcon_core.package_identification:_identify(docker/compose/config/shell) by extension 'colcon_meta'
[0.114s] Level 1:colcon.colcon_core.package_identification:_identify(docker/compose/config/shell) by extensions ['ros']
[0.114s] Level 1:colcon.colcon_core.package_identification:_identify(docker/compose/config/shell) by extension 'ros'
[0.114s] Level 1:colcon.colcon_core.package_identification:_identify(docker/compose/config/shell) by extensions ['cmake', 'python']
[0.114s] Level 1:colcon.colcon_core.package_identification:_identify(docker/compose/config/shell) by extension 'cmake'
[0.114s] Level 1:colcon.colcon_core.package_identification:_identify(docker/compose/config/shell) by extension 'python'
[0.114s] Level 1:colcon.colcon_core.package_identification:_identify(docker/compose/config/shell) by extensions ['python_setup_py']
[0.114s] Level 1:colcon.colcon_core.package_identification:_identify(docker/compose/config/shell) by extension 'python_setup_py'
[0.114s] Level 1:colcon.colcon_core.package_identification:_identify(docker/compose/config/shell/terminator) by extensions ['ignore', 'ignore_ament_install']
[0.115s] Level 1:colcon.colcon_core.package_identification:_identify(docker/compose/config/shell/terminator) by extension 'ignore'
[0.115s] Level 1:colcon.colcon_core.package_identification:_identify(docker/compose/config/shell/terminator) by extension 'ignore_ament_install'
[0.115s] Level 1:colcon.colcon_core.package_identification:_identify(docker/compose/config/shell/terminator) by extensions ['colcon_pkg']
[0.115s] Level 1:colcon.colcon_core.package_identification:_identify(docker/compose/config/shell/terminator) by extension 'colcon_pkg'
[0.115s] Level 1:colcon.colcon_core.package_identification:_identify(docker/compose/config/shell/terminator) by extensions ['colcon_meta']
[0.115s] Level 1:colcon.colcon_core.package_identification:_identify(docker/compose/config/shell/terminator) by extension 'colcon_meta'
[0.115s] Level 1:colcon.colcon_core.package_identification:_identify(docker/compose/config/shell/terminator) by extensions ['ros']
[0.115s] Level 1:colcon.colcon_core.package_identification:_identify(docker/compose/config/shell/terminator) by extension 'ros'
[0.115s] Level 1:colcon.colcon_core.package_identification:_identify(docker/compose/config/shell/terminator) by extensions ['cmake', 'python']
[0.115s] Level 1:colcon.colcon_core.package_identification:_identify(docker/compose/config/shell/terminator) by extension 'cmake'
[0.115s] Level 1:colcon.colcon_core.package_identification:_identify(docker/compose/config/shell/terminator) by extension 'python'
[0.115s] Level 1:colcon.colcon_core.package_identification:_identify(docker/compose/config/shell/terminator) by extensions ['python_setup_py']
[0.115s] Level 1:colcon.colcon_core.package_identification:_identify(docker/compose/config/shell/terminator) by extension 'python_setup_py'
[0.115s] Level 1:colcon.colcon_core.package_identification:_identify(docker/compose/config/shell/tmux) by extensions ['ignore', 'ignore_ament_install']
[0.115s] Level 1:colcon.colcon_core.package_identification:_identify(docker/compose/config/shell/tmux) by extension 'ignore'
[0.115s] Level 1:colcon.colcon_core.package_identification:_identify(docker/compose/config/shell/tmux) by extension 'ignore_ament_install'
[0.115s] Level 1:colcon.colcon_core.package_identification:_identify(docker/compose/config/shell/tmux) by extensions ['colcon_pkg']
[0.115s] Level 1:colcon.colcon_core.package_identification:_identify(docker/compose/config/shell/tmux) by extension 'colcon_pkg'
[0.115s] Level 1:colcon.colcon_core.package_identification:_identify(docker/compose/config/shell/tmux) by extensions ['colcon_meta']
[0.115s] Level 1:colcon.colcon_core.package_identification:_identify(docker/compose/config/shell/tmux) by extension 'colcon_meta'
[0.115s] Level 1:colcon.colcon_core.package_identification:_identify(docker/compose/config/shell/tmux) by extensions ['ros']
[0.115s] Level 1:colcon.colcon_core.package_identification:_identify(docker/compose/config/shell/tmux) by extension 'ros'
[0.115s] Level 1:colcon.colcon_core.package_identification:_identify(docker/compose/config/shell/tmux) by extensions ['cmake', 'python']
[0.115s] Level 1:colcon.colcon_core.package_identification:_identify(docker/compose/config/shell/tmux) by extension 'cmake'
[0.115s] Level 1:colcon.colcon_core.package_identification:_identify(docker/compose/config/shell/tmux) by extension 'python'
[0.115s] Level 1:colcon.colcon_core.package_identification:_identify(docker/compose/config/shell/tmux) by extensions ['python_setup_py']
[0.115s] Level 1:colcon.colcon_core.package_identification:_identify(docker/compose/config/shell/tmux) by extension 'python_setup_py'
[0.115s] Level 1:colcon.colcon_core.package_identification:_identify(docker/config) by extensions ['ignore', 'ignore_ament_install']
[0.115s] Level 1:colcon.colcon_core.package_identification:_identify(docker/config) by extension 'ignore'
[0.115s] Level 1:colcon.colcon_core.package_identification:_identify(docker/config) by extension 'ignore_ament_install'
[0.115s] Level 1:colcon.colcon_core.package_identification:_identify(docker/config) by extensions ['colcon_pkg']
[0.115s] Level 1:colcon.colcon_core.package_identification:_identify(docker/config) by extension 'colcon_pkg'
[0.115s] Level 1:colcon.colcon_core.package_identification:_identify(docker/config) by extensions ['colcon_meta']
[0.115s] Level 1:colcon.colcon_core.package_identification:_identify(docker/config) by extension 'colcon_meta'
[0.115s] Level 1:colcon.colcon_core.package_identification:_identify(docker/config) by extensions ['ros']
[0.115s] Level 1:colcon.colcon_core.package_identification:_identify(docker/config) by extension 'ros'
[0.115s] Level 1:colcon.colcon_core.package_identification:_identify(docker/config) by extensions ['cmake', 'python']
[0.115s] Level 1:colcon.colcon_core.package_identification:_identify(docker/config) by extension 'cmake'
[0.115s] Level 1:colcon.colcon_core.package_identification:_identify(docker/config) by extension 'python'
[0.115s] Level 1:colcon.colcon_core.package_identification:_identify(docker/config) by extensions ['python_setup_py']
[0.115s] Level 1:colcon.colcon_core.package_identification:_identify(docker/config) by extension 'python_setup_py'
[0.115s] Level 1:colcon.colcon_core.package_identification:_identify(docker/config/pip) by extensions ['ignore', 'ignore_ament_install']
[0.115s] Level 1:colcon.colcon_core.package_identification:_identify(docker/config/pip) by extension 'ignore'
[0.115s] Level 1:colcon.colcon_core.package_identification:_identify(docker/config/pip) by extension 'ignore_ament_install'
[0.115s] Level 1:colcon.colcon_core.package_identification:_identify(docker/config/pip) by extensions ['colcon_pkg']
[0.115s] Level 1:colcon.colcon_core.package_identification:_identify(docker/config/pip) by extension 'colcon_pkg'
[0.115s] Level 1:colcon.colcon_core.package_identification:_identify(docker/config/pip) by extensions ['colcon_meta']
[0.116s] Level 1:colcon.colcon_core.package_identification:_identify(docker/config/pip) by extension 'colcon_meta'
[0.116s] Level 1:colcon.colcon_core.package_identification:_identify(docker/config/pip) by extensions ['ros']
[0.116s] Level 1:colcon.colcon_core.package_identification:_identify(docker/config/pip) by extension 'ros'
[0.116s] Level 1:colcon.colcon_core.package_identification:_identify(docker/config/pip) by extensions ['cmake', 'python']
[0.116s] Level 1:colcon.colcon_core.package_identification:_identify(docker/config/pip) by extension 'cmake'
[0.116s] Level 1:colcon.colcon_core.package_identification:_identify(docker/config/pip) by extension 'python'
[0.116s] Level 1:colcon.colcon_core.package_identification:_identify(docker/config/pip) by extensions ['python_setup_py']
[0.116s] Level 1:colcon.colcon_core.package_identification:_identify(docker/config/pip) by extension 'python_setup_py'
[0.116s] Level 1:colcon.colcon_core.package_identification:_identify(docker/config/shell) by extensions ['ignore', 'ignore_ament_install']
[0.116s] Level 1:colcon.colcon_core.package_identification:_identify(docker/config/shell) by extension 'ignore'
[0.116s] Level 1:colcon.colcon_core.package_identification:_identify(docker/config/shell) by extension 'ignore_ament_install'
[0.116s] Level 1:colcon.colcon_core.package_identification:_identify(docker/config/shell) by extensions ['colcon_pkg']
[0.116s] Level 1:colcon.colcon_core.package_identification:_identify(docker/config/shell) by extension 'colcon_pkg'
[0.116s] Level 1:colcon.colcon_core.package_identification:_identify(docker/config/shell) by extensions ['colcon_meta']
[0.116s] Level 1:colcon.colcon_core.package_identification:_identify(docker/config/shell) by extension 'colcon_meta'
[0.116s] Level 1:colcon.colcon_core.package_identification:_identify(docker/config/shell) by extensions ['ros']
[0.116s] Level 1:colcon.colcon_core.package_identification:_identify(docker/config/shell) by extension 'ros'
[0.116s] Level 1:colcon.colcon_core.package_identification:_identify(docker/config/shell) by extensions ['cmake', 'python']
[0.116s] Level 1:colcon.colcon_core.package_identification:_identify(docker/config/shell) by extension 'cmake'
[0.116s] Level 1:colcon.colcon_core.package_identification:_identify(docker/config/shell) by extension 'python'
[0.116s] Level 1:colcon.colcon_core.package_identification:_identify(docker/config/shell) by extensions ['python_setup_py']
[0.116s] Level 1:colcon.colcon_core.package_identification:_identify(docker/config/shell) by extension 'python_setup_py'
[0.116s] Level 1:colcon.colcon_core.package_identification:_identify(docker/config/shell/terminator) by extensions ['ignore', 'ignore_ament_install']
[0.116s] Level 1:colcon.colcon_core.package_identification:_identify(docker/config/shell/terminator) by extension 'ignore'
[0.116s] Level 1:colcon.colcon_core.package_identification:_identify(docker/config/shell/terminator) by extension 'ignore_ament_install'
[0.116s] Level 1:colcon.colcon_core.package_identification:_identify(docker/config/shell/terminator) by extensions ['colcon_pkg']
[0.116s] Level 1:colcon.colcon_core.package_identification:_identify(docker/config/shell/terminator) by extension 'colcon_pkg'
[0.116s] Level 1:colcon.colcon_core.package_identification:_identify(docker/config/shell/terminator) by extensions ['colcon_meta']
[0.116s] Level 1:colcon.colcon_core.package_identification:_identify(docker/config/shell/terminator) by extension 'colcon_meta'
[0.116s] Level 1:colcon.colcon_core.package_identification:_identify(docker/config/shell/terminator) by extensions ['ros']
[0.116s] Level 1:colcon.colcon_core.package_identification:_identify(docker/config/shell/terminator) by extension 'ros'
[0.116s] Level 1:colcon.colcon_core.package_identification:_identify(docker/config/shell/terminator) by extensions ['cmake', 'python']
[0.116s] Level 1:colcon.colcon_core.package_identification:_identify(docker/config/shell/terminator) by extension 'cmake'
[0.116s] Level 1:colcon.colcon_core.package_identification:_identify(docker/config/shell/terminator) by extension 'python'
[0.116s] Level 1:colcon.colcon_core.package_identification:_identify(docker/config/shell/terminator) by extensions ['python_setup_py']
[0.116s] Level 1:colcon.colcon_core.package_identification:_identify(docker/config/shell/terminator) by extension 'python_setup_py'
[0.116s] Level 1:colcon.colcon_core.package_identification:_identify(docker/config/shell/tmux) by extensions ['ignore', 'ignore_ament_install']
[0.116s] Level 1:colcon.colcon_core.package_identification:_identify(docker/config/shell/tmux) by extension 'ignore'
[0.116s] Level 1:colcon.colcon_core.package_identification:_identify(docker/config/shell/tmux) by extension 'ignore_ament_install'
[0.116s] Level 1:colcon.colcon_core.package_identification:_identify(docker/config/shell/tmux) by extensions ['colcon_pkg']
[0.116s] Level 1:colcon.colcon_core.package_identification:_identify(docker/config/shell/tmux) by extension 'colcon_pkg'
[0.116s] Level 1:colcon.colcon_core.package_identification:_identify(docker/config/shell/tmux) by extensions ['colcon_meta']
[0.116s] Level 1:colcon.colcon_core.package_identification:_identify(docker/config/shell/tmux) by extension 'colcon_meta'
[0.116s] Level 1:colcon.colcon_core.package_identification:_identify(docker/config/shell/tmux) by extensions ['ros']
[0.116s] Level 1:colcon.colcon_core.package_identification:_identify(docker/config/shell/tmux) by extension 'ros'
[0.116s] Level 1:colcon.colcon_core.package_identification:_identify(docker/config/shell/tmux) by extensions ['cmake', 'python']
[0.116s] Level 1:colcon.colcon_core.package_identification:_identify(docker/config/shell/tmux) by extension 'cmake'
[0.117s] Level 1:colcon.colcon_core.package_identification:_identify(docker/config/shell/tmux) by extension 'python'
[0.117s] Level 1:colcon.colcon_core.package_identification:_identify(docker/config/shell/tmux) by extensions ['python_setup_py']
[0.117s] Level 1:colcon.colcon_core.package_identification:_identify(docker/config/shell/tmux) by extension 'python_setup_py'
[0.117s] Level 1:colcon.colcon_core.package_identification:_identify(docker_hiwin) by extensions ['ignore', 'ignore_ament_install']
[0.117s] Level 1:colcon.colcon_core.package_identification:_identify(docker_hiwin) by extension 'ignore'
[0.117s] Level 1:colcon.colcon_core.package_identification:_identify(docker_hiwin) by extension 'ignore_ament_install'
[0.117s] Level 1:colcon.colcon_core.package_identification:_identify(docker_hiwin) by extensions ['colcon_pkg']
[0.117s] Level 1:colcon.colcon_core.package_identification:_identify(docker_hiwin) by extension 'colcon_pkg'
[0.117s] Level 1:colcon.colcon_core.package_identification:_identify(docker_hiwin) by extensions ['colcon_meta']
[0.117s] Level 1:colcon.colcon_core.package_identification:_identify(docker_hiwin) by extension 'colcon_meta'
[0.117s] Level 1:colcon.colcon_core.package_identification:_identify(docker_hiwin) by extensions ['ros']
[0.117s] Level 1:colcon.colcon_core.package_identification:_identify(docker_hiwin) by extension 'ros'
[0.117s] Level 1:colcon.colcon_core.package_identification:_identify(docker_hiwin) by extensions ['cmake', 'python']
[0.117s] Level 1:colcon.colcon_core.package_identification:_identify(docker_hiwin) by extension 'cmake'
[0.117s] Level 1:colcon.colcon_core.package_identification:_identify(docker_hiwin) by extension 'python'
[0.117s] Level 1:colcon.colcon_core.package_identification:_identify(docker_hiwin) by extensions ['python_setup_py']
[0.117s] Level 1:colcon.colcon_core.package_identification:_identify(docker_hiwin) by extension 'python_setup_py'
[0.117s] Level 1:colcon.colcon_core.package_identification:_identify(docker_hiwin/compose) by extensions ['ignore', 'ignore_ament_install']
[0.117s] Level 1:colcon.colcon_core.package_identification:_identify(docker_hiwin/compose) by extension 'ignore'
[0.117s] Level 1:colcon.colcon_core.package_identification:_identify(docker_hiwin/compose) by extension 'ignore_ament_install'
[0.117s] Level 1:colcon.colcon_core.package_identification:_identify(docker_hiwin/compose) by extensions ['colcon_pkg']
[0.117s] Level 1:colcon.colcon_core.package_identification:_identify(docker_hiwin/compose) by extension 'colcon_pkg'
[0.117s] Level 1:colcon.colcon_core.package_identification:_identify(docker_hiwin/compose) by extensions ['colcon_meta']
[0.117s] Level 1:colcon.colcon_core.package_identification:_identify(docker_hiwin/compose) by extension 'colcon_meta'
[0.117s] Level 1:colcon.colcon_core.package_identification:_identify(docker_hiwin/compose) by extensions ['ros']
[0.117s] Level 1:colcon.colcon_core.package_identification:_identify(docker_hiwin/compose) by extension 'ros'
[0.117s] Level 1:colcon.colcon_core.package_identification:_identify(docker_hiwin/compose) by extensions ['cmake', 'python']
[0.117s] Level 1:colcon.colcon_core.package_identification:_identify(docker_hiwin/compose) by extension 'cmake'
[0.117s] Level 1:colcon.colcon_core.package_identification:_identify(docker_hiwin/compose) by extension 'python'
[0.117s] Level 1:colcon.colcon_core.package_identification:_identify(docker_hiwin/compose) by extensions ['python_setup_py']
[0.117s] Level 1:colcon.colcon_core.package_identification:_identify(docker_hiwin/compose) by extension 'python_setup_py'
[0.117s] Level 1:colcon.colcon_core.package_identification:_identify(docker_hiwin/compose/config) by extensions ['ignore', 'ignore_ament_install']
[0.117s] Level 1:colcon.colcon_core.package_identification:_identify(docker_hiwin/compose/config) by extension 'ignore'
[0.117s] Level 1:colcon.colcon_core.package_identification:_identify(docker_hiwin/compose/config) by extension 'ignore_ament_install'
[0.117s] Level 1:colcon.colcon_core.package_identification:_identify(docker_hiwin/compose/config) by extensions ['colcon_pkg']
[0.117s] Level 1:colcon.colcon_core.package_identification:_identify(docker_hiwin/compose/config) by extension 'colcon_pkg'
[0.117s] Level 1:colcon.colcon_core.package_identification:_identify(docker_hiwin/compose/config) by extensions ['colcon_meta']
[0.117s] Level 1:colcon.colcon_core.package_identification:_identify(docker_hiwin/compose/config) by extension 'colcon_meta'
[0.117s] Level 1:colcon.colcon_core.package_identification:_identify(docker_hiwin/compose/config) by extensions ['ros']
[0.117s] Level 1:colcon.colcon_core.package_identification:_identify(docker_hiwin/compose/config) by extension 'ros'
[0.117s] Level 1:colcon.colcon_core.package_identification:_identify(docker_hiwin/compose/config) by extensions ['cmake', 'python']
[0.117s] Level 1:colcon.colcon_core.package_identification:_identify(docker_hiwin/compose/config) by extension 'cmake'
[0.117s] Level 1:colcon.colcon_core.package_identification:_identify(docker_hiwin/compose/config) by extension 'python'
[0.117s] Level 1:colcon.colcon_core.package_identification:_identify(docker_hiwin/compose/config) by extensions ['python_setup_py']
[0.117s] Level 1:colcon.colcon_core.package_identification:_identify(docker_hiwin/compose/config) by extension 'python_setup_py'
[0.117s] Level 1:colcon.colcon_core.package_identification:_identify(docker_hiwin/compose/config/pip) by extensions ['ignore', 'ignore_ament_install']
[0.117s] Level 1:colcon.colcon_core.package_identification:_identify(docker_hiwin/compose/config/pip) by extension 'ignore'
[0.117s] Level 1:colcon.colcon_core.package_identification:_identify(docker_hiwin/compose/config/pip) by extension 'ignore_ament_install'
[0.118s] Level 1:colcon.colcon_core.package_identification:_identify(docker_hiwin/compose/config/pip) by extensions ['colcon_pkg']
[0.118s] Level 1:colcon.colcon_core.package_identification:_identify(docker_hiwin/compose/config/pip) by extension 'colcon_pkg'
[0.118s] Level 1:colcon.colcon_core.package_identification:_identify(docker_hiwin/compose/config/pip) by extensions ['colcon_meta']
[0.118s] Level 1:colcon.colcon_core.package_identification:_identify(docker_hiwin/compose/config/pip) by extension 'colcon_meta'
[0.118s] Level 1:colcon.colcon_core.package_identification:_identify(docker_hiwin/compose/config/pip) by extensions ['ros']
[0.118s] Level 1:colcon.colcon_core.package_identification:_identify(docker_hiwin/compose/config/pip) by extension 'ros'
[0.118s] Level 1:colcon.colcon_core.package_identification:_identify(docker_hiwin/compose/config/pip) by extensions ['cmake', 'python']
[0.118s] Level 1:colcon.colcon_core.package_identification:_identify(docker_hiwin/compose/config/pip) by extension 'cmake'
[0.118s] Level 1:colcon.colcon_core.package_identification:_identify(docker_hiwin/compose/config/pip) by extension 'python'
[0.118s] Level 1:colcon.colcon_core.package_identification:_identify(docker_hiwin/compose/config/pip) by extensions ['python_setup_py']
[0.118s] Level 1:colcon.colcon_core.package_identification:_identify(docker_hiwin/compose/config/pip) by extension 'python_setup_py'
[0.118s] Level 1:colcon.colcon_core.package_identification:_identify(docker_hiwin/compose/config/shell) by extensions ['ignore', 'ignore_ament_install']
[0.118s] Level 1:colcon.colcon_core.package_identification:_identify(docker_hiwin/compose/config/shell) by extension 'ignore'
[0.118s] Level 1:colcon.colcon_core.package_identification:_identify(docker_hiwin/compose/config/shell) by extension 'ignore_ament_install'
[0.118s] Level 1:colcon.colcon_core.package_identification:_identify(docker_hiwin/compose/config/shell) by extensions ['colcon_pkg']
[0.118s] Level 1:colcon.colcon_core.package_identification:_identify(docker_hiwin/compose/config/shell) by extension 'colcon_pkg'
[0.118s] Level 1:colcon.colcon_core.package_identification:_identify(docker_hiwin/compose/config/shell) by extensions ['colcon_meta']
[0.118s] Level 1:colcon.colcon_core.package_identification:_identify(docker_hiwin/compose/config/shell) by extension 'colcon_meta'
[0.118s] Level 1:colcon.colcon_core.package_identification:_identify(docker_hiwin/compose/config/shell) by extensions ['ros']
[0.118s] Level 1:colcon.colcon_core.package_identification:_identify(docker_hiwin/compose/config/shell) by extension 'ros'
[0.118s] Level 1:colcon.colcon_core.package_identification:_identify(docker_hiwin/compose/config/shell) by extensions ['cmake', 'python']
[0.118s] Level 1:colcon.colcon_core.package_identification:_identify(docker_hiwin/compose/config/shell) by extension 'cmake'
[0.118s] Level 1:colcon.colcon_core.package_identification:_identify(docker_hiwin/compose/config/shell) by extension 'python'
[0.118s] Level 1:colcon.colcon_core.package_identification:_identify(docker_hiwin/compose/config/shell) by extensions ['python_setup_py']
[0.118s] Level 1:colcon.colcon_core.package_identification:_identify(docker_hiwin/compose/config/shell) by extension 'python_setup_py'
[0.118s] Level 1:colcon.colcon_core.package_identification:_identify(docker_hiwin/compose/config/shell/terminator) by extensions ['ignore', 'ignore_ament_install']
[0.118s] Level 1:colcon.colcon_core.package_identification:_identify(docker_hiwin/compose/config/shell/terminator) by extension 'ignore'
[0.118s] Level 1:colcon.colcon_core.package_identification:_identify(docker_hiwin/compose/config/shell/terminator) by extension 'ignore_ament_install'
[0.118s] Level 1:colcon.colcon_core.package_identification:_identify(docker_hiwin/compose/config/shell/terminator) by extensions ['colcon_pkg']
[0.118s] Level 1:colcon.colcon_core.package_identification:_identify(docker_hiwin/compose/config/shell/terminator) by extension 'colcon_pkg'
[0.118s] Level 1:colcon.colcon_core.package_identification:_identify(docker_hiwin/compose/config/shell/terminator) by extensions ['colcon_meta']
[0.118s] Level 1:colcon.colcon_core.package_identification:_identify(docker_hiwin/compose/config/shell/terminator) by extension 'colcon_meta'
[0.118s] Level 1:colcon.colcon_core.package_identification:_identify(docker_hiwin/compose/config/shell/terminator) by extensions ['ros']
[0.118s] Level 1:colcon.colcon_core.package_identification:_identify(docker_hiwin/compose/config/shell/terminator) by extension 'ros'
[0.118s] Level 1:colcon.colcon_core.package_identification:_identify(docker_hiwin/compose/config/shell/terminator) by extensions ['cmake', 'python']
[0.118s] Level 1:colcon.colcon_core.package_identification:_identify(docker_hiwin/compose/config/shell/terminator) by extension 'cmake'
[0.118s] Level 1:colcon.colcon_core.package_identification:_identify(docker_hiwin/compose/config/shell/terminator) by extension 'python'
[0.118s] Level 1:colcon.colcon_core.package_identification:_identify(docker_hiwin/compose/config/shell/terminator) by extensions ['python_setup_py']
[0.118s] Level 1:colcon.colcon_core.package_identification:_identify(docker_hiwin/compose/config/shell/terminator) by extension 'python_setup_py'
[0.118s] Level 1:colcon.colcon_core.package_identification:_identify(docker_hiwin/compose/config/shell/tmux) by extensions ['ignore', 'ignore_ament_install']
[0.118s] Level 1:colcon.colcon_core.package_identification:_identify(docker_hiwin/compose/config/shell/tmux) by extension 'ignore'
[0.118s] Level 1:colcon.colcon_core.package_identification:_identify(docker_hiwin/compose/config/shell/tmux) by extension 'ignore_ament_install'
[0.118s] Level 1:colcon.colcon_core.package_identification:_identify(docker_hiwin/compose/config/shell/tmux) by extensions ['colcon_pkg']
[0.118s] Level 1:colcon.colcon_core.package_identification:_identify(docker_hiwin/compose/config/shell/tmux) by extension 'colcon_pkg'
[0.118s] Level 1:colcon.colcon_core.package_identification:_identify(docker_hiwin/compose/config/shell/tmux) by extensions ['colcon_meta']
[0.118s] Level 1:colcon.colcon_core.package_identification:_identify(docker_hiwin/compose/config/shell/tmux) by extension 'colcon_meta'
[0.118s] Level 1:colcon.colcon_core.package_identification:_identify(docker_hiwin/compose/config/shell/tmux) by extensions ['ros']
[0.118s] Level 1:colcon.colcon_core.package_identification:_identify(docker_hiwin/compose/config/shell/tmux) by extension 'ros'
[0.118s] Level 1:colcon.colcon_core.package_identification:_identify(docker_hiwin/compose/config/shell/tmux) by extensions ['cmake', 'python']
[0.119s] Level 1:colcon.colcon_core.package_identification:_identify(docker_hiwin/compose/config/shell/tmux) by extension 'cmake'
[0.119s] Level 1:colcon.colcon_core.package_identification:_identify(docker_hiwin/compose/config/shell/tmux) by extension 'python'
[0.119s] Level 1:colcon.colcon_core.package_identification:_identify(docker_hiwin/compose/config/shell/tmux) by extensions ['python_setup_py']
[0.119s] Level 1:colcon.colcon_core.package_identification:_identify(docker_hiwin/compose/config/shell/tmux) by extension 'python_setup_py'
[0.119s] Level 1:colcon.colcon_core.package_identification:_identify(docker_hiwin/config) by extensions ['ignore', 'ignore_ament_install']
[0.119s] Level 1:colcon.colcon_core.package_identification:_identify(docker_hiwin/config) by extension 'ignore'
[0.119s] Level 1:colcon.colcon_core.package_identification:_identify(docker_hiwin/config) by extension 'ignore_ament_install'
[0.119s] Level 1:colcon.colcon_core.package_identification:_identify(docker_hiwin/config) by extensions ['colcon_pkg']
[0.119s] Level 1:colcon.colcon_core.package_identification:_identify(docker_hiwin/config) by extension 'colcon_pkg'
[0.119s] Level 1:colcon.colcon_core.package_identification:_identify(docker_hiwin/config) by extensions ['colcon_meta']
[0.119s] Level 1:colcon.colcon_core.package_identification:_identify(docker_hiwin/config) by extension 'colcon_meta'
[0.119s] Level 1:colcon.colcon_core.package_identification:_identify(docker_hiwin/config) by extensions ['ros']
[0.119s] Level 1:colcon.colcon_core.package_identification:_identify(docker_hiwin/config) by extension 'ros'
[0.119s] Level 1:colcon.colcon_core.package_identification:_identify(docker_hiwin/config) by extensions ['cmake', 'python']
[0.119s] Level 1:colcon.colcon_core.package_identification:_identify(docker_hiwin/config) by extension 'cmake'
[0.119s] Level 1:colcon.colcon_core.package_identification:_identify(docker_hiwin/config) by extension 'python'
[0.119s] Level 1:colcon.colcon_core.package_identification:_identify(docker_hiwin/config) by extensions ['python_setup_py']
[0.119s] Level 1:colcon.colcon_core.package_identification:_identify(docker_hiwin/config) by extension 'python_setup_py'
[0.119s] Level 1:colcon.colcon_core.package_identification:_identify(docker_hiwin/config/pip) by extensions ['ignore', 'ignore_ament_install']
[0.119s] Level 1:colcon.colcon_core.package_identification:_identify(docker_hiwin/config/pip) by extension 'ignore'
[0.119s] Level 1:colcon.colcon_core.package_identification:_identify(docker_hiwin/config/pip) by extension 'ignore_ament_install'
[0.119s] Level 1:colcon.colcon_core.package_identification:_identify(docker_hiwin/config/pip) by extensions ['colcon_pkg']
[0.119s] Level 1:colcon.colcon_core.package_identification:_identify(docker_hiwin/config/pip) by extension 'colcon_pkg'
[0.119s] Level 1:colcon.colcon_core.package_identification:_identify(docker_hiwin/config/pip) by extensions ['colcon_meta']
[0.119s] Level 1:colcon.colcon_core.package_identification:_identify(docker_hiwin/config/pip) by extension 'colcon_meta'
[0.119s] Level 1:colcon.colcon_core.package_identification:_identify(docker_hiwin/config/pip) by extensions ['ros']
[0.119s] Level 1:colcon.colcon_core.package_identification:_identify(docker_hiwin/config/pip) by extension 'ros'
[0.119s] Level 1:colcon.colcon_core.package_identification:_identify(docker_hiwin/config/pip) by extensions ['cmake', 'python']
[0.119s] Level 1:colcon.colcon_core.package_identification:_identify(docker_hiwin/config/pip) by extension 'cmake'
[0.119s] Level 1:colcon.colcon_core.package_identification:_identify(docker_hiwin/config/pip) by extension 'python'
[0.119s] Level 1:colcon.colcon_core.package_identification:_identify(docker_hiwin/config/pip) by extensions ['python_setup_py']
[0.119s] Level 1:colcon.colcon_core.package_identification:_identify(docker_hiwin/config/pip) by extension 'python_setup_py'
[0.119s] Level 1:colcon.colcon_core.package_identification:_identify(docker_hiwin/config/shell) by extensions ['ignore', 'ignore_ament_install']
[0.119s] Level 1:colcon.colcon_core.package_identification:_identify(docker_hiwin/config/shell) by extension 'ignore'
[0.119s] Level 1:colcon.colcon_core.package_identification:_identify(docker_hiwin/config/shell) by extension 'ignore_ament_install'
[0.119s] Level 1:colcon.colcon_core.package_identification:_identify(docker_hiwin/config/shell) by extensions ['colcon_pkg']
[0.119s] Level 1:colcon.colcon_core.package_identification:_identify(docker_hiwin/config/shell) by extension 'colcon_pkg'
[0.119s] Level 1:colcon.colcon_core.package_identification:_identify(docker_hiwin/config/shell) by extensions ['colcon_meta']
[0.119s] Level 1:colcon.colcon_core.package_identification:_identify(docker_hiwin/config/shell) by extension 'colcon_meta'
[0.119s] Level 1:colcon.colcon_core.package_identification:_identify(docker_hiwin/config/shell) by extensions ['ros']
[0.119s] Level 1:colcon.colcon_core.package_identification:_identify(docker_hiwin/config/shell) by extension 'ros'
[0.119s] Level 1:colcon.colcon_core.package_identification:_identify(docker_hiwin/config/shell) by extensions ['cmake', 'python']
[0.119s] Level 1:colcon.colcon_core.package_identification:_identify(docker_hiwin/config/shell) by extension 'cmake'
[0.119s] Level 1:colcon.colcon_core.package_identification:_identify(docker_hiwin/config/shell) by extension 'python'
[0.119s] Level 1:colcon.colcon_core.package_identification:_identify(docker_hiwin/config/shell) by extensions ['python_setup_py']
[0.119s] Level 1:colcon.colcon_core.package_identification:_identify(docker_hiwin/config/shell) by extension 'python_setup_py'
[0.119s] Level 1:colcon.colcon_core.package_identification:_identify(docker_hiwin/config/shell/terminator) by extensions ['ignore', 'ignore_ament_install']
[0.119s] Level 1:colcon.colcon_core.package_identification:_identify(docker_hiwin/config/shell/terminator) by extension 'ignore'
[0.119s] Level 1:colcon.colcon_core.package_identification:_identify(docker_hiwin/config/shell/terminator) by extension 'ignore_ament_install'
[0.120s] Level 1:colcon.colcon_core.package_identification:_identify(docker_hiwin/config/shell/terminator) by extensions ['colcon_pkg']
[0.120s] Level 1:colcon.colcon_core.package_identification:_identify(docker_hiwin/config/shell/terminator) by extension 'colcon_pkg'
[0.120s] Level 1:colcon.colcon_core.package_identification:_identify(docker_hiwin/config/shell/terminator) by extensions ['colcon_meta']
[0.120s] Level 1:colcon.colcon_core.package_identification:_identify(docker_hiwin/config/shell/terminator) by extension 'colcon_meta'
[0.120s] Level 1:colcon.colcon_core.package_identification:_identify(docker_hiwin/config/shell/terminator) by extensions ['ros']
[0.120s] Level 1:colcon.colcon_core.package_identification:_identify(docker_hiwin/config/shell/terminator) by extension 'ros'
[0.120s] Level 1:colcon.colcon_core.package_identification:_identify(docker_hiwin/config/shell/terminator) by extensions ['cmake', 'python']
[0.120s] Level 1:colcon.colcon_core.package_identification:_identify(docker_hiwin/config/shell/terminator) by extension 'cmake'
[0.120s] Level 1:colcon.colcon_core.package_identification:_identify(docker_hiwin/config/shell/terminator) by extension 'python'
[0.120s] Level 1:colcon.colcon_core.package_identification:_identify(docker_hiwin/config/shell/terminator) by extensions ['python_setup_py']
[0.120s] Level 1:colcon.colcon_core.package_identification:_identify(docker_hiwin/config/shell/terminator) by extension 'python_setup_py'
[0.120s] Level 1:colcon.colcon_core.package_identification:_identify(docker_hiwin/config/shell/tmux) by extensions ['ignore', 'ignore_ament_install']
[0.120s] Level 1:colcon.colcon_core.package_identification:_identify(docker_hiwin/config/shell/tmux) by extension 'ignore'
[0.120s] Level 1:colcon.colcon_core.package_identification:_identify(docker_hiwin/config/shell/tmux) by extension 'ignore_ament_install'
[0.120s] Level 1:colcon.colcon_core.package_identification:_identify(docker_hiwin/config/shell/tmux) by extensions ['colcon_pkg']
[0.120s] Level 1:colcon.colcon_core.package_identification:_identify(docker_hiwin/config/shell/tmux) by extension 'colcon_pkg'
[0.120s] Level 1:colcon.colcon_core.package_identification:_identify(docker_hiwin/config/shell/tmux) by extensions ['colcon_meta']
[0.120s] Level 1:colcon.colcon_core.package_identification:_identify(docker_hiwin/config/shell/tmux) by extension 'colcon_meta'
[0.120s] Level 1:colcon.colcon_core.package_identification:_identify(docker_hiwin/config/shell/tmux) by extensions ['ros']
[0.120s] Level 1:colcon.colcon_core.package_identification:_identify(docker_hiwin/config/shell/tmux) by extension 'ros'
[0.120s] Level 1:colcon.colcon_core.package_identification:_identify(docker_hiwin/config/shell/tmux) by extensions ['cmake', 'python']
[0.120s] Level 1:colcon.colcon_core.package_identification:_identify(docker_hiwin/config/shell/tmux) by extension 'cmake'
[0.120s] Level 1:colcon.colcon_core.package_identification:_identify(docker_hiwin/config/shell/tmux) by extension 'python'
[0.120s] Level 1:colcon.colcon_core.package_identification:_identify(docker_hiwin/config/shell/tmux) by extensions ['python_setup_py']
[0.120s] Level 1:colcon.colcon_core.package_identification:_identify(docker_hiwin/config/shell/tmux) by extension 'python_setup_py'
[0.120s] Level 1:colcon.colcon_core.package_identification:_identify(install) by extensions ['ignore', 'ignore_ament_install']
[0.120s] Level 1:colcon.colcon_core.package_identification:_identify(install) by extension 'ignore'
[0.120s] Level 1:colcon.colcon_core.package_identification:_identify(install) ignored
[0.120s] Level 1:colcon.colcon_core.package_identification:_identify(log) by extensions ['ignore', 'ignore_ament_install']
[0.120s] Level 1:colcon.colcon_core.package_identification:_identify(log) by extension 'ignore'
[0.120s] Level 1:colcon.colcon_core.package_identification:_identify(log) ignored
[0.120s] Level 1:colcon.colcon_core.package_identification:_identify(src) by extensions ['ignore', 'ignore_ament_install']
[0.120s] Level 1:colcon.colcon_core.package_identification:_identify(src) by extension 'ignore'
[0.120s] Level 1:colcon.colcon_core.package_identification:_identify(src) by extension 'ignore_ament_install'
[0.120s] Level 1:colcon.colcon_core.package_identification:_identify(src) by extensions ['colcon_pkg']
[0.120s] Level 1:colcon.colcon_core.package_identification:_identify(src) by extension 'colcon_pkg'
[0.120s] Level 1:colcon.colcon_core.package_identification:_identify(src) by extensions ['colcon_meta']
[0.120s] Level 1:colcon.colcon_core.package_identification:_identify(src) by extension 'colcon_meta'
[0.120s] Level 1:colcon.colcon_core.package_identification:_identify(src) by extensions ['ros']
[0.120s] Level 1:colcon.colcon_core.package_identification:_identify(src) by extension 'ros'
[0.120s] Level 1:colcon.colcon_core.package_identification:_identify(src) by extensions ['cmake', 'python']
[0.120s] Level 1:colcon.colcon_core.package_identification:_identify(src) by extension 'cmake'
[0.120s] Level 1:colcon.colcon_core.package_identification:_identify(src) by extension 'python'
[0.120s] Level 1:colcon.colcon_core.package_identification:_identify(src) by extensions ['python_setup_py']
[0.120s] Level 1:colcon.colcon_core.package_identification:_identify(src) by extension 'python_setup_py'
[0.121s] Level 1:colcon.colcon_core.package_identification:_identify(src/Hiwin_libmodbus) by extensions ['ignore', 'ignore_ament_install']
[0.121s] Level 1:colcon.colcon_core.package_identification:_identify(src/Hiwin_libmodbus) by extension 'ignore'
[0.121s] Level 1:colcon.colcon_core.package_identification:_identify(src/Hiwin_libmodbus) by extension 'ignore_ament_install'
[0.121s] Level 1:colcon.colcon_core.package_identification:_identify(src/Hiwin_libmodbus) by extensions ['colcon_pkg']
[0.121s] Level 1:colcon.colcon_core.package_identification:_identify(src/Hiwin_libmodbus) by extension 'colcon_pkg'
[0.121s] Level 1:colcon.colcon_core.package_identification:_identify(src/Hiwin_libmodbus) by extensions ['colcon_meta']
[0.121s] Level 1:colcon.colcon_core.package_identification:_identify(src/Hiwin_libmodbus) by extension 'colcon_meta'
[0.121s] Level 1:colcon.colcon_core.package_identification:_identify(src/Hiwin_libmodbus) by extensions ['ros']
[0.121s] Level 1:colcon.colcon_core.package_identification:_identify(src/Hiwin_libmodbus) by extension 'ros'
[0.121s] Level 1:colcon.colcon_core.package_identification:_identify(src/Hiwin_libmodbus) by extensions ['cmake', 'python']
[0.121s] Level 1:colcon.colcon_core.package_identification:_identify(src/Hiwin_libmodbus) by extension 'cmake'
[0.121s] Level 1:colcon.colcon_core.package_identification:_identify(src/Hiwin_libmodbus) by extension 'python'
[0.121s] Level 1:colcon.colcon_core.package_identification:_identify(src/Hiwin_libmodbus) by extensions ['python_setup_py']
[0.121s] Level 1:colcon.colcon_core.package_identification:_identify(src/Hiwin_libmodbus) by extension 'python_setup_py'
[0.121s] Level 1:colcon.colcon_core.package_identification:_identify(src/Hiwin_libmodbus/hiwin_example) by extensions ['ignore', 'ignore_ament_install']
[0.121s] Level 1:colcon.colcon_core.package_identification:_identify(src/Hiwin_libmodbus/hiwin_example) by extension 'ignore'
[0.121s] Level 1:colcon.colcon_core.package_identification:_identify(src/Hiwin_libmodbus/hiwin_example) by extension 'ignore_ament_install'
[0.121s] Level 1:colcon.colcon_core.package_identification:_identify(src/Hiwin_libmodbus/hiwin_example) by extensions ['colcon_pkg']
[0.121s] Level 1:colcon.colcon_core.package_identification:_identify(src/Hiwin_libmodbus/hiwin_example) by extension 'colcon_pkg'
[0.121s] Level 1:colcon.colcon_core.package_identification:_identify(src/Hiwin_libmodbus/hiwin_example) by extensions ['colcon_meta']
[0.121s] Level 1:colcon.colcon_core.package_identification:_identify(src/Hiwin_libmodbus/hiwin_example) by extension 'colcon_meta'
[0.121s] Level 1:colcon.colcon_core.package_identification:_identify(src/Hiwin_libmodbus/hiwin_example) by extensions ['ros']
[0.121s] Level 1:colcon.colcon_core.package_identification:_identify(src/Hiwin_libmodbus/hiwin_example) by extension 'ros'
[0.122s] DEBUG:colcon.colcon_core.package_identification:Package 'src/Hiwin_libmodbus/hiwin_example' with type 'ros.ament_python' and name 'hiwin_example'
[0.122s] Level 1:colcon.colcon_core.package_identification:_identify(src/Hiwin_libmodbus/hiwin_interfaces) by extensions ['ignore', 'ignore_ament_install']
[0.122s] Level 1:colcon.colcon_core.package_identification:_identify(src/Hiwin_libmodbus/hiwin_interfaces) by extension 'ignore'
[0.123s] Level 1:colcon.colcon_core.package_identification:_identify(src/Hiwin_libmodbus/hiwin_interfaces) by extension 'ignore_ament_install'
[0.123s] Level 1:colcon.colcon_core.package_identification:_identify(src/Hiwin_libmodbus/hiwin_interfaces) by extensions ['colcon_pkg']
[0.123s] Level 1:colcon.colcon_core.package_identification:_identify(src/Hiwin_libmodbus/hiwin_interfaces) by extension 'colcon_pkg'
[0.123s] Level 1:colcon.colcon_core.package_identification:_identify(src/Hiwin_libmodbus/hiwin_interfaces) by extensions ['colcon_meta']
[0.123s] Level 1:colcon.colcon_core.package_identification:_identify(src/Hiwin_libmodbus/hiwin_interfaces) by extension 'colcon_meta'
[0.123s] Level 1:colcon.colcon_core.package_identification:_identify(src/Hiwin_libmodbus/hiwin_interfaces) by extensions ['ros']
[0.123s] Level 1:colcon.colcon_core.package_identification:_identify(src/Hiwin_libmodbus/hiwin_interfaces) by extension 'ros'
[0.123s] DEBUG:colcon.colcon_core.package_identification:Package 'src/Hiwin_libmodbus/hiwin_interfaces' with type 'ros.ament_cmake' and name 'hiwin_interfaces'
[0.123s] Level 1:colcon.colcon_core.package_identification:_identify(src/Hiwin_libmodbus/hiwin_libmodbus) by extensions ['ignore', 'ignore_ament_install']
[0.123s] Level 1:colcon.colcon_core.package_identification:_identify(src/Hiwin_libmodbus/hiwin_libmodbus) by extension 'ignore'
[0.123s] Level 1:colcon.colcon_core.package_identification:_identify(src/Hiwin_libmodbus/hiwin_libmodbus) by extension 'ignore_ament_install'
[0.123s] Level 1:colcon.colcon_core.package_identification:_identify(src/Hiwin_libmodbus/hiwin_libmodbus) by extensions ['colcon_pkg']
[0.123s] Level 1:colcon.colcon_core.package_identification:_identify(src/Hiwin_libmodbus/hiwin_libmodbus) by extension 'colcon_pkg'
[0.123s] Level 1:colcon.colcon_core.package_identification:_identify(src/Hiwin_libmodbus/hiwin_libmodbus) by extensions ['colcon_meta']
[0.123s] Level 1:colcon.colcon_core.package_identification:_identify(src/Hiwin_libmodbus/hiwin_libmodbus) by extension 'colcon_meta'
[0.123s] Level 1:colcon.colcon_core.package_identification:_identify(src/Hiwin_libmodbus/hiwin_libmodbus) by extensions ['ros']
[0.123s] Level 1:colcon.colcon_core.package_identification:_identify(src/Hiwin_libmodbus/hiwin_libmodbus) by extension 'ros'
[0.123s] DEBUG:colcon.colcon_core.package_identification:Package 'src/Hiwin_libmodbus/hiwin_libmodbus' with type 'ros.ament_cmake' and name 'hiwin_libmodbus'
[0.124s] Level 1:colcon.colcon_core.package_identification:_identify(src/Hiwin_libmodbus/hiwin_service_client) by extensions ['ignore', 'ignore_ament_install']
[0.124s] Level 1:colcon.colcon_core.package_identification:_identify(src/Hiwin_libmodbus/hiwin_service_client) by extension 'ignore'
[0.124s] Level 1:colcon.colcon_core.package_identification:_identify(src/Hiwin_libmodbus/hiwin_service_client) by extension 'ignore_ament_install'
[0.124s] Level 1:colcon.colcon_core.package_identification:_identify(src/Hiwin_libmodbus/hiwin_service_client) by extensions ['colcon_pkg']
[0.124s] Level 1:colcon.colcon_core.package_identification:_identify(src/Hiwin_libmodbus/hiwin_service_client) by extension 'colcon_pkg'
[0.124s] Level 1:colcon.colcon_core.package_identification:_identify(src/Hiwin_libmodbus/hiwin_service_client) by extensions ['colcon_meta']
[0.124s] Level 1:colcon.colcon_core.package_identification:_identify(src/Hiwin_libmodbus/hiwin_service_client) by extension 'colcon_meta'
[0.124s] Level 1:colcon.colcon_core.package_identification:_identify(src/Hiwin_libmodbus/hiwin_service_client) by extensions ['ros']
[0.124s] Level 1:colcon.colcon_core.package_identification:_identify(src/Hiwin_libmodbus/hiwin_service_client) by extension 'ros'
[0.124s] DEBUG:colcon.colcon_core.package_identification:Package 'src/Hiwin_libmodbus/hiwin_service_client' with type 'ros.ament_cmake' and name 'hiwin_service_client'
[0.124s] Level 1:colcon.colcon_core.package_identification:_identify(src/Hiwin_libmodbus/libmodbus) by extensions ['ignore', 'ignore_ament_install']
[0.124s] Level 1:colcon.colcon_core.package_identification:_identify(src/Hiwin_libmodbus/libmodbus) by extension 'ignore'
[0.124s] Level 1:colcon.colcon_core.package_identification:_identify(src/Hiwin_libmodbus/libmodbus) by extension 'ignore_ament_install'
[0.124s] Level 1:colcon.colcon_core.package_identification:_identify(src/Hiwin_libmodbus/libmodbus) by extensions ['colcon_pkg']
[0.124s] Level 1:colcon.colcon_core.package_identification:_identify(src/Hiwin_libmodbus/libmodbus) by extension 'colcon_pkg'
[0.124s] Level 1:colcon.colcon_core.package_identification:_identify(src/Hiwin_libmodbus/libmodbus) by extensions ['colcon_meta']
[0.124s] Level 1:colcon.colcon_core.package_identification:_identify(src/Hiwin_libmodbus/libmodbus) by extension 'colcon_meta'
[0.124s] Level 1:colcon.colcon_core.package_identification:_identify(src/Hiwin_libmodbus/libmodbus) by extensions ['ros']
[0.124s] Level 1:colcon.colcon_core.package_identification:_identify(src/Hiwin_libmodbus/libmodbus) by extension 'ros'
[0.124s] Level 1:colcon.colcon_core.package_identification:_identify(src/Hiwin_libmodbus/libmodbus) by extensions ['cmake', 'python']
[0.124s] Level 1:colcon.colcon_core.package_identification:_identify(src/Hiwin_libmodbus/libmodbus) by extension 'cmake'
[0.125s] Level 1:colcon.colcon_core.package_identification:_identify(src/Hiwin_libmodbus/libmodbus) by extension 'python'
[0.125s] Level 1:colcon.colcon_core.package_identification:_identify(src/Hiwin_libmodbus/libmodbus) by extensions ['python_setup_py']
[0.125s] Level 1:colcon.colcon_core.package_identification:_identify(src/Hiwin_libmodbus/libmodbus) by extension 'python_setup_py'
[0.125s] Level 1:colcon.colcon_core.package_identification:_identify(src/Hiwin_libmodbus/libmodbus/autom4te.cache) by extensions ['ignore', 'ignore_ament_install']
[0.125s] Level 1:colcon.colcon_core.package_identification:_identify(src/Hiwin_libmodbus/libmodbus/autom4te.cache) by extension 'ignore'
[0.125s] Level 1:colcon.colcon_core.package_identification:_identify(src/Hiwin_libmodbus/libmodbus/autom4te.cache) by extension 'ignore_ament_install'
[0.125s] Level 1:colcon.colcon_core.package_identification:_identify(src/Hiwin_libmodbus/libmodbus/autom4te.cache) by extensions ['colcon_pkg']
[0.125s] Level 1:colcon.colcon_core.package_identification:_identify(src/Hiwin_libmodbus/libmodbus/autom4te.cache) by extension 'colcon_pkg'
[0.125s] Level 1:colcon.colcon_core.package_identification:_identify(src/Hiwin_libmodbus/libmodbus/autom4te.cache) by extensions ['colcon_meta']
[0.125s] Level 1:colcon.colcon_core.package_identification:_identify(src/Hiwin_libmodbus/libmodbus/autom4te.cache) by extension 'colcon_meta'
[0.125s] Level 1:colcon.colcon_core.package_identification:_identify(src/Hiwin_libmodbus/libmodbus/autom4te.cache) by extensions ['ros']
[0.125s] Level 1:colcon.colcon_core.package_identification:_identify(src/Hiwin_libmodbus/libmodbus/autom4te.cache) by extension 'ros'
[0.125s] Level 1:colcon.colcon_core.package_identification:_identify(src/Hiwin_libmodbus/libmodbus/autom4te.cache) by extensions ['cmake', 'python']
[0.125s] Level 1:colcon.colcon_core.package_identification:_identify(src/Hiwin_libmodbus/libmodbus/autom4te.cache) by extension 'cmake'
[0.125s] Level 1:colcon.colcon_core.package_identification:_identify(src/Hiwin_libmodbus/libmodbus/autom4te.cache) by extension 'python'
[0.125s] Level 1:colcon.colcon_core.package_identification:_identify(src/Hiwin_libmodbus/libmodbus/autom4te.cache) by extensions ['python_setup_py']
[0.125s] Level 1:colcon.colcon_core.package_identification:_identify(src/Hiwin_libmodbus/libmodbus/autom4te.cache) by extension 'python_setup_py'
[0.125s] Level 1:colcon.colcon_core.package_identification:_identify(src/Hiwin_libmodbus/libmodbus/build-aux) by extensions ['ignore', 'ignore_ament_install']
[0.125s] Level 1:colcon.colcon_core.package_identification:_identify(src/Hiwin_libmodbus/libmodbus/build-aux) by extension 'ignore'
[0.125s] Level 1:colcon.colcon_core.package_identification:_identify(src/Hiwin_libmodbus/libmodbus/build-aux) by extension 'ignore_ament_install'
[0.125s] Level 1:colcon.colcon_core.package_identification:_identify(src/Hiwin_libmodbus/libmodbus/build-aux) by extensions ['colcon_pkg']
[0.125s] Level 1:colcon.colcon_core.package_identification:_identify(src/Hiwin_libmodbus/libmodbus/build-aux) by extension 'colcon_pkg'
[0.125s] Level 1:colcon.colcon_core.package_identification:_identify(src/Hiwin_libmodbus/libmodbus/build-aux) by extensions ['colcon_meta']
[0.125s] Level 1:colcon.colcon_core.package_identification:_identify(src/Hiwin_libmodbus/libmodbus/build-aux) by extension 'colcon_meta'
[0.125s] Level 1:colcon.colcon_core.package_identification:_identify(src/Hiwin_libmodbus/libmodbus/build-aux) by extensions ['ros']
[0.125s] Level 1:colcon.colcon_core.package_identification:_identify(src/Hiwin_libmodbus/libmodbus/build-aux) by extension 'ros'
[0.125s] Level 1:colcon.colcon_core.package_identification:_identify(src/Hiwin_libmodbus/libmodbus/build-aux) by extensions ['cmake', 'python']
[0.125s] Level 1:colcon.colcon_core.package_identification:_identify(src/Hiwin_libmodbus/libmodbus/build-aux) by extension 'cmake'
[0.125s] Level 1:colcon.colcon_core.package_identification:_identify(src/Hiwin_libmodbus/libmodbus/build-aux) by extension 'python'
[0.125s] Level 1:colcon.colcon_core.package_identification:_identify(src/Hiwin_libmodbus/libmodbus/build-aux) by extensions ['python_setup_py']
[0.125s] Level 1:colcon.colcon_core.package_identification:_identify(src/Hiwin_libmodbus/libmodbus/build-aux) by extension 'python_setup_py'
[0.125s] Level 1:colcon.colcon_core.package_identification:_identify(src/Hiwin_libmodbus/libmodbus/docs) by extensions ['ignore', 'ignore_ament_install']
[0.125s] Level 1:colcon.colcon_core.package_identification:_identify(src/Hiwin_libmodbus/libmodbus/docs) by extension 'ignore'
[0.125s] Level 1:colcon.colcon_core.package_identification:_identify(src/Hiwin_libmodbus/libmodbus/docs) by extension 'ignore_ament_install'
[0.125s] Level 1:colcon.colcon_core.package_identification:_identify(src/Hiwin_libmodbus/libmodbus/docs) by extensions ['colcon_pkg']
[0.125s] Level 1:colcon.colcon_core.package_identification:_identify(src/Hiwin_libmodbus/libmodbus/docs) by extension 'colcon_pkg'
[0.125s] Level 1:colcon.colcon_core.package_identification:_identify(src/Hiwin_libmodbus/libmodbus/docs) by extensions ['colcon_meta']
[0.125s] Level 1:colcon.colcon_core.package_identification:_identify(src/Hiwin_libmodbus/libmodbus/docs) by extension 'colcon_meta'
[0.125s] Level 1:colcon.colcon_core.package_identification:_identify(src/Hiwin_libmodbus/libmodbus/docs) by extensions ['ros']
[0.125s] Level 1:colcon.colcon_core.package_identification:_identify(src/Hiwin_libmodbus/libmodbus/docs) by extension 'ros'
[0.126s] Level 1:colcon.colcon_core.package_identification:_identify(src/Hiwin_libmodbus/libmodbus/docs) by extensions ['cmake', 'python']
[0.126s] Level 1:colcon.colcon_core.package_identification:_identify(src/Hiwin_libmodbus/libmodbus/docs) by extension 'cmake'
[0.126s] Level 1:colcon.colcon_core.package_identification:_identify(src/Hiwin_libmodbus/libmodbus/docs) by extension 'python'
[0.126s] Level 1:colcon.colcon_core.package_identification:_identify(src/Hiwin_libmodbus/libmodbus/docs) by extensions ['python_setup_py']
[0.126s] Level 1:colcon.colcon_core.package_identification:_identify(src/Hiwin_libmodbus/libmodbus/docs) by extension 'python_setup_py'
[0.126s] Level 1:colcon.colcon_core.package_identification:_identify(src/Hiwin_libmodbus/libmodbus/docs/assets) by extensions ['ignore', 'ignore_ament_install']
[0.126s] Level 1:colcon.colcon_core.package_identification:_identify(src/Hiwin_libmodbus/libmodbus/docs/assets) by extension 'ignore'
[0.126s] Level 1:colcon.colcon_core.package_identification:_identify(src/Hiwin_libmodbus/libmodbus/docs/assets) by extension 'ignore_ament_install'
[0.126s] Level 1:colcon.colcon_core.package_identification:_identify(src/Hiwin_libmodbus/libmodbus/docs/assets) by extensions ['colcon_pkg']
[0.126s] Level 1:colcon.colcon_core.package_identification:_identify(src/Hiwin_libmodbus/libmodbus/docs/assets) by extension 'colcon_pkg'
[0.126s] Level 1:colcon.colcon_core.package_identification:_identify(src/Hiwin_libmodbus/libmodbus/docs/assets) by extensions ['colcon_meta']
[0.126s] Level 1:colcon.colcon_core.package_identification:_identify(src/Hiwin_libmodbus/libmodbus/docs/assets) by extension 'colcon_meta'
[0.126s] Level 1:colcon.colcon_core.package_identification:_identify(src/Hiwin_libmodbus/libmodbus/docs/assets) by extensions ['ros']
[0.126s] Level 1:colcon.colcon_core.package_identification:_identify(src/Hiwin_libmodbus/libmodbus/docs/assets) by extension 'ros'
[0.126s] Level 1:colcon.colcon_core.package_identification:_identify(src/Hiwin_libmodbus/libmodbus/docs/assets) by extensions ['cmake', 'python']
[0.126s] Level 1:colcon.colcon_core.package_identification:_identify(src/Hiwin_libmodbus/libmodbus/docs/assets) by extension 'cmake'
[0.126s] Level 1:colcon.colcon_core.package_identification:_identify(src/Hiwin_libmodbus/libmodbus/docs/assets) by extension 'python'
[0.126s] Level 1:colcon.colcon_core.package_identification:_identify(src/Hiwin_libmodbus/libmodbus/docs/assets) by extensions ['python_setup_py']
[0.126s] Level 1:colcon.colcon_core.package_identification:_identify(src/Hiwin_libmodbus/libmodbus/docs/assets) by extension 'python_setup_py'
[0.126s] Level 1:colcon.colcon_core.package_identification:_identify(src/Hiwin_libmodbus/libmodbus/m4) by extensions ['ignore', 'ignore_ament_install']
[0.126s] Level 1:colcon.colcon_core.package_identification:_identify(src/Hiwin_libmodbus/libmodbus/m4) by extension 'ignore'
[0.126s] Level 1:colcon.colcon_core.package_identification:_identify(src/Hiwin_libmodbus/libmodbus/m4) by extension 'ignore_ament_install'
[0.126s] Level 1:colcon.colcon_core.package_identification:_identify(src/Hiwin_libmodbus/libmodbus/m4) by extensions ['colcon_pkg']
[0.126s] Level 1:colcon.colcon_core.package_identification:_identify(src/Hiwin_libmodbus/libmodbus/m4) by extension 'colcon_pkg'
[0.126s] Level 1:colcon.colcon_core.package_identification:_identify(src/Hiwin_libmodbus/libmodbus/m4) by extensions ['colcon_meta']
[0.126s] Level 1:colcon.colcon_core.package_identification:_identify(src/Hiwin_libmodbus/libmodbus/m4) by extension 'colcon_meta'
[0.126s] Level 1:colcon.colcon_core.package_identification:_identify(src/Hiwin_libmodbus/libmodbus/m4) by extensions ['ros']
[0.126s] Level 1:colcon.colcon_core.package_identification:_identify(src/Hiwin_libmodbus/libmodbus/m4) by extension 'ros'
[0.126s] Level 1:colcon.colcon_core.package_identification:_identify(src/Hiwin_libmodbus/libmodbus/m4) by extensions ['cmake', 'python']
[0.126s] Level 1:colcon.colcon_core.package_identification:_identify(src/Hiwin_libmodbus/libmodbus/m4) by extension 'cmake'
[0.126s] Level 1:colcon.colcon_core.package_identification:_identify(src/Hiwin_libmodbus/libmodbus/m4) by extension 'python'
[0.126s] Level 1:colcon.colcon_core.package_identification:_identify(src/Hiwin_libmodbus/libmodbus/m4) by extensions ['python_setup_py']
[0.126s] Level 1:colcon.colcon_core.package_identification:_identify(src/Hiwin_libmodbus/libmodbus/m4) by extension 'python_setup_py'
[0.126s] Level 1:colcon.colcon_core.package_identification:_identify(src/Hiwin_libmodbus/libmodbus/src) by extensions ['ignore', 'ignore_ament_install']
[0.126s] Level 1:colcon.colcon_core.package_identification:_identify(src/Hiwin_libmodbus/libmodbus/src) by extension 'ignore'
[0.126s] Level 1:colcon.colcon_core.package_identification:_identify(src/Hiwin_libmodbus/libmodbus/src) by extension 'ignore_ament_install'
[0.126s] Level 1:colcon.colcon_core.package_identification:_identify(src/Hiwin_libmodbus/libmodbus/src) by extensions ['colcon_pkg']
[0.126s] Level 1:colcon.colcon_core.package_identification:_identify(src/Hiwin_libmodbus/libmodbus/src) by extension 'colcon_pkg'
[0.126s] Level 1:colcon.colcon_core.package_identification:_identify(src/Hiwin_libmodbus/libmodbus/src) by extensions ['colcon_meta']
[0.126s] Level 1:colcon.colcon_core.package_identification:_identify(src/Hiwin_libmodbus/libmodbus/src) by extension 'colcon_meta'
[0.126s] Level 1:colcon.colcon_core.package_identification:_identify(src/Hiwin_libmodbus/libmodbus/src) by extensions ['ros']
[0.126s] Level 1:colcon.colcon_core.package_identification:_identify(src/Hiwin_libmodbus/libmodbus/src) by extension 'ros'
[0.127s] Level 1:colcon.colcon_core.package_identification:_identify(src/Hiwin_libmodbus/libmodbus/src) by extensions ['cmake', 'python']
[0.127s] Level 1:colcon.colcon_core.package_identification:_identify(src/Hiwin_libmodbus/libmodbus/src) by extension 'cmake'
[0.127s] Level 1:colcon.colcon_core.package_identification:_identify(src/Hiwin_libmodbus/libmodbus/src) by extension 'python'
[0.127s] Level 1:colcon.colcon_core.package_identification:_identify(src/Hiwin_libmodbus/libmodbus/src) by extensions ['python_setup_py']
[0.127s] Level 1:colcon.colcon_core.package_identification:_identify(src/Hiwin_libmodbus/libmodbus/src) by extension 'python_setup_py'
[0.127s] Level 1:colcon.colcon_core.package_identification:_identify(src/Hiwin_libmodbus/libmodbus/src/win32) by extensions ['ignore', 'ignore_ament_install']
[0.127s] Level 1:colcon.colcon_core.package_identification:_identify(src/Hiwin_libmodbus/libmodbus/src/win32) by extension 'ignore'
[0.127s] Level 1:colcon.colcon_core.package_identification:_identify(src/Hiwin_libmodbus/libmodbus/src/win32) by extension 'ignore_ament_install'
[0.127s] Level 1:colcon.colcon_core.package_identification:_identify(src/Hiwin_libmodbus/libmodbus/src/win32) by extensions ['colcon_pkg']
[0.127s] Level 1:colcon.colcon_core.package_identification:_identify(src/Hiwin_libmodbus/libmodbus/src/win32) by extension 'colcon_pkg'
[0.127s] Level 1:colcon.colcon_core.package_identification:_identify(src/Hiwin_libmodbus/libmodbus/src/win32) by extensions ['colcon_meta']
[0.127s] Level 1:colcon.colcon_core.package_identification:_identify(src/Hiwin_libmodbus/libmodbus/src/win32) by extension 'colcon_meta'
[0.127s] Level 1:colcon.colcon_core.package_identification:_identify(src/Hiwin_libmodbus/libmodbus/src/win32) by extensions ['ros']
[0.127s] Level 1:colcon.colcon_core.package_identification:_identify(src/Hiwin_libmodbus/libmodbus/src/win32) by extension 'ros'
[0.127s] Level 1:colcon.colcon_core.package_identification:_identify(src/Hiwin_libmodbus/libmodbus/src/win32) by extensions ['cmake', 'python']
[0.127s] Level 1:colcon.colcon_core.package_identification:_identify(src/Hiwin_libmodbus/libmodbus/src/win32) by extension 'cmake'
[0.127s] Level 1:colcon.colcon_core.package_identification:_identify(src/Hiwin_libmodbus/libmodbus/src/win32) by extension 'python'
[0.127s] Level 1:colcon.colcon_core.package_identification:_identify(src/Hiwin_libmodbus/libmodbus/src/win32) by extensions ['python_setup_py']
[0.127s] Level 1:colcon.colcon_core.package_identification:_identify(src/Hiwin_libmodbus/libmodbus/src/win32) by extension 'python_setup_py'
[0.127s] Level 1:colcon.colcon_core.package_identification:_identify(src/Hiwin_libmodbus/libmodbus/tests) by extensions ['ignore', 'ignore_ament_install']
[0.127s] Level 1:colcon.colcon_core.package_identification:_identify(src/Hiwin_libmodbus/libmodbus/tests) by extension 'ignore'
[0.127s] Level 1:colcon.colcon_core.package_identification:_identify(src/Hiwin_libmodbus/libmodbus/tests) by extension 'ignore_ament_install'
[0.127s] Level 1:colcon.colcon_core.package_identification:_identify(src/Hiwin_libmodbus/libmodbus/tests) by extensions ['colcon_pkg']
[0.127s] Level 1:colcon.colcon_core.package_identification:_identify(src/Hiwin_libmodbus/libmodbus/tests) by extension 'colcon_pkg'
[0.127s] Level 1:colcon.colcon_core.package_identification:_identify(src/Hiwin_libmodbus/libmodbus/tests) by extensions ['colcon_meta']
[0.127s] Level 1:colcon.colcon_core.package_identification:_identify(src/Hiwin_libmodbus/libmodbus/tests) by extension 'colcon_meta'
[0.127s] Level 1:colcon.colcon_core.package_identification:_identify(src/Hiwin_libmodbus/libmodbus/tests) by extensions ['ros']
[0.127s] Level 1:colcon.colcon_core.package_identification:_identify(src/Hiwin_libmodbus/libmodbus/tests) by extension 'ros'
[0.127s] Level 1:colcon.colcon_core.package_identification:_identify(src/Hiwin_libmodbus/libmodbus/tests) by extensions ['cmake', 'python']
[0.127s] Level 1:colcon.colcon_core.package_identification:_identify(src/Hiwin_libmodbus/libmodbus/tests) by extension 'cmake'
[0.127s] Level 1:colcon.colcon_core.package_identification:_identify(src/Hiwin_libmodbus/libmodbus/tests) by extension 'python'
[0.127s] Level 1:colcon.colcon_core.package_identification:_identify(src/Hiwin_libmodbus/libmodbus/tests) by extensions ['python_setup_py']
[0.127s] Level 1:colcon.colcon_core.package_identification:_identify(src/Hiwin_libmodbus/libmodbus/tests) by extension 'python_setup_py'
[0.127s] Level 1:colcon.colcon_core.package_identification:_identify(src/aruco_marker_pics) by extensions ['ignore', 'ignore_ament_install']
[0.127s] Level 1:colcon.colcon_core.package_identification:_identify(src/aruco_marker_pics) by extension 'ignore'
[0.127s] Level 1:colcon.colcon_core.package_identification:_identify(src/aruco_marker_pics) by extension 'ignore_ament_install'
[0.127s] Level 1:colcon.colcon_core.package_identification:_identify(src/aruco_marker_pics) by extensions ['colcon_pkg']
[0.127s] Level 1:colcon.colcon_core.package_identification:_identify(src/aruco_marker_pics) by extension 'colcon_pkg'
[0.127s] Level 1:colcon.colcon_core.package_identification:_identify(src/aruco_marker_pics) by extensions ['colcon_meta']
[0.127s] Level 1:colcon.colcon_core.package_identification:_identify(src/aruco_marker_pics) by extension 'colcon_meta'
[0.127s] Level 1:colcon.colcon_core.package_identification:_identify(src/aruco_marker_pics) by extensions ['ros']
[0.127s] Level 1:colcon.colcon_core.package_identification:_identify(src/aruco_marker_pics) by extension 'ros'
[0.127s] Level 1:colcon.colcon_core.package_identification:_identify(src/aruco_marker_pics) by extensions ['cmake', 'python']
[0.127s] Level 1:colcon.colcon_core.package_identification:_identify(src/aruco_marker_pics) by extension 'cmake'
[0.127s] Level 1:colcon.colcon_core.package_identification:_identify(src/aruco_marker_pics) by extension 'python'
[0.127s] Level 1:colcon.colcon_core.package_identification:_identify(src/aruco_marker_pics) by extensions ['python_setup_py']
[0.127s] Level 1:colcon.colcon_core.package_identification:_identify(src/aruco_marker_pics) by extension 'python_setup_py'
[0.128s] Level 1:colcon.colcon_core.package_identification:_identify(src/aruco_marker_pics/svgtopng) by extensions ['ignore', 'ignore_ament_install']
[0.128s] Level 1:colcon.colcon_core.package_identification:_identify(src/aruco_marker_pics/svgtopng) by extension 'ignore'
[0.128s] Level 1:colcon.colcon_core.package_identification:_identify(src/aruco_marker_pics/svgtopng) by extension 'ignore_ament_install'
[0.128s] Level 1:colcon.colcon_core.package_identification:_identify(src/aruco_marker_pics/svgtopng) by extensions ['colcon_pkg']
[0.128s] Level 1:colcon.colcon_core.package_identification:_identify(src/aruco_marker_pics/svgtopng) by extension 'colcon_pkg'
[0.128s] Level 1:colcon.colcon_core.package_identification:_identify(src/aruco_marker_pics/svgtopng) by extensions ['colcon_meta']
[0.128s] Level 1:colcon.colcon_core.package_identification:_identify(src/aruco_marker_pics/svgtopng) by extension 'colcon_meta'
[0.128s] Level 1:colcon.colcon_core.package_identification:_identify(src/aruco_marker_pics/svgtopng) by extensions ['ros']
[0.128s] Level 1:colcon.colcon_core.package_identification:_identify(src/aruco_marker_pics/svgtopng) by extension 'ros'
[0.128s] Level 1:colcon.colcon_core.package_identification:_identify(src/aruco_marker_pics/svgtopng) by extensions ['cmake', 'python']
[0.128s] Level 1:colcon.colcon_core.package_identification:_identify(src/aruco_marker_pics/svgtopng) by extension 'cmake'
[0.128s] Level 1:colcon.colcon_core.package_identification:_identify(src/aruco_marker_pics/svgtopng) by extension 'python'
[0.128s] Level 1:colcon.colcon_core.package_identification:_identify(src/aruco_marker_pics/svgtopng) by extensions ['python_setup_py']
[0.128s] Level 1:colcon.colcon_core.package_identification:_identify(src/aruco_marker_pics/svgtopng) by extension 'python_setup_py'
[0.128s] Level 1:colcon.colcon_core.package_identification:_identify(src/hiwin_control) by extensions ['ignore', 'ignore_ament_install']
[0.128s] Level 1:colcon.colcon_core.package_identification:_identify(src/hiwin_control) by extension 'ignore'
[0.128s] Level 1:colcon.colcon_core.package_identification:_identify(src/hiwin_control) by extension 'ignore_ament_install'
[0.128s] Level 1:colcon.colcon_core.package_identification:_identify(src/hiwin_control) by extensions ['colcon_pkg']
[0.128s] Level 1:colcon.colcon_core.package_identification:_identify(src/hiwin_control) by extension 'colcon_pkg'
[0.128s] Level 1:colcon.colcon_core.package_identification:_identify(src/hiwin_control) by extensions ['colcon_meta']
[0.128s] Level 1:colcon.colcon_core.package_identification:_identify(src/hiwin_control) by extension 'colcon_meta'
[0.128s] Level 1:colcon.colcon_core.package_identification:_identify(src/hiwin_control) by extensions ['ros']
[0.128s] Level 1:colcon.colcon_core.package_identification:_identify(src/hiwin_control) by extension 'ros'
[0.128s] DEBUG:colcon.colcon_core.package_identification:Package 'src/hiwin_control' with type 'ros.ament_python' and name 'hiwin_control'
[0.128s] Level 1:colcon.colcon_core.package_identification:_identify(src/picture) by extensions ['ignore', 'ignore_ament_install']
[0.128s] Level 1:colcon.colcon_core.package_identification:_identify(src/picture) by extension 'ignore'
[0.128s] Level 1:colcon.colcon_core.package_identification:_identify(src/picture) by extension 'ignore_ament_install'
[0.128s] Level 1:colcon.colcon_core.package_identification:_identify(src/picture) by extensions ['colcon_pkg']
[0.128s] Level 1:colcon.colcon_core.package_identification:_identify(src/picture) by extension 'colcon_pkg'
[0.128s] Level 1:colcon.colcon_core.package_identification:_identify(src/picture) by extensions ['colcon_meta']
[0.128s] Level 1:colcon.colcon_core.package_identification:_identify(src/picture) by extension 'colcon_meta'
[0.128s] Level 1:colcon.colcon_core.package_identification:_identify(src/picture) by extensions ['ros']
[0.128s] Level 1:colcon.colcon_core.package_identification:_identify(src/picture) by extension 'ros'
[0.129s] Level 1:colcon.colcon_core.package_identification:_identify(src/picture) by extensions ['cmake', 'python']
[0.129s] Level 1:colcon.colcon_core.package_identification:_identify(src/picture) by extension 'cmake'
[0.129s] Level 1:colcon.colcon_core.package_identification:_identify(src/picture) by extension 'python'
[0.129s] Level 1:colcon.colcon_core.package_identification:_identify(src/picture) by extensions ['python_setup_py']
[0.129s] Level 1:colcon.colcon_core.package_identification:_identify(src/picture) by extension 'python_setup_py'
[0.129s] Level 1:colcon.colcon_core.package_identification:_identify(src/pool) by extensions ['ignore', 'ignore_ament_install']
[0.129s] Level 1:colcon.colcon_core.package_identification:_identify(src/pool) by extension 'ignore'
[0.129s] Level 1:colcon.colcon_core.package_identification:_identify(src/pool) by extension 'ignore_ament_install'
[0.129s] Level 1:colcon.colcon_core.package_identification:_identify(src/pool) by extensions ['colcon_pkg']
[0.129s] Level 1:colcon.colcon_core.package_identification:_identify(src/pool) by extension 'colcon_pkg'
[0.129s] Level 1:colcon.colcon_core.package_identification:_identify(src/pool) by extensions ['colcon_meta']
[0.129s] Level 1:colcon.colcon_core.package_identification:_identify(src/pool) by extension 'colcon_meta'
[0.129s] Level 1:colcon.colcon_core.package_identification:_identify(src/pool) by extensions ['ros']
[0.129s] Level 1:colcon.colcon_core.package_identification:_identify(src/pool) by extension 'ros'
[0.129s] Level 1:colcon.colcon_core.package_identification:_identify(src/pool) by extensions ['cmake', 'python']
[0.129s] Level 1:colcon.colcon_core.package_identification:_identify(src/pool) by extension 'cmake'
[0.129s] Level 1:colcon.colcon_core.package_identification:_identify(src/pool) by extension 'python'
[0.129s] Level 1:colcon.colcon_core.package_identification:_identify(src/pool) by extensions ['python_setup_py']
[0.129s] Level 1:colcon.colcon_core.package_identification:_identify(src/pool) by extension 'python_setup_py'
[0.129s] Level 1:colcon.colcon_core.package_identification:_identify(src/pool/center) by extensions ['ignore', 'ignore_ament_install']
[0.129s] Level 1:colcon.colcon_core.package_identification:_identify(src/pool/center) by extension 'ignore'
[0.129s] Level 1:colcon.colcon_core.package_identification:_identify(src/pool/center) by extension 'ignore_ament_install'
[0.129s] Level 1:colcon.colcon_core.package_identification:_identify(src/pool/center) by extensions ['colcon_pkg']
[0.129s] Level 1:colcon.colcon_core.package_identification:_identify(src/pool/center) by extension 'colcon_pkg'
[0.129s] Level 1:colcon.colcon_core.package_identification:_identify(src/pool/center) by extensions ['colcon_meta']
[0.129s] Level 1:colcon.colcon_core.package_identification:_identify(src/pool/center) by extension 'colcon_meta'
[0.129s] Level 1:colcon.colcon_core.package_identification:_identify(src/pool/center) by extensions ['ros']
[0.129s] Level 1:colcon.colcon_core.package_identification:_identify(src/pool/center) by extension 'ros'
[0.129s] DEBUG:colcon.colcon_core.package_identification:Package 'src/pool/center' with type 'ros.ament_python' and name 'center'
[0.129s] Level 1:colcon.colcon_core.package_identification:_identify(src/pool/detect) by extensions ['ignore', 'ignore_ament_install']
[0.129s] Level 1:colcon.colcon_core.package_identification:_identify(src/pool/detect) by extension 'ignore'
[0.130s] Level 1:colcon.colcon_core.package_identification:_identify(src/pool/detect) by extension 'ignore_ament_install'
[0.130s] Level 1:colcon.colcon_core.package_identification:_identify(src/pool/detect) by extensions ['colcon_pkg']
[0.130s] Level 1:colcon.colcon_core.package_identification:_identify(src/pool/detect) by extension 'colcon_pkg'
[0.130s] Level 1:colcon.colcon_core.package_identification:_identify(src/pool/detect) by extensions ['colcon_meta']
[0.130s] Level 1:colcon.colcon_core.package_identification:_identify(src/pool/detect) by extension 'colcon_meta'
[0.130s] Level 1:colcon.colcon_core.package_identification:_identify(src/pool/detect) by extensions ['ros']
[0.130s] Level 1:colcon.colcon_core.package_identification:_identify(src/pool/detect) by extension 'ros'
[0.130s] Level 1:colcon.colcon_core.package_identification:_identify(src/pool/detect) by extensions ['cmake', 'python']
[0.130s] Level 1:colcon.colcon_core.package_identification:_identify(src/pool/detect) by extension 'cmake'
[0.130s] Level 1:colcon.colcon_core.package_identification:_identify(src/pool/detect) by extension 'python'
[0.130s] Level 1:colcon.colcon_core.package_identification:_identify(src/pool/detect) by extensions ['python_setup_py']
[0.130s] Level 1:colcon.colcon_core.package_identification:_identify(src/pool/detect) by extension 'python_setup_py'
[0.130s] Level 1:colcon.colcon_core.package_identification:_identify(src/pool/detect/detect_interface) by extensions ['ignore', 'ignore_ament_install']
[0.130s] Level 1:colcon.colcon_core.package_identification:_identify(src/pool/detect/detect_interface) by extension 'ignore'
[0.130s] Level 1:colcon.colcon_core.package_identification:_identify(src/pool/detect/detect_interface) by extension 'ignore_ament_install'
[0.130s] Level 1:colcon.colcon_core.package_identification:_identify(src/pool/detect/detect_interface) by extensions ['colcon_pkg']
[0.130s] Level 1:colcon.colcon_core.package_identification:_identify(src/pool/detect/detect_interface) by extension 'colcon_pkg'
[0.130s] Level 1:colcon.colcon_core.package_identification:_identify(src/pool/detect/detect_interface) by extensions ['colcon_meta']
[0.130s] Level 1:colcon.colcon_core.package_identification:_identify(src/pool/detect/detect_interface) by extension 'colcon_meta'
[0.130s] Level 1:colcon.colcon_core.package_identification:_identify(src/pool/detect/detect_interface) by extensions ['ros']
[0.130s] Level 1:colcon.colcon_core.package_identification:_identify(src/pool/detect/detect_interface) by extension 'ros'
[0.130s] DEBUG:colcon.colcon_core.package_identification:Package 'src/pool/detect/detect_interface' with type 'ros.ament_cmake' and name 'detect_interface'
[0.130s] Level 1:colcon.colcon_core.package_identification:_identify(src/pool/detect/yolov7_obj_detect) by extensions ['ignore', 'ignore_ament_install']
[0.130s] Level 1:colcon.colcon_core.package_identification:_identify(src/pool/detect/yolov7_obj_detect) by extension 'ignore'
[0.130s] Level 1:colcon.colcon_core.package_identification:_identify(src/pool/detect/yolov7_obj_detect) by extension 'ignore_ament_install'
[0.130s] Level 1:colcon.colcon_core.package_identification:_identify(src/pool/detect/yolov7_obj_detect) by extensions ['colcon_pkg']
[0.130s] Level 1:colcon.colcon_core.package_identification:_identify(src/pool/detect/yolov7_obj_detect) by extension 'colcon_pkg'
[0.130s] Level 1:colcon.colcon_core.package_identification:_identify(src/pool/detect/yolov7_obj_detect) by extensions ['colcon_meta']
[0.130s] Level 1:colcon.colcon_core.package_identification:_identify(src/pool/detect/yolov7_obj_detect) by extension 'colcon_meta'
[0.130s] Level 1:colcon.colcon_core.package_identification:_identify(src/pool/detect/yolov7_obj_detect) by extensions ['ros']
[0.130s] Level 1:colcon.colcon_core.package_identification:_identify(src/pool/detect/yolov7_obj_detect) by extension 'ros'
[0.131s] DEBUG:colcon.colcon_core.package_identification:Package 'src/pool/detect/yolov7_obj_detect' with type 'ros.ament_python' and name 'yolov7_obj_detect'
[0.131s] Level 1:colcon.colcon_core.package_identification:_identify(src/pool/docker) by extensions ['ignore', 'ignore_ament_install']
[0.131s] Level 1:colcon.colcon_core.package_identification:_identify(src/pool/docker) by extension 'ignore'
[0.131s] Level 1:colcon.colcon_core.package_identification:_identify(src/pool/docker) by extension 'ignore_ament_install'
[0.131s] Level 1:colcon.colcon_core.package_identification:_identify(src/pool/docker) by extensions ['colcon_pkg']
[0.131s] Level 1:colcon.colcon_core.package_identification:_identify(src/pool/docker) by extension 'colcon_pkg'
[0.131s] Level 1:colcon.colcon_core.package_identification:_identify(src/pool/docker) by extensions ['colcon_meta']
[0.131s] Level 1:colcon.colcon_core.package_identification:_identify(src/pool/docker) by extension 'colcon_meta'
[0.131s] Level 1:colcon.colcon_core.package_identification:_identify(src/pool/docker) by extensions ['ros']
[0.131s] Level 1:colcon.colcon_core.package_identification:_identify(src/pool/docker) by extension 'ros'
[0.131s] Level 1:colcon.colcon_core.package_identification:_identify(src/pool/docker) by extensions ['cmake', 'python']
[0.131s] Level 1:colcon.colcon_core.package_identification:_identify(src/pool/docker) by extension 'cmake'
[0.131s] Level 1:colcon.colcon_core.package_identification:_identify(src/pool/docker) by extension 'python'
[0.131s] Level 1:colcon.colcon_core.package_identification:_identify(src/pool/docker) by extensions ['python_setup_py']
[0.131s] Level 1:colcon.colcon_core.package_identification:_identify(src/pool/docker) by extension 'python_setup_py'
[0.131s] Level 1:colcon.colcon_core.package_identification:_identify(src/pool/docker/compose) by extensions ['ignore', 'ignore_ament_install']
[0.131s] Level 1:colcon.colcon_core.package_identification:_identify(src/pool/docker/compose) by extension 'ignore'
[0.131s] Level 1:colcon.colcon_core.package_identification:_identify(src/pool/docker/compose) by extension 'ignore_ament_install'
[0.131s] Level 1:colcon.colcon_core.package_identification:_identify(src/pool/docker/compose) by extensions ['colcon_pkg']
[0.131s] Level 1:colcon.colcon_core.package_identification:_identify(src/pool/docker/compose) by extension 'colcon_pkg'
[0.131s] Level 1:colcon.colcon_core.package_identification:_identify(src/pool/docker/compose) by extensions ['colcon_meta']
[0.131s] Level 1:colcon.colcon_core.package_identification:_identify(src/pool/docker/compose) by extension 'colcon_meta'
[0.131s] Level 1:colcon.colcon_core.package_identification:_identify(src/pool/docker/compose) by extensions ['ros']
[0.131s] Level 1:colcon.colcon_core.package_identification:_identify(src/pool/docker/compose) by extension 'ros'
[0.131s] Level 1:colcon.colcon_core.package_identification:_identify(src/pool/docker/compose) by extensions ['cmake', 'python']
[0.131s] Level 1:colcon.colcon_core.package_identification:_identify(src/pool/docker/compose) by extension 'cmake'
[0.131s] Level 1:colcon.colcon_core.package_identification:_identify(src/pool/docker/compose) by extension 'python'
[0.131s] Level 1:colcon.colcon_core.package_identification:_identify(src/pool/docker/compose) by extensions ['python_setup_py']
[0.131s] Level 1:colcon.colcon_core.package_identification:_identify(src/pool/docker/compose) by extension 'python_setup_py'
[0.131s] Level 1:colcon.colcon_core.package_identification:_identify(src/pool/docker/compose/config) by extensions ['ignore', 'ignore_ament_install']
[0.131s] Level 1:colcon.colcon_core.package_identification:_identify(src/pool/docker/compose/config) by extension 'ignore'
[0.131s] Level 1:colcon.colcon_core.package_identification:_identify(src/pool/docker/compose/config) by extension 'ignore_ament_install'
[0.131s] Level 1:colcon.colcon_core.package_identification:_identify(src/pool/docker/compose/config) by extensions ['colcon_pkg']
[0.131s] Level 1:colcon.colcon_core.package_identification:_identify(src/pool/docker/compose/config) by extension 'colcon_pkg'
[0.131s] Level 1:colcon.colcon_core.package_identification:_identify(src/pool/docker/compose/config) by extensions ['colcon_meta']
[0.131s] Level 1:colcon.colcon_core.package_identification:_identify(src/pool/docker/compose/config) by extension 'colcon_meta'
[0.132s] Level 1:colcon.colcon_core.package_identification:_identify(src/pool/docker/compose/config) by extensions ['ros']
[0.132s] Level 1:colcon.colcon_core.package_identification:_identify(src/pool/docker/compose/config) by extension 'ros'
[0.132s] Level 1:colcon.colcon_core.package_identification:_identify(src/pool/docker/compose/config) by extensions ['cmake', 'python']
[0.132s] Level 1:colcon.colcon_core.package_identification:_identify(src/pool/docker/compose/config) by extension 'cmake'
[0.132s] Level 1:colcon.colcon_core.package_identification:_identify(src/pool/docker/compose/config) by extension 'python'
[0.132s] Level 1:colcon.colcon_core.package_identification:_identify(src/pool/docker/compose/config) by extensions ['python_setup_py']
[0.132s] Level 1:colcon.colcon_core.package_identification:_identify(src/pool/docker/compose/config) by extension 'python_setup_py'
[0.132s] Level 1:colcon.colcon_core.package_identification:_identify(src/pool/docker/compose/config/pip) by extensions ['ignore', 'ignore_ament_install']
[0.132s] Level 1:colcon.colcon_core.package_identification:_identify(src/pool/docker/compose/config/pip) by extension 'ignore'
[0.132s] Level 1:colcon.colcon_core.package_identification:_identify(src/pool/docker/compose/config/pip) by extension 'ignore_ament_install'
[0.132s] Level 1:colcon.colcon_core.package_identification:_identify(src/pool/docker/compose/config/pip) by extensions ['colcon_pkg']
[0.132s] Level 1:colcon.colcon_core.package_identification:_identify(src/pool/docker/compose/config/pip) by extension 'colcon_pkg'
[0.132s] Level 1:colcon.colcon_core.package_identification:_identify(src/pool/docker/compose/config/pip) by extensions ['colcon_meta']
[0.132s] Level 1:colcon.colcon_core.package_identification:_identify(src/pool/docker/compose/config/pip) by extension 'colcon_meta'
[0.132s] Level 1:colcon.colcon_core.package_identification:_identify(src/pool/docker/compose/config/pip) by extensions ['ros']
[0.132s] Level 1:colcon.colcon_core.package_identification:_identify(src/pool/docker/compose/config/pip) by extension 'ros'
[0.132s] Level 1:colcon.colcon_core.package_identification:_identify(src/pool/docker/compose/config/pip) by extensions ['cmake', 'python']
[0.132s] Level 1:colcon.colcon_core.package_identification:_identify(src/pool/docker/compose/config/pip) by extension 'cmake'
[0.132s] Level 1:colcon.colcon_core.package_identification:_identify(src/pool/docker/compose/config/pip) by extension 'python'
[0.132s] Level 1:colcon.colcon_core.package_identification:_identify(src/pool/docker/compose/config/pip) by extensions ['python_setup_py']
[0.132s] Level 1:colcon.colcon_core.package_identification:_identify(src/pool/docker/compose/config/pip) by extension 'python_setup_py'
[0.132s] Level 1:colcon.colcon_core.package_identification:_identify(src/pool/docker/compose/config/shell) by extensions ['ignore', 'ignore_ament_install']
[0.132s] Level 1:colcon.colcon_core.package_identification:_identify(src/pool/docker/compose/config/shell) by extension 'ignore'
[0.132s] Level 1:colcon.colcon_core.package_identification:_identify(src/pool/docker/compose/config/shell) by extension 'ignore_ament_install'
[0.132s] Level 1:colcon.colcon_core.package_identification:_identify(src/pool/docker/compose/config/shell) by extensions ['colcon_pkg']
[0.132s] Level 1:colcon.colcon_core.package_identification:_identify(src/pool/docker/compose/config/shell) by extension 'colcon_pkg'
[0.132s] Level 1:colcon.colcon_core.package_identification:_identify(src/pool/docker/compose/config/shell) by extensions ['colcon_meta']
[0.132s] Level 1:colcon.colcon_core.package_identification:_identify(src/pool/docker/compose/config/shell) by extension 'colcon_meta'
[0.132s] Level 1:colcon.colcon_core.package_identification:_identify(src/pool/docker/compose/config/shell) by extensions ['ros']
[0.132s] Level 1:colcon.colcon_core.package_identification:_identify(src/pool/docker/compose/config/shell) by extension 'ros'
[0.132s] Level 1:colcon.colcon_core.package_identification:_identify(src/pool/docker/compose/config/shell) by extensions ['cmake', 'python']
[0.132s] Level 1:colcon.colcon_core.package_identification:_identify(src/pool/docker/compose/config/shell) by extension 'cmake'
[0.132s] Level 1:colcon.colcon_core.package_identification:_identify(src/pool/docker/compose/config/shell) by extension 'python'
[0.132s] Level 1:colcon.colcon_core.package_identification:_identify(src/pool/docker/compose/config/shell) by extensions ['python_setup_py']
[0.132s] Level 1:colcon.colcon_core.package_identification:_identify(src/pool/docker/compose/config/shell) by extension 'python_setup_py'
[0.132s] Level 1:colcon.colcon_core.package_identification:_identify(src/pool/docker/compose/config/shell/terminator) by extensions ['ignore', 'ignore_ament_install']
[0.132s] Level 1:colcon.colcon_core.package_identification:_identify(src/pool/docker/compose/config/shell/terminator) by extension 'ignore'
[0.132s] Level 1:colcon.colcon_core.package_identification:_identify(src/pool/docker/compose/config/shell/terminator) by extension 'ignore_ament_install'
[0.132s] Level 1:colcon.colcon_core.package_identification:_identify(src/pool/docker/compose/config/shell/terminator) by extensions ['colcon_pkg']
[0.132s] Level 1:colcon.colcon_core.package_identification:_identify(src/pool/docker/compose/config/shell/terminator) by extension 'colcon_pkg'
[0.132s] Level 1:colcon.colcon_core.package_identification:_identify(src/pool/docker/compose/config/shell/terminator) by extensions ['colcon_meta']
[0.132s] Level 1:colcon.colcon_core.package_identification:_identify(src/pool/docker/compose/config/shell/terminator) by extension 'colcon_meta'
[0.132s] Level 1:colcon.colcon_core.package_identification:_identify(src/pool/docker/compose/config/shell/terminator) by extensions ['ros']
[0.132s] Level 1:colcon.colcon_core.package_identification:_identify(src/pool/docker/compose/config/shell/terminator) by extension 'ros'
[0.132s] Level 1:colcon.colcon_core.package_identification:_identify(src/pool/docker/compose/config/shell/terminator) by extensions ['cmake', 'python']
[0.132s] Level 1:colcon.colcon_core.package_identification:_identify(src/pool/docker/compose/config/shell/terminator) by extension 'cmake'
[0.132s] Level 1:colcon.colcon_core.package_identification:_identify(src/pool/docker/compose/config/shell/terminator) by extension 'python'
[0.133s] Level 1:colcon.colcon_core.package_identification:_identify(src/pool/docker/compose/config/shell/terminator) by extensions ['python_setup_py']
[0.133s] Level 1:colcon.colcon_core.package_identification:_identify(src/pool/docker/compose/config/shell/terminator) by extension 'python_setup_py'
[0.133s] Level 1:colcon.colcon_core.package_identification:_identify(src/pool/docker/compose/config/shell/tmux) by extensions ['ignore', 'ignore_ament_install']
[0.133s] Level 1:colcon.colcon_core.package_identification:_identify(src/pool/docker/compose/config/shell/tmux) by extension 'ignore'
[0.133s] Level 1:colcon.colcon_core.package_identification:_identify(src/pool/docker/compose/config/shell/tmux) by extension 'ignore_ament_install'
[0.133s] Level 1:colcon.colcon_core.package_identification:_identify(src/pool/docker/compose/config/shell/tmux) by extensions ['colcon_pkg']
[0.133s] Level 1:colcon.colcon_core.package_identification:_identify(src/pool/docker/compose/config/shell/tmux) by extension 'colcon_pkg'
[0.133s] Level 1:colcon.colcon_core.package_identification:_identify(src/pool/docker/compose/config/shell/tmux) by extensions ['colcon_meta']
[0.133s] Level 1:colcon.colcon_core.package_identification:_identify(src/pool/docker/compose/config/shell/tmux) by extension 'colcon_meta'
[0.133s] Level 1:colcon.colcon_core.package_identification:_identify(src/pool/docker/compose/config/shell/tmux) by extensions ['ros']
[0.133s] Level 1:colcon.colcon_core.package_identification:_identify(src/pool/docker/compose/config/shell/tmux) by extension 'ros'
[0.133s] Level 1:colcon.colcon_core.package_identification:_identify(src/pool/docker/compose/config/shell/tmux) by extensions ['cmake', 'python']
[0.133s] Level 1:colcon.colcon_core.package_identification:_identify(src/pool/docker/compose/config/shell/tmux) by extension 'cmake'
[0.133s] Level 1:colcon.colcon_core.package_identification:_identify(src/pool/docker/compose/config/shell/tmux) by extension 'python'
[0.133s] Level 1:colcon.colcon_core.package_identification:_identify(src/pool/docker/compose/config/shell/tmux) by extensions ['python_setup_py']
[0.133s] Level 1:colcon.colcon_core.package_identification:_identify(src/pool/docker/compose/config/shell/tmux) by extension 'python_setup_py'
[0.133s] Level 1:colcon.colcon_core.package_identification:_identify(src/pool/docker/config) by extensions ['ignore', 'ignore_ament_install']
[0.133s] Level 1:colcon.colcon_core.package_identification:_identify(src/pool/docker/config) by extension 'ignore'
[0.133s] Level 1:colcon.colcon_core.package_identification:_identify(src/pool/docker/config) by extension 'ignore_ament_install'
[0.133s] Level 1:colcon.colcon_core.package_identification:_identify(src/pool/docker/config) by extensions ['colcon_pkg']
[0.133s] Level 1:colcon.colcon_core.package_identification:_identify(src/pool/docker/config) by extension 'colcon_pkg'
[0.133s] Level 1:colcon.colcon_core.package_identification:_identify(src/pool/docker/config) by extensions ['colcon_meta']
[0.133s] Level 1:colcon.colcon_core.package_identification:_identify(src/pool/docker/config) by extension 'colcon_meta'
[0.133s] Level 1:colcon.colcon_core.package_identification:_identify(src/pool/docker/config) by extensions ['ros']
[0.133s] Level 1:colcon.colcon_core.package_identification:_identify(src/pool/docker/config) by extension 'ros'
[0.133s] Level 1:colcon.colcon_core.package_identification:_identify(src/pool/docker/config) by extensions ['cmake', 'python']
[0.133s] Level 1:colcon.colcon_core.package_identification:_identify(src/pool/docker/config) by extension 'cmake'
[0.133s] Level 1:colcon.colcon_core.package_identification:_identify(src/pool/docker/config) by extension 'python'
[0.133s] Level 1:colcon.colcon_core.package_identification:_identify(src/pool/docker/config) by extensions ['python_setup_py']
[0.133s] Level 1:colcon.colcon_core.package_identification:_identify(src/pool/docker/config) by extension 'python_setup_py'
[0.133s] Level 1:colcon.colcon_core.package_identification:_identify(src/pool/docker/config/pip) by extensions ['ignore', 'ignore_ament_install']
[0.133s] Level 1:colcon.colcon_core.package_identification:_identify(src/pool/docker/config/pip) by extension 'ignore'
[0.133s] Level 1:colcon.colcon_core.package_identification:_identify(src/pool/docker/config/pip) by extension 'ignore_ament_install'
[0.133s] Level 1:colcon.colcon_core.package_identification:_identify(src/pool/docker/config/pip) by extensions ['colcon_pkg']
[0.133s] Level 1:colcon.colcon_core.package_identification:_identify(src/pool/docker/config/pip) by extension 'colcon_pkg'
[0.133s] Level 1:colcon.colcon_core.package_identification:_identify(src/pool/docker/config/pip) by extensions ['colcon_meta']
[0.133s] Level 1:colcon.colcon_core.package_identification:_identify(src/pool/docker/config/pip) by extension 'colcon_meta'
[0.133s] Level 1:colcon.colcon_core.package_identification:_identify(src/pool/docker/config/pip) by extensions ['ros']
[0.133s] Level 1:colcon.colcon_core.package_identification:_identify(src/pool/docker/config/pip) by extension 'ros'
[0.133s] Level 1:colcon.colcon_core.package_identification:_identify(src/pool/docker/config/pip) by extensions ['cmake', 'python']
[0.133s] Level 1:colcon.colcon_core.package_identification:_identify(src/pool/docker/config/pip) by extension 'cmake'
[0.133s] Level 1:colcon.colcon_core.package_identification:_identify(src/pool/docker/config/pip) by extension 'python'
[0.133s] Level 1:colcon.colcon_core.package_identification:_identify(src/pool/docker/config/pip) by extensions ['python_setup_py']
[0.133s] Level 1:colcon.colcon_core.package_identification:_identify(src/pool/docker/config/pip) by extension 'python_setup_py'
[0.133s] Level 1:colcon.colcon_core.package_identification:_identify(src/pool/docker/config/shell) by extensions ['ignore', 'ignore_ament_install']
[0.133s] Level 1:colcon.colcon_core.package_identification:_identify(src/pool/docker/config/shell) by extension 'ignore'
[0.133s] Level 1:colcon.colcon_core.package_identification:_identify(src/pool/docker/config/shell) by extension 'ignore_ament_install'
[0.134s] Level 1:colcon.colcon_core.package_identification:_identify(src/pool/docker/config/shell) by extensions ['colcon_pkg']
[0.134s] Level 1:colcon.colcon_core.package_identification:_identify(src/pool/docker/config/shell) by extension 'colcon_pkg'
[0.134s] Level 1:colcon.colcon_core.package_identification:_identify(src/pool/docker/config/shell) by extensions ['colcon_meta']
[0.134s] Level 1:colcon.colcon_core.package_identification:_identify(src/pool/docker/config/shell) by extension 'colcon_meta'
[0.134s] Level 1:colcon.colcon_core.package_identification:_identify(src/pool/docker/config/shell) by extensions ['ros']
[0.134s] Level 1:colcon.colcon_core.package_identification:_identify(src/pool/docker/config/shell) by extension 'ros'
[0.134s] Level 1:colcon.colcon_core.package_identification:_identify(src/pool/docker/config/shell) by extensions ['cmake', 'python']
[0.134s] Level 1:colcon.colcon_core.package_identification:_identify(src/pool/docker/config/shell) by extension 'cmake'
[0.134s] Level 1:colcon.colcon_core.package_identification:_identify(src/pool/docker/config/shell) by extension 'python'
[0.134s] Level 1:colcon.colcon_core.package_identification:_identify(src/pool/docker/config/shell) by extensions ['python_setup_py']
[0.134s] Level 1:colcon.colcon_core.package_identification:_identify(src/pool/docker/config/shell) by extension 'python_setup_py'
[0.134s] Level 1:colcon.colcon_core.package_identification:_identify(src/pool/docker/config/shell/terminator) by extensions ['ignore', 'ignore_ament_install']
[0.134s] Level 1:colcon.colcon_core.package_identification:_identify(src/pool/docker/config/shell/terminator) by extension 'ignore'
[0.134s] Level 1:colcon.colcon_core.package_identification:_identify(src/pool/docker/config/shell/terminator) by extension 'ignore_ament_install'
[0.134s] Level 1:colcon.colcon_core.package_identification:_identify(src/pool/docker/config/shell/terminator) by extensions ['colcon_pkg']
[0.134s] Level 1:colcon.colcon_core.package_identification:_identify(src/pool/docker/config/shell/terminator) by extension 'colcon_pkg'
[0.134s] Level 1:colcon.colcon_core.package_identification:_identify(src/pool/docker/config/shell/terminator) by extensions ['colcon_meta']
[0.134s] Level 1:colcon.colcon_core.package_identification:_identify(src/pool/docker/config/shell/terminator) by extension 'colcon_meta'
[0.134s] Level 1:colcon.colcon_core.package_identification:_identify(src/pool/docker/config/shell/terminator) by extensions ['ros']
[0.134s] Level 1:colcon.colcon_core.package_identification:_identify(src/pool/docker/config/shell/terminator) by extension 'ros'
[0.134s] Level 1:colcon.colcon_core.package_identification:_identify(src/pool/docker/config/shell/terminator) by extensions ['cmake', 'python']
[0.134s] Level 1:colcon.colcon_core.package_identification:_identify(src/pool/docker/config/shell/terminator) by extension 'cmake'
[0.134s] Level 1:colcon.colcon_core.package_identification:_identify(src/pool/docker/config/shell/terminator) by extension 'python'
[0.134s] Level 1:colcon.colcon_core.package_identification:_identify(src/pool/docker/config/shell/terminator) by extensions ['python_setup_py']
[0.134s] Level 1:colcon.colcon_core.package_identification:_identify(src/pool/docker/config/shell/terminator) by extension 'python_setup_py'
[0.134s] Level 1:colcon.colcon_core.package_identification:_identify(src/pool/docker/config/shell/tmux) by extensions ['ignore', 'ignore_ament_install']
[0.134s] Level 1:colcon.colcon_core.package_identification:_identify(src/pool/docker/config/shell/tmux) by extension 'ignore'
[0.134s] Level 1:colcon.colcon_core.package_identification:_identify(src/pool/docker/config/shell/tmux) by extension 'ignore_ament_install'
[0.134s] Level 1:colcon.colcon_core.package_identification:_identify(src/pool/docker/config/shell/tmux) by extensions ['colcon_pkg']
[0.134s] Level 1:colcon.colcon_core.package_identification:_identify(src/pool/docker/config/shell/tmux) by extension 'colcon_pkg'
[0.134s] Level 1:colcon.colcon_core.package_identification:_identify(src/pool/docker/config/shell/tmux) by extensions ['colcon_meta']
[0.134s] Level 1:colcon.colcon_core.package_identification:_identify(src/pool/docker/config/shell/tmux) by extension 'colcon_meta'
[0.134s] Level 1:colcon.colcon_core.package_identification:_identify(src/pool/docker/config/shell/tmux) by extensions ['ros']
[0.134s] Level 1:colcon.colcon_core.package_identification:_identify(src/pool/docker/config/shell/tmux) by extension 'ros'
[0.134s] Level 1:colcon.colcon_core.package_identification:_identify(src/pool/docker/config/shell/tmux) by extensions ['cmake', 'python']
[0.134s] Level 1:colcon.colcon_core.package_identification:_identify(src/pool/docker/config/shell/tmux) by extension 'cmake'
[0.134s] Level 1:colcon.colcon_core.package_identification:_identify(src/pool/docker/config/shell/tmux) by extension 'python'
[0.134s] Level 1:colcon.colcon_core.package_identification:_identify(src/pool/docker/config/shell/tmux) by extensions ['python_setup_py']
[0.134s] Level 1:colcon.colcon_core.package_identification:_identify(src/pool/docker/config/shell/tmux) by extension 'python_setup_py'
[0.134s] Level 1:colcon.colcon_core.package_identification:_identify(src/pool/realsense-ros) by extensions ['ignore', 'ignore_ament_install']
[0.134s] Level 1:colcon.colcon_core.package_identification:_identify(src/pool/realsense-ros) by extension 'ignore'
[0.134s] Level 1:colcon.colcon_core.package_identification:_identify(src/pool/realsense-ros) by extension 'ignore_ament_install'
[0.134s] Level 1:colcon.colcon_core.package_identification:_identify(src/pool/realsense-ros) by extensions ['colcon_pkg']
[0.134s] Level 1:colcon.colcon_core.package_identification:_identify(src/pool/realsense-ros) by extension 'colcon_pkg'
[0.134s] Level 1:colcon.colcon_core.package_identification:_identify(src/pool/realsense-ros) by extensions ['colcon_meta']
[0.134s] Level 1:colcon.colcon_core.package_identification:_identify(src/pool/realsense-ros) by extension 'colcon_meta'
[0.134s] Level 1:colcon.colcon_core.package_identification:_identify(src/pool/realsense-ros) by extensions ['ros']
[0.134s] Level 1:colcon.colcon_core.package_identification:_identify(src/pool/realsense-ros) by extension 'ros'
[0.135s] Level 1:colcon.colcon_core.package_identification:_identify(src/pool/realsense-ros) by extensions ['cmake', 'python']
[0.135s] Level 1:colcon.colcon_core.package_identification:_identify(src/pool/realsense-ros) by extension 'cmake'
[0.135s] Level 1:colcon.colcon_core.package_identification:_identify(src/pool/realsense-ros) by extension 'python'
[0.135s] Level 1:colcon.colcon_core.package_identification:_identify(src/pool/realsense-ros) by extensions ['python_setup_py']
[0.135s] Level 1:colcon.colcon_core.package_identification:_identify(src/pool/realsense-ros) by extension 'python_setup_py'
[0.135s] Level 1:colcon.colcon_core.package_identification:_identify(src/pool/realsense-ros/realsense2_camera) by extensions ['ignore', 'ignore_ament_install']
[0.135s] Level 1:colcon.colcon_core.package_identification:_identify(src/pool/realsense-ros/realsense2_camera) by extension 'ignore'
[0.135s] Level 1:colcon.colcon_core.package_identification:_identify(src/pool/realsense-ros/realsense2_camera) by extension 'ignore_ament_install'
[0.135s] Level 1:colcon.colcon_core.package_identification:_identify(src/pool/realsense-ros/realsense2_camera) by extensions ['colcon_pkg']
[0.135s] Level 1:colcon.colcon_core.package_identification:_identify(src/pool/realsense-ros/realsense2_camera) by extension 'colcon_pkg'
[0.135s] Level 1:colcon.colcon_core.package_identification:_identify(src/pool/realsense-ros/realsense2_camera) by extensions ['colcon_meta']
[0.135s] Level 1:colcon.colcon_core.package_identification:_identify(src/pool/realsense-ros/realsense2_camera) by extension 'colcon_meta'
[0.135s] Level 1:colcon.colcon_core.package_identification:_identify(src/pool/realsense-ros/realsense2_camera) by extensions ['ros']
[0.135s] Level 1:colcon.colcon_core.package_identification:_identify(src/pool/realsense-ros/realsense2_camera) by extension 'ros'
[0.138s] DEBUG:colcon.colcon_core.package_identification:Package 'src/pool/realsense-ros/realsense2_camera' with type 'ros.ament_cmake' and name 'realsense2_camera'
[0.138s] Level 1:colcon.colcon_core.package_identification:_identify(src/pool/realsense-ros/realsense2_camera_msgs) by extensions ['ignore', 'ignore_ament_install']
[0.138s] Level 1:colcon.colcon_core.package_identification:_identify(src/pool/realsense-ros/realsense2_camera_msgs) by extension 'ignore'
[0.138s] Level 1:colcon.colcon_core.package_identification:_identify(src/pool/realsense-ros/realsense2_camera_msgs) by extension 'ignore_ament_install'
[0.138s] Level 1:colcon.colcon_core.package_identification:_identify(src/pool/realsense-ros/realsense2_camera_msgs) by extensions ['colcon_pkg']
[0.138s] Level 1:colcon.colcon_core.package_identification:_identify(src/pool/realsense-ros/realsense2_camera_msgs) by extension 'colcon_pkg'
[0.138s] Level 1:colcon.colcon_core.package_identification:_identify(src/pool/realsense-ros/realsense2_camera_msgs) by extensions ['colcon_meta']
[0.138s] Level 1:colcon.colcon_core.package_identification:_identify(src/pool/realsense-ros/realsense2_camera_msgs) by extension 'colcon_meta'
[0.138s] Level 1:colcon.colcon_core.package_identification:_identify(src/pool/realsense-ros/realsense2_camera_msgs) by extensions ['ros']
[0.138s] Level 1:colcon.colcon_core.package_identification:_identify(src/pool/realsense-ros/realsense2_camera_msgs) by extension 'ros'
[0.138s] DEBUG:colcon.colcon_core.package_identification:Package 'src/pool/realsense-ros/realsense2_camera_msgs' with type 'ros.ament_cmake' and name 'realsense2_camera_msgs'
[0.138s] Level 1:colcon.colcon_core.package_identification:_identify(src/pool/realsense-ros/realsense2_description) by extensions ['ignore', 'ignore_ament_install']
[0.139s] Level 1:colcon.colcon_core.package_identification:_identify(src/pool/realsense-ros/realsense2_description) by extension 'ignore'
[0.139s] Level 1:colcon.colcon_core.package_identification:_identify(src/pool/realsense-ros/realsense2_description) by extension 'ignore_ament_install'
[0.139s] Level 1:colcon.colcon_core.package_identification:_identify(src/pool/realsense-ros/realsense2_description) by extensions ['colcon_pkg']
[0.139s] Level 1:colcon.colcon_core.package_identification:_identify(src/pool/realsense-ros/realsense2_description) by extension 'colcon_pkg'
[0.139s] Level 1:colcon.colcon_core.package_identification:_identify(src/pool/realsense-ros/realsense2_description) by extensions ['colcon_meta']
[0.139s] Level 1:colcon.colcon_core.package_identification:_identify(src/pool/realsense-ros/realsense2_description) by extension 'colcon_meta'
[0.139s] Level 1:colcon.colcon_core.package_identification:_identify(src/pool/realsense-ros/realsense2_description) by extensions ['ros']
[0.139s] Level 1:colcon.colcon_core.package_identification:_identify(src/pool/realsense-ros/realsense2_description) by extension 'ros'
[0.139s] DEBUG:colcon.colcon_core.package_identification:Package 'src/pool/realsense-ros/realsense2_description' with type 'ros.ament_cmake' and name 'realsense2_description'
[0.139s] Level 1:colcon.colcon_core.package_identification:_identify(src/pool/realsense-ros/scripts) by extensions ['ignore', 'ignore_ament_install']
[0.139s] Level 1:colcon.colcon_core.package_identification:_identify(src/pool/realsense-ros/scripts) by extension 'ignore'
[0.139s] Level 1:colcon.colcon_core.package_identification:_identify(src/pool/realsense-ros/scripts) by extension 'ignore_ament_install'
[0.139s] Level 1:colcon.colcon_core.package_identification:_identify(src/pool/realsense-ros/scripts) by extensions ['colcon_pkg']
[0.139s] Level 1:colcon.colcon_core.package_identification:_identify(src/pool/realsense-ros/scripts) by extension 'colcon_pkg'
[0.139s] Level 1:colcon.colcon_core.package_identification:_identify(src/pool/realsense-ros/scripts) by extensions ['colcon_meta']
[0.139s] Level 1:colcon.colcon_core.package_identification:_identify(src/pool/realsense-ros/scripts) by extension 'colcon_meta'
[0.139s] Level 1:colcon.colcon_core.package_identification:_identify(src/pool/realsense-ros/scripts) by extensions ['ros']
[0.139s] Level 1:colcon.colcon_core.package_identification:_identify(src/pool/realsense-ros/scripts) by extension 'ros'
[0.139s] Level 1:colcon.colcon_core.package_identification:_identify(src/pool/realsense-ros/scripts) by extensions ['cmake', 'python']
[0.139s] Level 1:colcon.colcon_core.package_identification:_identify(src/pool/realsense-ros/scripts) by extension 'cmake'
[0.139s] Level 1:colcon.colcon_core.package_identification:_identify(src/pool/realsense-ros/scripts) by extension 'python'
[0.139s] Level 1:colcon.colcon_core.package_identification:_identify(src/pool/realsense-ros/scripts) by extensions ['python_setup_py']
[0.139s] Level 1:colcon.colcon_core.package_identification:_identify(src/pool/realsense-ros/scripts) by extension 'python_setup_py'
[0.139s] Level 1:colcon.colcon_core.package_identification:_identify(src/pool/view) by extensions ['ignore', 'ignore_ament_install']
[0.139s] Level 1:colcon.colcon_core.package_identification:_identify(src/pool/view) by extension 'ignore'
[0.139s] Level 1:colcon.colcon_core.package_identification:_identify(src/pool/view) by extension 'ignore_ament_install'
[0.139s] Level 1:colcon.colcon_core.package_identification:_identify(src/pool/view) by extensions ['colcon_pkg']
[0.140s] Level 1:colcon.colcon_core.package_identification:_identify(src/pool/view) by extension 'colcon_pkg'
[0.140s] Level 1:colcon.colcon_core.package_identification:_identify(src/pool/view) by extensions ['colcon_meta']
[0.140s] Level 1:colcon.colcon_core.package_identification:_identify(src/pool/view) by extension 'colcon_meta'
[0.140s] Level 1:colcon.colcon_core.package_identification:_identify(src/pool/view) by extensions ['ros']
[0.140s] Level 1:colcon.colcon_core.package_identification:_identify(src/pool/view) by extension 'ros'
[0.140s] Level 1:colcon.colcon_core.package_identification:_identify(src/pool/view) by extensions ['cmake', 'python']
[0.140s] Level 1:colcon.colcon_core.package_identification:_identify(src/pool/view) by extension 'cmake'
[0.140s] Level 1:colcon.colcon_core.package_identification:_identify(src/pool/view) by extension 'python'
[0.140s] Level 1:colcon.colcon_core.package_identification:_identify(src/pool/view) by extensions ['python_setup_py']
[0.140s] Level 1:colcon.colcon_core.package_identification:_identify(src/pool/view) by extension 'python_setup_py'
[0.140s] Level 1:colcon.colcon_core.package_discovery:discover_packages(recursive) using defaults
[0.140s] Level 1:colcon.colcon_core.package_discovery:discover_packages(ignore) discover
[0.140s] Level 1:colcon.colcon_core.package_discovery:discover_packages(ignore) using defaults
[0.140s] Level 1:colcon.colcon_core.package_discovery:discover_packages(path) discover
[0.140s] Level 1:colcon.colcon_core.package_discovery:discover_packages(path) using defaults
[0.153s] INFO:colcon.colcon_core.package_selection:Skipping not selected package 'detect_interface' in 'src/pool/detect/detect_interface'
[0.153s] INFO:colcon.colcon_core.package_selection:Skipping not selected package 'hiwin_example' in 'src/Hiwin_libmodbus/hiwin_example'
[0.153s] INFO:colcon.colcon_core.package_selection:Skipping not selected package 'hiwin_interfaces' in 'src/Hiwin_libmodbus/hiwin_interfaces'
[0.153s] INFO:colcon.colcon_core.package_selection:Skipping not selected package 'realsense2_camera_msgs' in 'src/pool/realsense-ros/realsense2_camera_msgs'
[0.153s] INFO:colcon.colcon_core.package_selection:Skipping not selected package 'center' in 'src/pool/center'
[0.153s] INFO:colcon.colcon_core.package_selection:Skipping not selected package 'hiwin_libmodbus' in 'src/Hiwin_libmodbus/hiwin_libmodbus'
[0.153s] INFO:colcon.colcon_core.package_selection:Skipping not selected package 'realsense2_camera' in 'src/pool/realsense-ros/realsense2_camera'
[0.153s] INFO:colcon.colcon_core.package_selection:Skipping not selected package 'realsense2_description' in 'src/pool/realsense-ros/realsense2_description'
[0.153s] INFO:colcon.colcon_core.package_selection:Skipping not selected package 'yolov7_obj_detect' in 'src/pool/detect/yolov7_obj_detect'
[0.153s] INFO:colcon.colcon_core.package_selection:Skipping not selected package 'hiwin_service_client' in 'src/Hiwin_libmodbus/hiwin_service_client'
[0.153s] Level 1:colcon.colcon_core.package_discovery:discover_packages(prefix_path) check parameters
[0.153s] Level 1:colcon.colcon_core.package_discovery:discover_packages(prefix_path) discover
[0.155s] DEBUG:colcon.colcon_installed_package_information.package_discovery:Found 279 installed packages in /opt/ros/humble
[0.155s] Level 1:colcon.colcon_core.package_discovery:discover_packages(prefix_path) using defaults
[0.174s] Level 5:colcon.colcon_core.verb:set package 'hiwin_control' build argument 'cmake_args' from command line to 'None'
[0.174s] Level 5:colcon.colcon_core.verb:set package 'hiwin_control' build argument 'cmake_target' from command line to 'None'
[0.174s] Level 5:colcon.colcon_core.verb:set package 'hiwin_control' build argument 'cmake_target_skip_unavailable' from command line to 'False'
[0.174s] Level 5:colcon.colcon_core.verb:set package 'hiwin_control' build argument 'cmake_clean_cache' from command line to 'False'
[0.174s] Level 5:colcon.colcon_core.verb:set package 'hiwin_control' build argument 'cmake_clean_first' from command line to 'False'
[0.174s] Level 5:colcon.colcon_core.verb:set package 'hiwin_control' build argument 'cmake_force_configure' from command line to 'False'
[0.174s] Level 5:colcon.colcon_core.verb:set package 'hiwin_control' build argument 'ament_cmake_args' from command line to 'None'
[0.174s] Level 5:colcon.colcon_core.verb:set package 'hiwin_control' build argument 'catkin_cmake_args' from command line to 'None'
[0.174s] Level 5:colcon.colcon_core.verb:set package 'hiwin_control' build argument 'catkin_skip_building_tests' from command line to 'False'
[0.174s] DEBUG:colcon.colcon_core.verb:Building package 'hiwin_control' with the following arguments: {'ament_cmake_args': None, 'build_base': '/home/jack/work/build/hiwin_control', 'catkin_cmake_args': None, 'catkin_skip_building_tests': False, 'cmake_args': None, 'cmake_clean_cache': False, 'cmake_clean_first': False, 'cmake_force_configure': False, 'cmake_target': None, 'cmake_target_skip_unavailable': False, 'install_base': '/home/jack/work/install/hiwin_control', 'merge_install': False, 'path': '/home/jack/work/src/hiwin_control', 'symlink_install': True, 'test_result_base': None}
[0.175s] INFO:colcon.colcon_core.executor:Executing jobs using 'parallel' executor
[0.175s] DEBUG:colcon.colcon_parallel_executor.executor.parallel:run_until_complete
[0.175s] INFO:colcon.colcon_ros.task.ament_python.build:Building ROS package in '/home/jack/work/src/hiwin_control' with build type 'ament_python'
[0.175s] Level 1:colcon.colcon_core.shell:create_environment_hook('hiwin_control', 'ament_prefix_path')
[0.177s] INFO:colcon.colcon_core.plugin_system:Skipping extension 'colcon_core.shell.bat': Not used on non-Windows systems
[0.178s] INFO:colcon.colcon_core.shell:Creating environment hook '/home/jack/work/install/hiwin_control/share/hiwin_control/hook/ament_prefix_path.ps1'
[0.178s] INFO:colcon.colcon_core.shell:Creating environment descriptor '/home/jack/work/install/hiwin_control/share/hiwin_control/hook/ament_prefix_path.dsv'
[0.179s] INFO:colcon.colcon_core.shell:Creating environment hook '/home/jack/work/install/hiwin_control/share/hiwin_control/hook/ament_prefix_path.sh'
[0.179s] INFO:colcon.colcon_core.shell:Skip shell extension 'powershell' for command environment: Not usable outside of PowerShell
[0.179s] DEBUG:colcon.colcon_core.shell:Skip shell extension 'dsv' for command environment
[0.305s] INFO:colcon.colcon_core.task.python.build:Building Python package in '/home/jack/work/src/hiwin_control'
[0.305s] INFO:colcon.colcon_core.shell:Skip shell extension 'powershell' for command environment: Not usable outside of PowerShell
[0.305s] DEBUG:colcon.colcon_core.shell:Skip shell extension 'dsv' for command environment
[0.585s] DEBUG:colcon.colcon_core.task.python.build:While undoing a previous installation files outside the Python library path are being ignored: /home/jack/work/install/hiwin_control/share/ament_index/resource_index/packages/hiwin_control
[0.585s] DEBUG:colcon.colcon_core.task.python.build:While undoing a previous installation files outside the Python library path are being ignored: /home/jack/work/install/hiwin_control/share/hiwin_control/package.xml
[0.585s] DEBUG:colcon.colcon_core.task.python.build:While undoing a previous installation files outside the Python library path are being ignored: /home/jack/work/install/hiwin_control/lib/hiwin_control/arm_controller
[0.585s] DEBUG:colcon.colcon_core.task.python.build:While undoing a previous installation files outside the Python library path are being ignored: /home/jack/work/install/hiwin_control/lib/hiwin_control/aruco_table_cali
[0.585s] DEBUG:colcon.colcon_core.task.python.build:While undoing a previous installation files outside the Python library path are being ignored: /home/jack/work/install/hiwin_control/lib/hiwin_control/my_pool
[0.585s] DEBUG:colcon.colcon_core.task.python.build:While undoing a previous installation files outside the Python library path are being ignored: /home/jack/work/install/hiwin_control/lib/hiwin_control/nine_arm_controller
[0.585s] DEBUG:colcon.colcon_core.task.python.build:While undoing a previous installation files outside the Python library path are being ignored: /home/jack/work/install/hiwin_control/lib/hiwin_control/pool_arm_controller
[0.585s] DEBUG:colcon.colcon_core.task.python.build:While undoing a previous installation files outside the Python library path are being ignored: /home/jack/work/install/hiwin_control/lib/hiwin_control/rush_arm_controller
[0.585s] DEBUG:colcon.colcon_core.task.python.build:While undoing a previous installation files outside the Python library path are being ignored: /home/jack/work/install/hiwin_control/lib/hiwin_control/stream_rs
[0.585s] DEBUG:colcon.colcon_core.task.python.build:While undoing a previous installation files outside the Python library path are being ignored: /home/jack/work/install/hiwin_control/lib/hiwin_control/team_selection
[0.585s] DEBUG:colcon.colcon_core.task.python.build:While undoing a previous installation files outside the Python library path are being ignored: /home/jack/work/install/hiwin_control/lib/hiwin_control/testbeat_arm_controller
[0.585s] DEBUG:colcon.colcon_core.task.python.build:While undoing a previous installation files outside the Python library path are being ignored: /home/jack/work/install/hiwin_control/lib/hiwin_control/yyy_arm_controller
[0.586s] DEBUG:colcon.colcon_core.event_handler.log_command:Invoking command in '/home/jack/work/build/hiwin_control': AMENT_PREFIX_PATH=/home/jack/work/install/detect_interface:${AMENT_PREFIX_PATH} CMAKE_PREFIX_PATH=/home/jack/work/install/detect_interface LD_LIBRARY_PATH=/home/jack/work/install/detect_interface/lib:${LD_LIBRARY_PATH} PYTHONPATH=/home/jack/work/build/hiwin_control/prefix_override:/usr/lib/python3/dist-packages/colcon_core/task/python/colcon_distutils_commands:/home/jack/work/install/hiwin_control/lib/python3.10/site-packages:/home/jack/work/install/detect_interface/local/lib/python3.10/dist-packages:${PYTHONPATH} /usr/bin/python3 -W ignore:setup.py install is deprecated -W ignore:easy_install command is deprecated setup.py develop --editable --build-directory /home/jack/work/build/hiwin_control/build --no-deps symlink_data --force
[0.893s] Level 1:colcon.colcon_core.shell:create_environment_hook('hiwin_control', 'pythonpath_develop')
[0.893s] INFO:colcon.colcon_core.shell:Creating environment hook '/home/jack/work/build/hiwin_control/share/hiwin_control/hook/pythonpath_develop.ps1'
[0.894s] DEBUG:colcon.colcon_core.event_handler.log_command:Invoked command in '/home/jack/work/build/hiwin_control' returned '0': AMENT_PREFIX_PATH=/home/jack/work/install/detect_interface:${AMENT_PREFIX_PATH} CMAKE_PREFIX_PATH=/home/jack/work/install/detect_interface LD_LIBRARY_PATH=/home/jack/work/install/detect_interface/lib:${LD_LIBRARY_PATH} PYTHONPATH=/home/jack/work/build/hiwin_control/prefix_override:/usr/lib/python3/dist-packages/colcon_core/task/python/colcon_distutils_commands:/home/jack/work/install/hiwin_control/lib/python3.10/site-packages:/home/jack/work/install/detect_interface/local/lib/python3.10/dist-packages:${PYTHONPATH} /usr/bin/python3 -W ignore:setup.py install is deprecated -W ignore:easy_install command is deprecated setup.py develop --editable --build-directory /home/jack/work/build/hiwin_control/build --no-deps symlink_data --force
[0.896s] INFO:colcon.colcon_core.shell:Creating environment descriptor '/home/jack/work/build/hiwin_control/share/hiwin_control/hook/pythonpath_develop.dsv'
[0.896s] INFO:colcon.colcon_core.shell:Creating environment hook '/home/jack/work/build/hiwin_control/share/hiwin_control/hook/pythonpath_develop.sh'
[0.900s] Level 1:colcon.colcon_core.environment:checking '/home/jack/work/install/hiwin_control' for CMake module files
[0.900s] Level 1:colcon.colcon_core.environment:checking '/home/jack/work/install/hiwin_control' for CMake config files
[0.901s] Level 1:colcon.colcon_core.environment:checking '/home/jack/work/install/hiwin_control/lib'
[0.901s] Level 1:colcon.colcon_core.environment:checking '/home/jack/work/install/hiwin_control/bin'
[0.901s] Level 1:colcon.colcon_core.environment:checking '/home/jack/work/install/hiwin_control/lib/pkgconfig/hiwin_control.pc'
[0.901s] Level 1:colcon.colcon_core.environment:checking '/home/jack/work/install/hiwin_control/lib/python3.10/site-packages'
[0.901s] Level 1:colcon.colcon_core.shell:create_environment_hook('hiwin_control', 'pythonpath')
[0.902s] INFO:colcon.colcon_core.shell:Creating environment hook '/home/jack/work/install/hiwin_control/share/hiwin_control/hook/pythonpath.ps1'
[0.902s] INFO:colcon.colcon_core.shell:Creating environment descriptor '/home/jack/work/install/hiwin_control/share/hiwin_control/hook/pythonpath.dsv'
[0.902s] INFO:colcon.colcon_core.shell:Creating environment hook '/home/jack/work/install/hiwin_control/share/hiwin_control/hook/pythonpath.sh'
[0.903s] Level 1:colcon.colcon_core.environment:checking '/home/jack/work/install/hiwin_control/bin'
[0.903s] Level 1:colcon.colcon_core.environment:create_environment_scripts_only(hiwin_control)
[0.903s] INFO:colcon.colcon_core.shell:Creating package script '/home/jack/work/install/hiwin_control/share/hiwin_control/package.ps1'
[0.904s] INFO:colcon.colcon_core.shell:Creating package descriptor '/home/jack/work/install/hiwin_control/share/hiwin_control/package.dsv'
[0.905s] INFO:colcon.colcon_core.shell:Creating package script '/home/jack/work/install/hiwin_control/share/hiwin_control/package.sh'
[0.906s] INFO:colcon.colcon_core.shell:Creating package script '/home/jack/work/install/hiwin_control/share/hiwin_control/package.bash'
[0.906s] INFO:colcon.colcon_core.shell:Creating package script '/home/jack/work/install/hiwin_control/share/hiwin_control/package.zsh'
[0.907s] Level 1:colcon.colcon_core.environment:create_file_with_runtime_dependencies(/home/jack/work/install/hiwin_control/share/colcon-core/packages/hiwin_control)
[0.907s] DEBUG:colcon.colcon_parallel_executor.executor.parallel:closing loop
[0.907s] DEBUG:colcon.colcon_parallel_executor.executor.parallel:loop closed
[0.907s] DEBUG:colcon.colcon_parallel_executor.executor.parallel:run_until_complete finished with '0'
[0.907s] DEBUG:colcon.colcon_core.event_reactor:joining thread
[0.911s] INFO:colcon.colcon_core.plugin_system:Skipping extension 'colcon_notification.desktop_notification.notify_send': Could not find 'notify-send'
[0.911s] INFO:colcon.colcon_core.plugin_system:Skipping extension 'colcon_notification.desktop_notification.terminal_notifier': Not used on non-Darwin systems
[0.911s] INFO:colcon.colcon_core.plugin_system:Skipping extension 'colcon_notification.desktop_notification.win32': Not used on non-Windows systems
[0.911s] INFO:colcon.colcon_notification.desktop_notification:Sending desktop notification using 'notify2'
[0.913s] DEBUG:colcon.colcon_notification.desktop_notification.notify2:Failed to initialize notify2: org.freedesktop.DBus.Error.Spawn.ExecFailed: /usr/bin/dbus-launch terminated abnormally without any error message
[0.913s] DEBUG:colcon.colcon_core.event_reactor:joined thread
[0.914s] INFO:colcon.colcon_core.shell:Creating prefix script '/home/jack/work/install/local_setup.ps1'
[0.914s] INFO:colcon.colcon_core.shell:Creating prefix util module '/home/jack/work/install/_local_setup_util_ps1.py'
[0.915s] INFO:colcon.colcon_core.shell:Creating prefix chain script '/home/jack/work/install/setup.ps1'
[0.916s] INFO:colcon.colcon_core.shell:Creating prefix script '/home/jack/work/install/local_setup.sh'
[0.916s] INFO:colcon.colcon_core.shell:Creating prefix util module '/home/jack/work/install/_local_setup_util_sh.py'
[0.916s] INFO:colcon.colcon_core.shell:Creating prefix chain script '/home/jack/work/install/setup.sh'
[0.917s] INFO:colcon.colcon_core.shell:Creating prefix script '/home/jack/work/install/local_setup.bash'
[0.917s] INFO:colcon.colcon_core.shell:Creating prefix chain script '/home/jack/work/install/setup.bash'
[0.918s] INFO:colcon.colcon_core.shell:Creating prefix script '/home/jack/work/install/local_setup.zsh'
[0.918s] INFO:colcon.colcon_core.shell:Creating prefix chain script '/home/jack/work/install/setup.zsh'
