[0.085s] DEBUG:colcon:Command line arguments: ['/usr/bin/colcon', 'build']
[0.085s] DEBUG:colcon:Parsed command line arguments: Namespace(log_base=None, log_level=None, verb_name='build', build_base='build', install_base='install', merge_install=False, symlink_install=False, test_result_base=None, continue_on_error=False, executor='parallel', parallel_workers=16, event_handlers=None, ignore_user_meta=False, metas=['./colcon.meta'], base_paths=['.'], packages_ignore=None, packages_ignore_regex=None, paths=None, packages_up_to=None, packages_up_to_regex=None, packages_above=None, packages_above_and_dependencies=None, packages_above_depth=None, packages_select_by_dep=None, packages_skip_by_dep=None, packages_skip_up_to=None, packages_select_build_failed=False, packages_skip_build_finished=False, packages_select_test_failures=False, packages_skip_test_passed=False, packages_select=None, packages_skip=None, packages_select_regex=None, packages_skip_regex=None, packages_start=None, packages_end=None, allow_overriding=[], cmake_args=None, cmake_target=None, cmake_target_skip_unavailable=False, cmake_clean_cache=False, cmake_clean_first=False, cmake_force_configure=False, ament_cmake_args=None, catkin_cmake_args=None, catkin_skip_building_tests=False, verb_parser=<colcon_defaults.argument_parser.defaults.DefaultArgumentsDecorator object at 0x75eaf82511e0>, verb_extension=<colcon_core.verb.build.BuildVerb object at 0x75eaf8250c10>, main=<bound method BuildVerb.main of <colcon_core.verb.build.BuildVerb object at 0x75eaf8250c10>>)
[0.126s] Level 1:colcon.colcon_core.package_discovery:discover_packages(colcon_meta) check parameters
[0.126s] Level 1:colcon.colcon_core.package_discovery:discover_packages(recursive) check parameters
[0.126s] Level 1:colcon.colcon_core.package_discovery:discover_packages(ignore) check parameters
[0.126s] Level 1:colcon.colcon_core.package_discovery:discover_packages(path) check parameters
[0.126s] Level 1:colcon.colcon_core.package_discovery:discover_packages(colcon_meta) discover
[0.126s] Level 1:colcon.colcon_core.package_discovery:discover_packages(recursive) discover
[0.126s] INFO:colcon.colcon_core.package_discovery:Crawling recursively for packages in '/home/jack/work'
[0.126s] Level 1:colcon.colcon_core.package_identification:_identify(.) by extensions ['ignore', 'ignore_ament_install']
[0.126s] Level 1:colcon.colcon_core.package_identification:_identify(.) by extension 'ignore'
[0.126s] Level 1:colcon.colcon_core.package_identification:_identify(.) by extension 'ignore_ament_install'
[0.126s] Level 1:colcon.colcon_core.package_identification:_identify(.) by extensions ['colcon_pkg']
[0.127s] Level 1:colcon.colcon_core.package_identification:_identify(.) by extension 'colcon_pkg'
[0.127s] Level 1:colcon.colcon_core.package_identification:_identify(.) by extensions ['colcon_meta']
[0.127s] Level 1:colcon.colcon_core.package_identification:_identify(.) by extension 'colcon_meta'
[0.127s] Level 1:colcon.colcon_core.package_identification:_identify(.) by extensions ['ros']
[0.127s] Level 1:colcon.colcon_core.package_identification:_identify(.) by extension 'ros'
[0.140s] Level 1:colcon.colcon_core.package_identification:_identify(.) by extensions ['cmake', 'python']
[0.140s] Level 1:colcon.colcon_core.package_identification:_identify(.) by extension 'cmake'
[0.140s] Level 1:colcon.colcon_core.package_identification:_identify(.) by extension 'python'
[0.140s] Level 1:colcon.colcon_core.package_identification:_identify(.) by extensions ['python_setup_py']
[0.140s] Level 1:colcon.colcon_core.package_identification:_identify(.) by extension 'python_setup_py'
[0.140s] Level 1:colcon.colcon_core.package_identification:_identify(build) by extensions ['ignore', 'ignore_ament_install']
[0.140s] Level 1:colcon.colcon_core.package_identification:_identify(build) by extension 'ignore'
[0.140s] Level 1:colcon.colcon_core.package_identification:_identify(build) ignored
[0.140s] Level 1:colcon.colcon_core.package_identification:_identify(docker) by extensions ['ignore', 'ignore_ament_install']
[0.140s] Level 1:colcon.colcon_core.package_identification:_identify(docker) by extension 'ignore'
[0.140s] Level 1:colcon.colcon_core.package_identification:_identify(docker) by extension 'ignore_ament_install'
[0.140s] Level 1:colcon.colcon_core.package_identification:_identify(docker) by extensions ['colcon_pkg']
[0.140s] Level 1:colcon.colcon_core.package_identification:_identify(docker) by extension 'colcon_pkg'
[0.140s] Level 1:colcon.colcon_core.package_identification:_identify(docker) by extensions ['colcon_meta']
[0.140s] Level 1:colcon.colcon_core.package_identification:_identify(docker) by extension 'colcon_meta'
[0.140s] Level 1:colcon.colcon_core.package_identification:_identify(docker) by extensions ['ros']
[0.141s] Level 1:colcon.colcon_core.package_identification:_identify(docker) by extension 'ros'
[0.141s] Level 1:colcon.colcon_core.package_identification:_identify(docker) by extensions ['cmake', 'python']
[0.141s] Level 1:colcon.colcon_core.package_identification:_identify(docker) by extension 'cmake'
[0.141s] Level 1:colcon.colcon_core.package_identification:_identify(docker) by extension 'python'
[0.141s] Level 1:colcon.colcon_core.package_identification:_identify(docker) by extensions ['python_setup_py']
[0.141s] Level 1:colcon.colcon_core.package_identification:_identify(docker) by extension 'python_setup_py'
[0.141s] Level 1:colcon.colcon_core.package_identification:_identify(docker/compose) by extensions ['ignore', 'ignore_ament_install']
[0.141s] Level 1:colcon.colcon_core.package_identification:_identify(docker/compose) by extension 'ignore'
[0.141s] Level 1:colcon.colcon_core.package_identification:_identify(docker/compose) by extension 'ignore_ament_install'
[0.141s] Level 1:colcon.colcon_core.package_identification:_identify(docker/compose) by extensions ['colcon_pkg']
[0.141s] Level 1:colcon.colcon_core.package_identification:_identify(docker/compose) by extension 'colcon_pkg'
[0.141s] Level 1:colcon.colcon_core.package_identification:_identify(docker/compose) by extensions ['colcon_meta']
[0.141s] Level 1:colcon.colcon_core.package_identification:_identify(docker/compose) by extension 'colcon_meta'
[0.141s] Level 1:colcon.colcon_core.package_identification:_identify(docker/compose) by extensions ['ros']
[0.141s] Level 1:colcon.colcon_core.package_identification:_identify(docker/compose) by extension 'ros'
[0.141s] Level 1:colcon.colcon_core.package_identification:_identify(docker/compose) by extensions ['cmake', 'python']
[0.141s] Level 1:colcon.colcon_core.package_identification:_identify(docker/compose) by extension 'cmake'
[0.141s] Level 1:colcon.colcon_core.package_identification:_identify(docker/compose) by extension 'python'
[0.141s] Level 1:colcon.colcon_core.package_identification:_identify(docker/compose) by extensions ['python_setup_py']
[0.141s] Level 1:colcon.colcon_core.package_identification:_identify(docker/compose) by extension 'python_setup_py'
[0.141s] Level 1:colcon.colcon_core.package_identification:_identify(docker/compose/config) by extensions ['ignore', 'ignore_ament_install']
[0.141s] Level 1:colcon.colcon_core.package_identification:_identify(docker/compose/config) by extension 'ignore'
[0.141s] Level 1:colcon.colcon_core.package_identification:_identify(docker/compose/config) by extension 'ignore_ament_install'
[0.141s] Level 1:colcon.colcon_core.package_identification:_identify(docker/compose/config) by extensions ['colcon_pkg']
[0.141s] Level 1:colcon.colcon_core.package_identification:_identify(docker/compose/config) by extension 'colcon_pkg'
[0.141s] Level 1:colcon.colcon_core.package_identification:_identify(docker/compose/config) by extensions ['colcon_meta']
[0.141s] Level 1:colcon.colcon_core.package_identification:_identify(docker/compose/config) by extension 'colcon_meta'
[0.141s] Level 1:colcon.colcon_core.package_identification:_identify(docker/compose/config) by extensions ['ros']
[0.141s] Level 1:colcon.colcon_core.package_identification:_identify(docker/compose/config) by extension 'ros'
[0.141s] Level 1:colcon.colcon_core.package_identification:_identify(docker/compose/config) by extensions ['cmake', 'python']
[0.142s] Level 1:colcon.colcon_core.package_identification:_identify(docker/compose/config) by extension 'cmake'
[0.142s] Level 1:colcon.colcon_core.package_identification:_identify(docker/compose/config) by extension 'python'
[0.142s] Level 1:colcon.colcon_core.package_identification:_identify(docker/compose/config) by extensions ['python_setup_py']
[0.142s] Level 1:colcon.colcon_core.package_identification:_identify(docker/compose/config) by extension 'python_setup_py'
[0.142s] Level 1:colcon.colcon_core.package_identification:_identify(docker/compose/config/pip) by extensions ['ignore', 'ignore_ament_install']
[0.142s] Level 1:colcon.colcon_core.package_identification:_identify(docker/compose/config/pip) by extension 'ignore'
[0.142s] Level 1:colcon.colcon_core.package_identification:_identify(docker/compose/config/pip) by extension 'ignore_ament_install'
[0.142s] Level 1:colcon.colcon_core.package_identification:_identify(docker/compose/config/pip) by extensions ['colcon_pkg']
[0.142s] Level 1:colcon.colcon_core.package_identification:_identify(docker/compose/config/pip) by extension 'colcon_pkg'
[0.142s] Level 1:colcon.colcon_core.package_identification:_identify(docker/compose/config/pip) by extensions ['colcon_meta']
[0.142s] Level 1:colcon.colcon_core.package_identification:_identify(docker/compose/config/pip) by extension 'colcon_meta'
[0.142s] Level 1:colcon.colcon_core.package_identification:_identify(docker/compose/config/pip) by extensions ['ros']
[0.142s] Level 1:colcon.colcon_core.package_identification:_identify(docker/compose/config/pip) by extension 'ros'
[0.142s] Level 1:colcon.colcon_core.package_identification:_identify(docker/compose/config/pip) by extensions ['cmake', 'python']
[0.142s] Level 1:colcon.colcon_core.package_identification:_identify(docker/compose/config/pip) by extension 'cmake'
[0.142s] Level 1:colcon.colcon_core.package_identification:_identify(docker/compose/config/pip) by extension 'python'
[0.142s] Level 1:colcon.colcon_core.package_identification:_identify(docker/compose/config/pip) by extensions ['python_setup_py']
[0.142s] Level 1:colcon.colcon_core.package_identification:_identify(docker/compose/config/pip) by extension 'python_setup_py'
[0.142s] Level 1:colcon.colcon_core.package_identification:_identify(docker/compose/config/shell) by extensions ['ignore', 'ignore_ament_install']
[0.142s] Level 1:colcon.colcon_core.package_identification:_identify(docker/compose/config/shell) by extension 'ignore'
[0.142s] Level 1:colcon.colcon_core.package_identification:_identify(docker/compose/config/shell) by extension 'ignore_ament_install'
[0.142s] Level 1:colcon.colcon_core.package_identification:_identify(docker/compose/config/shell) by extensions ['colcon_pkg']
[0.142s] Level 1:colcon.colcon_core.package_identification:_identify(docker/compose/config/shell) by extension 'colcon_pkg'
[0.142s] Level 1:colcon.colcon_core.package_identification:_identify(docker/compose/config/shell) by extensions ['colcon_meta']
[0.142s] Level 1:colcon.colcon_core.package_identification:_identify(docker/compose/config/shell) by extension 'colcon_meta'
[0.142s] Level 1:colcon.colcon_core.package_identification:_identify(docker/compose/config/shell) by extensions ['ros']
[0.142s] Level 1:colcon.colcon_core.package_identification:_identify(docker/compose/config/shell) by extension 'ros'
[0.142s] Level 1:colcon.colcon_core.package_identification:_identify(docker/compose/config/shell) by extensions ['cmake', 'python']
[0.142s] Level 1:colcon.colcon_core.package_identification:_identify(docker/compose/config/shell) by extension 'cmake'
[0.142s] Level 1:colcon.colcon_core.package_identification:_identify(docker/compose/config/shell) by extension 'python'
[0.142s] Level 1:colcon.colcon_core.package_identification:_identify(docker/compose/config/shell) by extensions ['python_setup_py']
[0.142s] Level 1:colcon.colcon_core.package_identification:_identify(docker/compose/config/shell) by extension 'python_setup_py'
[0.143s] Level 1:colcon.colcon_core.package_identification:_identify(docker/compose/config/shell/terminator) by extensions ['ignore', 'ignore_ament_install']
[0.143s] Level 1:colcon.colcon_core.package_identification:_identify(docker/compose/config/shell/terminator) by extension 'ignore'
[0.143s] Level 1:colcon.colcon_core.package_identification:_identify(docker/compose/config/shell/terminator) by extension 'ignore_ament_install'
[0.143s] Level 1:colcon.colcon_core.package_identification:_identify(docker/compose/config/shell/terminator) by extensions ['colcon_pkg']
[0.143s] Level 1:colcon.colcon_core.package_identification:_identify(docker/compose/config/shell/terminator) by extension 'colcon_pkg'
[0.143s] Level 1:colcon.colcon_core.package_identification:_identify(docker/compose/config/shell/terminator) by extensions ['colcon_meta']
[0.143s] Level 1:colcon.colcon_core.package_identification:_identify(docker/compose/config/shell/terminator) by extension 'colcon_meta'
[0.143s] Level 1:colcon.colcon_core.package_identification:_identify(docker/compose/config/shell/terminator) by extensions ['ros']
[0.143s] Level 1:colcon.colcon_core.package_identification:_identify(docker/compose/config/shell/terminator) by extension 'ros'
[0.143s] Level 1:colcon.colcon_core.package_identification:_identify(docker/compose/config/shell/terminator) by extensions ['cmake', 'python']
[0.143s] Level 1:colcon.colcon_core.package_identification:_identify(docker/compose/config/shell/terminator) by extension 'cmake'
[0.143s] Level 1:colcon.colcon_core.package_identification:_identify(docker/compose/config/shell/terminator) by extension 'python'
[0.143s] Level 1:colcon.colcon_core.package_identification:_identify(docker/compose/config/shell/terminator) by extensions ['python_setup_py']
[0.143s] Level 1:colcon.colcon_core.package_identification:_identify(docker/compose/config/shell/terminator) by extension 'python_setup_py'
[0.143s] Level 1:colcon.colcon_core.package_identification:_identify(docker/compose/config/shell/tmux) by extensions ['ignore', 'ignore_ament_install']
[0.143s] Level 1:colcon.colcon_core.package_identification:_identify(docker/compose/config/shell/tmux) by extension 'ignore'
[0.143s] Level 1:colcon.colcon_core.package_identification:_identify(docker/compose/config/shell/tmux) by extension 'ignore_ament_install'
[0.143s] Level 1:colcon.colcon_core.package_identification:_identify(docker/compose/config/shell/tmux) by extensions ['colcon_pkg']
[0.143s] Level 1:colcon.colcon_core.package_identification:_identify(docker/compose/config/shell/tmux) by extension 'colcon_pkg'
[0.143s] Level 1:colcon.colcon_core.package_identification:_identify(docker/compose/config/shell/tmux) by extensions ['colcon_meta']
[0.143s] Level 1:colcon.colcon_core.package_identification:_identify(docker/compose/config/shell/tmux) by extension 'colcon_meta'
[0.144s] Level 1:colcon.colcon_core.package_identification:_identify(docker/compose/config/shell/tmux) by extensions ['ros']
[0.144s] Level 1:colcon.colcon_core.package_identification:_identify(docker/compose/config/shell/tmux) by extension 'ros'
[0.144s] Level 1:colcon.colcon_core.package_identification:_identify(docker/compose/config/shell/tmux) by extensions ['cmake', 'python']
[0.144s] Level 1:colcon.colcon_core.package_identification:_identify(docker/compose/config/shell/tmux) by extension 'cmake'
[0.144s] Level 1:colcon.colcon_core.package_identification:_identify(docker/compose/config/shell/tmux) by extension 'python'
[0.144s] Level 1:colcon.colcon_core.package_identification:_identify(docker/compose/config/shell/tmux) by extensions ['python_setup_py']
[0.144s] Level 1:colcon.colcon_core.package_identification:_identify(docker/compose/config/shell/tmux) by extension 'python_setup_py'
[0.144s] Level 1:colcon.colcon_core.package_identification:_identify(docker/config) by extensions ['ignore', 'ignore_ament_install']
[0.144s] Level 1:colcon.colcon_core.package_identification:_identify(docker/config) by extension 'ignore'
[0.144s] Level 1:colcon.colcon_core.package_identification:_identify(docker/config) by extension 'ignore_ament_install'
[0.144s] Level 1:colcon.colcon_core.package_identification:_identify(docker/config) by extensions ['colcon_pkg']
[0.144s] Level 1:colcon.colcon_core.package_identification:_identify(docker/config) by extension 'colcon_pkg'
[0.144s] Level 1:colcon.colcon_core.package_identification:_identify(docker/config) by extensions ['colcon_meta']
[0.144s] Level 1:colcon.colcon_core.package_identification:_identify(docker/config) by extension 'colcon_meta'
[0.144s] Level 1:colcon.colcon_core.package_identification:_identify(docker/config) by extensions ['ros']
[0.144s] Level 1:colcon.colcon_core.package_identification:_identify(docker/config) by extension 'ros'
[0.144s] Level 1:colcon.colcon_core.package_identification:_identify(docker/config) by extensions ['cmake', 'python']
[0.144s] Level 1:colcon.colcon_core.package_identification:_identify(docker/config) by extension 'cmake'
[0.144s] Level 1:colcon.colcon_core.package_identification:_identify(docker/config) by extension 'python'
[0.144s] Level 1:colcon.colcon_core.package_identification:_identify(docker/config) by extensions ['python_setup_py']
[0.144s] Level 1:colcon.colcon_core.package_identification:_identify(docker/config) by extension 'python_setup_py'
[0.144s] Level 1:colcon.colcon_core.package_identification:_identify(docker/config/pip) by extensions ['ignore', 'ignore_ament_install']
[0.144s] Level 1:colcon.colcon_core.package_identification:_identify(docker/config/pip) by extension 'ignore'
[0.144s] Level 1:colcon.colcon_core.package_identification:_identify(docker/config/pip) by extension 'ignore_ament_install'
[0.144s] Level 1:colcon.colcon_core.package_identification:_identify(docker/config/pip) by extensions ['colcon_pkg']
[0.144s] Level 1:colcon.colcon_core.package_identification:_identify(docker/config/pip) by extension 'colcon_pkg'
[0.144s] Level 1:colcon.colcon_core.package_identification:_identify(docker/config/pip) by extensions ['colcon_meta']
[0.144s] Level 1:colcon.colcon_core.package_identification:_identify(docker/config/pip) by extension 'colcon_meta'
[0.144s] Level 1:colcon.colcon_core.package_identification:_identify(docker/config/pip) by extensions ['ros']
[0.144s] Level 1:colcon.colcon_core.package_identification:_identify(docker/config/pip) by extension 'ros'
[0.144s] Level 1:colcon.colcon_core.package_identification:_identify(docker/config/pip) by extensions ['cmake', 'python']
[0.145s] Level 1:colcon.colcon_core.package_identification:_identify(docker/config/pip) by extension 'cmake'
[0.145s] Level 1:colcon.colcon_core.package_identification:_identify(docker/config/pip) by extension 'python'
[0.145s] Level 1:colcon.colcon_core.package_identification:_identify(docker/config/pip) by extensions ['python_setup_py']
[0.145s] Level 1:colcon.colcon_core.package_identification:_identify(docker/config/pip) by extension 'python_setup_py'
[0.145s] Level 1:colcon.colcon_core.package_identification:_identify(docker/config/shell) by extensions ['ignore', 'ignore_ament_install']
[0.145s] Level 1:colcon.colcon_core.package_identification:_identify(docker/config/shell) by extension 'ignore'
[0.145s] Level 1:colcon.colcon_core.package_identification:_identify(docker/config/shell) by extension 'ignore_ament_install'
[0.145s] Level 1:colcon.colcon_core.package_identification:_identify(docker/config/shell) by extensions ['colcon_pkg']
[0.145s] Level 1:colcon.colcon_core.package_identification:_identify(docker/config/shell) by extension 'colcon_pkg'
[0.145s] Level 1:colcon.colcon_core.package_identification:_identify(docker/config/shell) by extensions ['colcon_meta']
[0.145s] Level 1:colcon.colcon_core.package_identification:_identify(docker/config/shell) by extension 'colcon_meta'
[0.145s] Level 1:colcon.colcon_core.package_identification:_identify(docker/config/shell) by extensions ['ros']
[0.145s] Level 1:colcon.colcon_core.package_identification:_identify(docker/config/shell) by extension 'ros'
[0.145s] Level 1:colcon.colcon_core.package_identification:_identify(docker/config/shell) by extensions ['cmake', 'python']
[0.145s] Level 1:colcon.colcon_core.package_identification:_identify(docker/config/shell) by extension 'cmake'
[0.145s] Level 1:colcon.colcon_core.package_identification:_identify(docker/config/shell) by extension 'python'
[0.145s] Level 1:colcon.colcon_core.package_identification:_identify(docker/config/shell) by extensions ['python_setup_py']
[0.145s] Level 1:colcon.colcon_core.package_identification:_identify(docker/config/shell) by extension 'python_setup_py'
[0.145s] Level 1:colcon.colcon_core.package_identification:_identify(docker/config/shell/terminator) by extensions ['ignore', 'ignore_ament_install']
[0.145s] Level 1:colcon.colcon_core.package_identification:_identify(docker/config/shell/terminator) by extension 'ignore'
[0.145s] Level 1:colcon.colcon_core.package_identification:_identify(docker/config/shell/terminator) by extension 'ignore_ament_install'
[0.145s] Level 1:colcon.colcon_core.package_identification:_identify(docker/config/shell/terminator) by extensions ['colcon_pkg']
[0.145s] Level 1:colcon.colcon_core.package_identification:_identify(docker/config/shell/terminator) by extension 'colcon_pkg'
[0.145s] Level 1:colcon.colcon_core.package_identification:_identify(docker/config/shell/terminator) by extensions ['colcon_meta']
[0.145s] Level 1:colcon.colcon_core.package_identification:_identify(docker/config/shell/terminator) by extension 'colcon_meta'
[0.145s] Level 1:colcon.colcon_core.package_identification:_identify(docker/config/shell/terminator) by extensions ['ros']
[0.145s] Level 1:colcon.colcon_core.package_identification:_identify(docker/config/shell/terminator) by extension 'ros'
[0.145s] Level 1:colcon.colcon_core.package_identification:_identify(docker/config/shell/terminator) by extensions ['cmake', 'python']
[0.145s] Level 1:colcon.colcon_core.package_identification:_identify(docker/config/shell/terminator) by extension 'cmake'
[0.145s] Level 1:colcon.colcon_core.package_identification:_identify(docker/config/shell/terminator) by extension 'python'
[0.145s] Level 1:colcon.colcon_core.package_identification:_identify(docker/config/shell/terminator) by extensions ['python_setup_py']
[0.145s] Level 1:colcon.colcon_core.package_identification:_identify(docker/config/shell/terminator) by extension 'python_setup_py'
[0.146s] Level 1:colcon.colcon_core.package_identification:_identify(docker/config/shell/tmux) by extensions ['ignore', 'ignore_ament_install']
[0.146s] Level 1:colcon.colcon_core.package_identification:_identify(docker/config/shell/tmux) by extension 'ignore'
[0.146s] Level 1:colcon.colcon_core.package_identification:_identify(docker/config/shell/tmux) by extension 'ignore_ament_install'
[0.146s] Level 1:colcon.colcon_core.package_identification:_identify(docker/config/shell/tmux) by extensions ['colcon_pkg']
[0.146s] Level 1:colcon.colcon_core.package_identification:_identify(docker/config/shell/tmux) by extension 'colcon_pkg'
[0.146s] Level 1:colcon.colcon_core.package_identification:_identify(docker/config/shell/tmux) by extensions ['colcon_meta']
[0.146s] Level 1:colcon.colcon_core.package_identification:_identify(docker/config/shell/tmux) by extension 'colcon_meta'
[0.146s] Level 1:colcon.colcon_core.package_identification:_identify(docker/config/shell/tmux) by extensions ['ros']
[0.146s] Level 1:colcon.colcon_core.package_identification:_identify(docker/config/shell/tmux) by extension 'ros'
[0.146s] Level 1:colcon.colcon_core.package_identification:_identify(docker/config/shell/tmux) by extensions ['cmake', 'python']
[0.146s] Level 1:colcon.colcon_core.package_identification:_identify(docker/config/shell/tmux) by extension 'cmake'
[0.146s] Level 1:colcon.colcon_core.package_identification:_identify(docker/config/shell/tmux) by extension 'python'
[0.146s] Level 1:colcon.colcon_core.package_identification:_identify(docker/config/shell/tmux) by extensions ['python_setup_py']
[0.146s] Level 1:colcon.colcon_core.package_identification:_identify(docker/config/shell/tmux) by extension 'python_setup_py'
[0.146s] Level 1:colcon.colcon_core.package_identification:_identify(docker_hiwin) by extensions ['ignore', 'ignore_ament_install']
[0.146s] Level 1:colcon.colcon_core.package_identification:_identify(docker_hiwin) by extension 'ignore'
[0.146s] Level 1:colcon.colcon_core.package_identification:_identify(docker_hiwin) by extension 'ignore_ament_install'
[0.146s] Level 1:colcon.colcon_core.package_identification:_identify(docker_hiwin) by extensions ['colcon_pkg']
[0.146s] Level 1:colcon.colcon_core.package_identification:_identify(docker_hiwin) by extension 'colcon_pkg'
[0.146s] Level 1:colcon.colcon_core.package_identification:_identify(docker_hiwin) by extensions ['colcon_meta']
[0.146s] Level 1:colcon.colcon_core.package_identification:_identify(docker_hiwin) by extension 'colcon_meta'
[0.146s] Level 1:colcon.colcon_core.package_identification:_identify(docker_hiwin) by extensions ['ros']
[0.146s] Level 1:colcon.colcon_core.package_identification:_identify(docker_hiwin) by extension 'ros'
[0.146s] Level 1:colcon.colcon_core.package_identification:_identify(docker_hiwin) by extensions ['cmake', 'python']
[0.146s] Level 1:colcon.colcon_core.package_identification:_identify(docker_hiwin) by extension 'cmake'
[0.146s] Level 1:colcon.colcon_core.package_identification:_identify(docker_hiwin) by extension 'python'
[0.146s] Level 1:colcon.colcon_core.package_identification:_identify(docker_hiwin) by extensions ['python_setup_py']
[0.146s] Level 1:colcon.colcon_core.package_identification:_identify(docker_hiwin) by extension 'python_setup_py'
[0.146s] Level 1:colcon.colcon_core.package_identification:_identify(docker_hiwin/compose) by extensions ['ignore', 'ignore_ament_install']
[0.146s] Level 1:colcon.colcon_core.package_identification:_identify(docker_hiwin/compose) by extension 'ignore'
[0.146s] Level 1:colcon.colcon_core.package_identification:_identify(docker_hiwin/compose) by extension 'ignore_ament_install'
[0.147s] Level 1:colcon.colcon_core.package_identification:_identify(docker_hiwin/compose) by extensions ['colcon_pkg']
[0.147s] Level 1:colcon.colcon_core.package_identification:_identify(docker_hiwin/compose) by extension 'colcon_pkg'
[0.147s] Level 1:colcon.colcon_core.package_identification:_identify(docker_hiwin/compose) by extensions ['colcon_meta']
[0.147s] Level 1:colcon.colcon_core.package_identification:_identify(docker_hiwin/compose) by extension 'colcon_meta'
[0.147s] Level 1:colcon.colcon_core.package_identification:_identify(docker_hiwin/compose) by extensions ['ros']
[0.147s] Level 1:colcon.colcon_core.package_identification:_identify(docker_hiwin/compose) by extension 'ros'
[0.147s] Level 1:colcon.colcon_core.package_identification:_identify(docker_hiwin/compose) by extensions ['cmake', 'python']
[0.147s] Level 1:colcon.colcon_core.package_identification:_identify(docker_hiwin/compose) by extension 'cmake'
[0.147s] Level 1:colcon.colcon_core.package_identification:_identify(docker_hiwin/compose) by extension 'python'
[0.147s] Level 1:colcon.colcon_core.package_identification:_identify(docker_hiwin/compose) by extensions ['python_setup_py']
[0.147s] Level 1:colcon.colcon_core.package_identification:_identify(docker_hiwin/compose) by extension 'python_setup_py'
[0.147s] Level 1:colcon.colcon_core.package_identification:_identify(docker_hiwin/compose/config) by extensions ['ignore', 'ignore_ament_install']
[0.147s] Level 1:colcon.colcon_core.package_identification:_identify(docker_hiwin/compose/config) by extension 'ignore'
[0.147s] Level 1:colcon.colcon_core.package_identification:_identify(docker_hiwin/compose/config) by extension 'ignore_ament_install'
[0.147s] Level 1:colcon.colcon_core.package_identification:_identify(docker_hiwin/compose/config) by extensions ['colcon_pkg']
[0.147s] Level 1:colcon.colcon_core.package_identification:_identify(docker_hiwin/compose/config) by extension 'colcon_pkg'
[0.147s] Level 1:colcon.colcon_core.package_identification:_identify(docker_hiwin/compose/config) by extensions ['colcon_meta']
[0.147s] Level 1:colcon.colcon_core.package_identification:_identify(docker_hiwin/compose/config) by extension 'colcon_meta'
[0.147s] Level 1:colcon.colcon_core.package_identification:_identify(docker_hiwin/compose/config) by extensions ['ros']
[0.147s] Level 1:colcon.colcon_core.package_identification:_identify(docker_hiwin/compose/config) by extension 'ros'
[0.147s] Level 1:colcon.colcon_core.package_identification:_identify(docker_hiwin/compose/config) by extensions ['cmake', 'python']
[0.147s] Level 1:colcon.colcon_core.package_identification:_identify(docker_hiwin/compose/config) by extension 'cmake'
[0.147s] Level 1:colcon.colcon_core.package_identification:_identify(docker_hiwin/compose/config) by extension 'python'
[0.147s] Level 1:colcon.colcon_core.package_identification:_identify(docker_hiwin/compose/config) by extensions ['python_setup_py']
[0.147s] Level 1:colcon.colcon_core.package_identification:_identify(docker_hiwin/compose/config) by extension 'python_setup_py'
[0.147s] Level 1:colcon.colcon_core.package_identification:_identify(docker_hiwin/compose/config/pip) by extensions ['ignore', 'ignore_ament_install']
[0.147s] Level 1:colcon.colcon_core.package_identification:_identify(docker_hiwin/compose/config/pip) by extension 'ignore'
[0.147s] Level 1:colcon.colcon_core.package_identification:_identify(docker_hiwin/compose/config/pip) by extension 'ignore_ament_install'
[0.147s] Level 1:colcon.colcon_core.package_identification:_identify(docker_hiwin/compose/config/pip) by extensions ['colcon_pkg']
[0.147s] Level 1:colcon.colcon_core.package_identification:_identify(docker_hiwin/compose/config/pip) by extension 'colcon_pkg'
[0.147s] Level 1:colcon.colcon_core.package_identification:_identify(docker_hiwin/compose/config/pip) by extensions ['colcon_meta']
[0.147s] Level 1:colcon.colcon_core.package_identification:_identify(docker_hiwin/compose/config/pip) by extension 'colcon_meta'
[0.147s] Level 1:colcon.colcon_core.package_identification:_identify(docker_hiwin/compose/config/pip) by extensions ['ros']
[0.148s] Level 1:colcon.colcon_core.package_identification:_identify(docker_hiwin/compose/config/pip) by extension 'ros'
[0.148s] Level 1:colcon.colcon_core.package_identification:_identify(docker_hiwin/compose/config/pip) by extensions ['cmake', 'python']
[0.148s] Level 1:colcon.colcon_core.package_identification:_identify(docker_hiwin/compose/config/pip) by extension 'cmake'
[0.148s] Level 1:colcon.colcon_core.package_identification:_identify(docker_hiwin/compose/config/pip) by extension 'python'
[0.148s] Level 1:colcon.colcon_core.package_identification:_identify(docker_hiwin/compose/config/pip) by extensions ['python_setup_py']
[0.148s] Level 1:colcon.colcon_core.package_identification:_identify(docker_hiwin/compose/config/pip) by extension 'python_setup_py'
[0.148s] Level 1:colcon.colcon_core.package_identification:_identify(docker_hiwin/compose/config/shell) by extensions ['ignore', 'ignore_ament_install']
[0.148s] Level 1:colcon.colcon_core.package_identification:_identify(docker_hiwin/compose/config/shell) by extension 'ignore'
[0.148s] Level 1:colcon.colcon_core.package_identification:_identify(docker_hiwin/compose/config/shell) by extension 'ignore_ament_install'
[0.148s] Level 1:colcon.colcon_core.package_identification:_identify(docker_hiwin/compose/config/shell) by extensions ['colcon_pkg']
[0.148s] Level 1:colcon.colcon_core.package_identification:_identify(docker_hiwin/compose/config/shell) by extension 'colcon_pkg'
[0.148s] Level 1:colcon.colcon_core.package_identification:_identify(docker_hiwin/compose/config/shell) by extensions ['colcon_meta']
[0.148s] Level 1:colcon.colcon_core.package_identification:_identify(docker_hiwin/compose/config/shell) by extension 'colcon_meta'
[0.148s] Level 1:colcon.colcon_core.package_identification:_identify(docker_hiwin/compose/config/shell) by extensions ['ros']
[0.148s] Level 1:colcon.colcon_core.package_identification:_identify(docker_hiwin/compose/config/shell) by extension 'ros'
[0.148s] Level 1:colcon.colcon_core.package_identification:_identify(docker_hiwin/compose/config/shell) by extensions ['cmake', 'python']
[0.148s] Level 1:colcon.colcon_core.package_identification:_identify(docker_hiwin/compose/config/shell) by extension 'cmake'
[0.148s] Level 1:colcon.colcon_core.package_identification:_identify(docker_hiwin/compose/config/shell) by extension 'python'
[0.148s] Level 1:colcon.colcon_core.package_identification:_identify(docker_hiwin/compose/config/shell) by extensions ['python_setup_py']
[0.148s] Level 1:colcon.colcon_core.package_identification:_identify(docker_hiwin/compose/config/shell) by extension 'python_setup_py'
[0.148s] Level 1:colcon.colcon_core.package_identification:_identify(docker_hiwin/compose/config/shell/terminator) by extensions ['ignore', 'ignore_ament_install']
[0.148s] Level 1:colcon.colcon_core.package_identification:_identify(docker_hiwin/compose/config/shell/terminator) by extension 'ignore'
[0.148s] Level 1:colcon.colcon_core.package_identification:_identify(docker_hiwin/compose/config/shell/terminator) by extension 'ignore_ament_install'
[0.148s] Level 1:colcon.colcon_core.package_identification:_identify(docker_hiwin/compose/config/shell/terminator) by extensions ['colcon_pkg']
[0.148s] Level 1:colcon.colcon_core.package_identification:_identify(docker_hiwin/compose/config/shell/terminator) by extension 'colcon_pkg'
[0.148s] Level 1:colcon.colcon_core.package_identification:_identify(docker_hiwin/compose/config/shell/terminator) by extensions ['colcon_meta']
[0.148s] Level 1:colcon.colcon_core.package_identification:_identify(docker_hiwin/compose/config/shell/terminator) by extension 'colcon_meta'
[0.148s] Level 1:colcon.colcon_core.package_identification:_identify(docker_hiwin/compose/config/shell/terminator) by extensions ['ros']
[0.148s] Level 1:colcon.colcon_core.package_identification:_identify(docker_hiwin/compose/config/shell/terminator) by extension 'ros'
[0.148s] Level 1:colcon.colcon_core.package_identification:_identify(docker_hiwin/compose/config/shell/terminator) by extensions ['cmake', 'python']
[0.148s] Level 1:colcon.colcon_core.package_identification:_identify(docker_hiwin/compose/config/shell/terminator) by extension 'cmake'
[0.148s] Level 1:colcon.colcon_core.package_identification:_identify(docker_hiwin/compose/config/shell/terminator) by extension 'python'
[0.148s] Level 1:colcon.colcon_core.package_identification:_identify(docker_hiwin/compose/config/shell/terminator) by extensions ['python_setup_py']
[0.148s] Level 1:colcon.colcon_core.package_identification:_identify(docker_hiwin/compose/config/shell/terminator) by extension 'python_setup_py'
[0.149s] Level 1:colcon.colcon_core.package_identification:_identify(docker_hiwin/compose/config/shell/tmux) by extensions ['ignore', 'ignore_ament_install']
[0.149s] Level 1:colcon.colcon_core.package_identification:_identify(docker_hiwin/compose/config/shell/tmux) by extension 'ignore'
[0.149s] Level 1:colcon.colcon_core.package_identification:_identify(docker_hiwin/compose/config/shell/tmux) by extension 'ignore_ament_install'
[0.149s] Level 1:colcon.colcon_core.package_identification:_identify(docker_hiwin/compose/config/shell/tmux) by extensions ['colcon_pkg']
[0.149s] Level 1:colcon.colcon_core.package_identification:_identify(docker_hiwin/compose/config/shell/tmux) by extension 'colcon_pkg'
[0.149s] Level 1:colcon.colcon_core.package_identification:_identify(docker_hiwin/compose/config/shell/tmux) by extensions ['colcon_meta']
[0.149s] Level 1:colcon.colcon_core.package_identification:_identify(docker_hiwin/compose/config/shell/tmux) by extension 'colcon_meta'
[0.149s] Level 1:colcon.colcon_core.package_identification:_identify(docker_hiwin/compose/config/shell/tmux) by extensions ['ros']
[0.149s] Level 1:colcon.colcon_core.package_identification:_identify(docker_hiwin/compose/config/shell/tmux) by extension 'ros'
[0.149s] Level 1:colcon.colcon_core.package_identification:_identify(docker_hiwin/compose/config/shell/tmux) by extensions ['cmake', 'python']
[0.149s] Level 1:colcon.colcon_core.package_identification:_identify(docker_hiwin/compose/config/shell/tmux) by extension 'cmake'
[0.149s] Level 1:colcon.colcon_core.package_identification:_identify(docker_hiwin/compose/config/shell/tmux) by extension 'python'
[0.149s] Level 1:colcon.colcon_core.package_identification:_identify(docker_hiwin/compose/config/shell/tmux) by extensions ['python_setup_py']
[0.149s] Level 1:colcon.colcon_core.package_identification:_identify(docker_hiwin/compose/config/shell/tmux) by extension 'python_setup_py'
[0.149s] Level 1:colcon.colcon_core.package_identification:_identify(docker_hiwin/config) by extensions ['ignore', 'ignore_ament_install']
[0.149s] Level 1:colcon.colcon_core.package_identification:_identify(docker_hiwin/config) by extension 'ignore'
[0.149s] Level 1:colcon.colcon_core.package_identification:_identify(docker_hiwin/config) by extension 'ignore_ament_install'
[0.149s] Level 1:colcon.colcon_core.package_identification:_identify(docker_hiwin/config) by extensions ['colcon_pkg']
[0.149s] Level 1:colcon.colcon_core.package_identification:_identify(docker_hiwin/config) by extension 'colcon_pkg'
[0.149s] Level 1:colcon.colcon_core.package_identification:_identify(docker_hiwin/config) by extensions ['colcon_meta']
[0.149s] Level 1:colcon.colcon_core.package_identification:_identify(docker_hiwin/config) by extension 'colcon_meta'
[0.149s] Level 1:colcon.colcon_core.package_identification:_identify(docker_hiwin/config) by extensions ['ros']
[0.149s] Level 1:colcon.colcon_core.package_identification:_identify(docker_hiwin/config) by extension 'ros'
[0.149s] Level 1:colcon.colcon_core.package_identification:_identify(docker_hiwin/config) by extensions ['cmake', 'python']
[0.149s] Level 1:colcon.colcon_core.package_identification:_identify(docker_hiwin/config) by extension 'cmake'
[0.149s] Level 1:colcon.colcon_core.package_identification:_identify(docker_hiwin/config) by extension 'python'
[0.149s] Level 1:colcon.colcon_core.package_identification:_identify(docker_hiwin/config) by extensions ['python_setup_py']
[0.149s] Level 1:colcon.colcon_core.package_identification:_identify(docker_hiwin/config) by extension 'python_setup_py'
[0.149s] Level 1:colcon.colcon_core.package_identification:_identify(docker_hiwin/config/pip) by extensions ['ignore', 'ignore_ament_install']
[0.149s] Level 1:colcon.colcon_core.package_identification:_identify(docker_hiwin/config/pip) by extension 'ignore'
[0.149s] Level 1:colcon.colcon_core.package_identification:_identify(docker_hiwin/config/pip) by extension 'ignore_ament_install'
[0.149s] Level 1:colcon.colcon_core.package_identification:_identify(docker_hiwin/config/pip) by extensions ['colcon_pkg']
[0.150s] Level 1:colcon.colcon_core.package_identification:_identify(docker_hiwin/config/pip) by extension 'colcon_pkg'
[0.150s] Level 1:colcon.colcon_core.package_identification:_identify(docker_hiwin/config/pip) by extensions ['colcon_meta']
[0.150s] Level 1:colcon.colcon_core.package_identification:_identify(docker_hiwin/config/pip) by extension 'colcon_meta'
[0.150s] Level 1:colcon.colcon_core.package_identification:_identify(docker_hiwin/config/pip) by extensions ['ros']
[0.150s] Level 1:colcon.colcon_core.package_identification:_identify(docker_hiwin/config/pip) by extension 'ros'
[0.150s] Level 1:colcon.colcon_core.package_identification:_identify(docker_hiwin/config/pip) by extensions ['cmake', 'python']
[0.150s] Level 1:colcon.colcon_core.package_identification:_identify(docker_hiwin/config/pip) by extension 'cmake'
[0.150s] Level 1:colcon.colcon_core.package_identification:_identify(docker_hiwin/config/pip) by extension 'python'
[0.150s] Level 1:colcon.colcon_core.package_identification:_identify(docker_hiwin/config/pip) by extensions ['python_setup_py']
[0.150s] Level 1:colcon.colcon_core.package_identification:_identify(docker_hiwin/config/pip) by extension 'python_setup_py'
[0.150s] Level 1:colcon.colcon_core.package_identification:_identify(docker_hiwin/config/shell) by extensions ['ignore', 'ignore_ament_install']
[0.150s] Level 1:colcon.colcon_core.package_identification:_identify(docker_hiwin/config/shell) by extension 'ignore'
[0.150s] Level 1:colcon.colcon_core.package_identification:_identify(docker_hiwin/config/shell) by extension 'ignore_ament_install'
[0.150s] Level 1:colcon.colcon_core.package_identification:_identify(docker_hiwin/config/shell) by extensions ['colcon_pkg']
[0.150s] Level 1:colcon.colcon_core.package_identification:_identify(docker_hiwin/config/shell) by extension 'colcon_pkg'
[0.150s] Level 1:colcon.colcon_core.package_identification:_identify(docker_hiwin/config/shell) by extensions ['colcon_meta']
[0.150s] Level 1:colcon.colcon_core.package_identification:_identify(docker_hiwin/config/shell) by extension 'colcon_meta'
[0.150s] Level 1:colcon.colcon_core.package_identification:_identify(docker_hiwin/config/shell) by extensions ['ros']
[0.150s] Level 1:colcon.colcon_core.package_identification:_identify(docker_hiwin/config/shell) by extension 'ros'
[0.150s] Level 1:colcon.colcon_core.package_identification:_identify(docker_hiwin/config/shell) by extensions ['cmake', 'python']
[0.150s] Level 1:colcon.colcon_core.package_identification:_identify(docker_hiwin/config/shell) by extension 'cmake'
[0.150s] Level 1:colcon.colcon_core.package_identification:_identify(docker_hiwin/config/shell) by extension 'python'
[0.150s] Level 1:colcon.colcon_core.package_identification:_identify(docker_hiwin/config/shell) by extensions ['python_setup_py']
[0.150s] Level 1:colcon.colcon_core.package_identification:_identify(docker_hiwin/config/shell) by extension 'python_setup_py'
[0.150s] Level 1:colcon.colcon_core.package_identification:_identify(docker_hiwin/config/shell/terminator) by extensions ['ignore', 'ignore_ament_install']
[0.150s] Level 1:colcon.colcon_core.package_identification:_identify(docker_hiwin/config/shell/terminator) by extension 'ignore'
[0.150s] Level 1:colcon.colcon_core.package_identification:_identify(docker_hiwin/config/shell/terminator) by extension 'ignore_ament_install'
[0.150s] Level 1:colcon.colcon_core.package_identification:_identify(docker_hiwin/config/shell/terminator) by extensions ['colcon_pkg']
[0.150s] Level 1:colcon.colcon_core.package_identification:_identify(docker_hiwin/config/shell/terminator) by extension 'colcon_pkg'
[0.150s] Level 1:colcon.colcon_core.package_identification:_identify(docker_hiwin/config/shell/terminator) by extensions ['colcon_meta']
[0.151s] Level 1:colcon.colcon_core.package_identification:_identify(docker_hiwin/config/shell/terminator) by extension 'colcon_meta'
[0.151s] Level 1:colcon.colcon_core.package_identification:_identify(docker_hiwin/config/shell/terminator) by extensions ['ros']
[0.151s] Level 1:colcon.colcon_core.package_identification:_identify(docker_hiwin/config/shell/terminator) by extension 'ros'
[0.151s] Level 1:colcon.colcon_core.package_identification:_identify(docker_hiwin/config/shell/terminator) by extensions ['cmake', 'python']
[0.151s] Level 1:colcon.colcon_core.package_identification:_identify(docker_hiwin/config/shell/terminator) by extension 'cmake'
[0.151s] Level 1:colcon.colcon_core.package_identification:_identify(docker_hiwin/config/shell/terminator) by extension 'python'
[0.151s] Level 1:colcon.colcon_core.package_identification:_identify(docker_hiwin/config/shell/terminator) by extensions ['python_setup_py']
[0.151s] Level 1:colcon.colcon_core.package_identification:_identify(docker_hiwin/config/shell/terminator) by extension 'python_setup_py'
[0.151s] Level 1:colcon.colcon_core.package_identification:_identify(docker_hiwin/config/shell/tmux) by extensions ['ignore', 'ignore_ament_install']
[0.151s] Level 1:colcon.colcon_core.package_identification:_identify(docker_hiwin/config/shell/tmux) by extension 'ignore'
[0.151s] Level 1:colcon.colcon_core.package_identification:_identify(docker_hiwin/config/shell/tmux) by extension 'ignore_ament_install'
[0.151s] Level 1:colcon.colcon_core.package_identification:_identify(docker_hiwin/config/shell/tmux) by extensions ['colcon_pkg']
[0.151s] Level 1:colcon.colcon_core.package_identification:_identify(docker_hiwin/config/shell/tmux) by extension 'colcon_pkg'
[0.151s] Level 1:colcon.colcon_core.package_identification:_identify(docker_hiwin/config/shell/tmux) by extensions ['colcon_meta']
[0.151s] Level 1:colcon.colcon_core.package_identification:_identify(docker_hiwin/config/shell/tmux) by extension 'colcon_meta'
[0.151s] Level 1:colcon.colcon_core.package_identification:_identify(docker_hiwin/config/shell/tmux) by extensions ['ros']
[0.151s] Level 1:colcon.colcon_core.package_identification:_identify(docker_hiwin/config/shell/tmux) by extension 'ros'
[0.151s] Level 1:colcon.colcon_core.package_identification:_identify(docker_hiwin/config/shell/tmux) by extensions ['cmake', 'python']
[0.151s] Level 1:colcon.colcon_core.package_identification:_identify(docker_hiwin/config/shell/tmux) by extension 'cmake'
[0.151s] Level 1:colcon.colcon_core.package_identification:_identify(docker_hiwin/config/shell/tmux) by extension 'python'
[0.151s] Level 1:colcon.colcon_core.package_identification:_identify(docker_hiwin/config/shell/tmux) by extensions ['python_setup_py']
[0.151s] Level 1:colcon.colcon_core.package_identification:_identify(docker_hiwin/config/shell/tmux) by extension 'python_setup_py'
[0.151s] Level 1:colcon.colcon_core.package_identification:_identify(install) by extensions ['ignore', 'ignore_ament_install']
[0.151s] Level 1:colcon.colcon_core.package_identification:_identify(install) by extension 'ignore'
[0.151s] Level 1:colcon.colcon_core.package_identification:_identify(install) ignored
[0.151s] Level 1:colcon.colcon_core.package_identification:_identify(log) by extensions ['ignore', 'ignore_ament_install']
[0.151s] Level 1:colcon.colcon_core.package_identification:_identify(log) by extension 'ignore'
[0.151s] Level 1:colcon.colcon_core.package_identification:_identify(log) ignored
[0.151s] Level 1:colcon.colcon_core.package_identification:_identify(src) by extensions ['ignore', 'ignore_ament_install']
[0.152s] Level 1:colcon.colcon_core.package_identification:_identify(src) by extension 'ignore'
[0.152s] Level 1:colcon.colcon_core.package_identification:_identify(src) by extension 'ignore_ament_install'
[0.152s] Level 1:colcon.colcon_core.package_identification:_identify(src) by extensions ['colcon_pkg']
[0.152s] Level 1:colcon.colcon_core.package_identification:_identify(src) by extension 'colcon_pkg'
[0.152s] Level 1:colcon.colcon_core.package_identification:_identify(src) by extensions ['colcon_meta']
[0.152s] Level 1:colcon.colcon_core.package_identification:_identify(src) by extension 'colcon_meta'
[0.152s] Level 1:colcon.colcon_core.package_identification:_identify(src) by extensions ['ros']
[0.152s] Level 1:colcon.colcon_core.package_identification:_identify(src) by extension 'ros'
[0.152s] Level 1:colcon.colcon_core.package_identification:_identify(src) by extensions ['cmake', 'python']
[0.152s] Level 1:colcon.colcon_core.package_identification:_identify(src) by extension 'cmake'
[0.152s] Level 1:colcon.colcon_core.package_identification:_identify(src) by extension 'python'
[0.152s] Level 1:colcon.colcon_core.package_identification:_identify(src) by extensions ['python_setup_py']
[0.152s] Level 1:colcon.colcon_core.package_identification:_identify(src) by extension 'python_setup_py'
[0.152s] Level 1:colcon.colcon_core.package_identification:_identify(src/Hiwin_libmodbus) by extensions ['ignore', 'ignore_ament_install']
[0.152s] Level 1:colcon.colcon_core.package_identification:_identify(src/Hiwin_libmodbus) by extension 'ignore'
[0.152s] Level 1:colcon.colcon_core.package_identification:_identify(src/Hiwin_libmodbus) by extension 'ignore_ament_install'
[0.152s] Level 1:colcon.colcon_core.package_identification:_identify(src/Hiwin_libmodbus) by extensions ['colcon_pkg']
[0.152s] Level 1:colcon.colcon_core.package_identification:_identify(src/Hiwin_libmodbus) by extension 'colcon_pkg'
[0.152s] Level 1:colcon.colcon_core.package_identification:_identify(src/Hiwin_libmodbus) by extensions ['colcon_meta']
[0.152s] Level 1:colcon.colcon_core.package_identification:_identify(src/Hiwin_libmodbus) by extension 'colcon_meta'
[0.152s] Level 1:colcon.colcon_core.package_identification:_identify(src/Hiwin_libmodbus) by extensions ['ros']
[0.152s] Level 1:colcon.colcon_core.package_identification:_identify(src/Hiwin_libmodbus) by extension 'ros'
[0.152s] Level 1:colcon.colcon_core.package_identification:_identify(src/Hiwin_libmodbus) by extensions ['cmake', 'python']
[0.152s] Level 1:colcon.colcon_core.package_identification:_identify(src/Hiwin_libmodbus) by extension 'cmake'
[0.152s] Level 1:colcon.colcon_core.package_identification:_identify(src/Hiwin_libmodbus) by extension 'python'
[0.152s] Level 1:colcon.colcon_core.package_identification:_identify(src/Hiwin_libmodbus) by extensions ['python_setup_py']
[0.152s] Level 1:colcon.colcon_core.package_identification:_identify(src/Hiwin_libmodbus) by extension 'python_setup_py'
[0.152s] Level 1:colcon.colcon_core.package_identification:_identify(src/Hiwin_libmodbus/hiwin_example) by extensions ['ignore', 'ignore_ament_install']
[0.152s] Level 1:colcon.colcon_core.package_identification:_identify(src/Hiwin_libmodbus/hiwin_example) by extension 'ignore'
[0.152s] Level 1:colcon.colcon_core.package_identification:_identify(src/Hiwin_libmodbus/hiwin_example) by extension 'ignore_ament_install'
[0.152s] Level 1:colcon.colcon_core.package_identification:_identify(src/Hiwin_libmodbus/hiwin_example) by extensions ['colcon_pkg']
[0.152s] Level 1:colcon.colcon_core.package_identification:_identify(src/Hiwin_libmodbus/hiwin_example) by extension 'colcon_pkg'
[0.153s] Level 1:colcon.colcon_core.package_identification:_identify(src/Hiwin_libmodbus/hiwin_example) by extensions ['colcon_meta']
[0.153s] Level 1:colcon.colcon_core.package_identification:_identify(src/Hiwin_libmodbus/hiwin_example) by extension 'colcon_meta'
[0.153s] Level 1:colcon.colcon_core.package_identification:_identify(src/Hiwin_libmodbus/hiwin_example) by extensions ['ros']
[0.153s] Level 1:colcon.colcon_core.package_identification:_identify(src/Hiwin_libmodbus/hiwin_example) by extension 'ros'
[0.155s] DEBUG:colcon.colcon_core.package_identification:Package 'src/Hiwin_libmodbus/hiwin_example' with type 'ros.ament_python' and name 'hiwin_example'
[0.155s] Level 1:colcon.colcon_core.package_identification:_identify(src/Hiwin_libmodbus/hiwin_interfaces) by extensions ['ignore', 'ignore_ament_install']
[0.155s] Level 1:colcon.colcon_core.package_identification:_identify(src/Hiwin_libmodbus/hiwin_interfaces) by extension 'ignore'
[0.155s] Level 1:colcon.colcon_core.package_identification:_identify(src/Hiwin_libmodbus/hiwin_interfaces) by extension 'ignore_ament_install'
[0.155s] Level 1:colcon.colcon_core.package_identification:_identify(src/Hiwin_libmodbus/hiwin_interfaces) by extensions ['colcon_pkg']
[0.155s] Level 1:colcon.colcon_core.package_identification:_identify(src/Hiwin_libmodbus/hiwin_interfaces) by extension 'colcon_pkg'
[0.155s] Level 1:colcon.colcon_core.package_identification:_identify(src/Hiwin_libmodbus/hiwin_interfaces) by extensions ['colcon_meta']
[0.155s] Level 1:colcon.colcon_core.package_identification:_identify(src/Hiwin_libmodbus/hiwin_interfaces) by extension 'colcon_meta'
[0.155s] Level 1:colcon.colcon_core.package_identification:_identify(src/Hiwin_libmodbus/hiwin_interfaces) by extensions ['ros']
[0.155s] Level 1:colcon.colcon_core.package_identification:_identify(src/Hiwin_libmodbus/hiwin_interfaces) by extension 'ros'
[0.156s] DEBUG:colcon.colcon_core.package_identification:Package 'src/Hiwin_libmodbus/hiwin_interfaces' with type 'ros.ament_cmake' and name 'hiwin_interfaces'
[0.156s] Level 1:colcon.colcon_core.package_identification:_identify(src/Hiwin_libmodbus/hiwin_libmodbus) by extensions ['ignore', 'ignore_ament_install']
[0.156s] Level 1:colcon.colcon_core.package_identification:_identify(src/Hiwin_libmodbus/hiwin_libmodbus) by extension 'ignore'
[0.156s] Level 1:colcon.colcon_core.package_identification:_identify(src/Hiwin_libmodbus/hiwin_libmodbus) by extension 'ignore_ament_install'
[0.156s] Level 1:colcon.colcon_core.package_identification:_identify(src/Hiwin_libmodbus/hiwin_libmodbus) by extensions ['colcon_pkg']
[0.156s] Level 1:colcon.colcon_core.package_identification:_identify(src/Hiwin_libmodbus/hiwin_libmodbus) by extension 'colcon_pkg'
[0.156s] Level 1:colcon.colcon_core.package_identification:_identify(src/Hiwin_libmodbus/hiwin_libmodbus) by extensions ['colcon_meta']
[0.156s] Level 1:colcon.colcon_core.package_identification:_identify(src/Hiwin_libmodbus/hiwin_libmodbus) by extension 'colcon_meta'
[0.156s] Level 1:colcon.colcon_core.package_identification:_identify(src/Hiwin_libmodbus/hiwin_libmodbus) by extensions ['ros']
[0.156s] Level 1:colcon.colcon_core.package_identification:_identify(src/Hiwin_libmodbus/hiwin_libmodbus) by extension 'ros'
[0.157s] DEBUG:colcon.colcon_core.package_identification:Package 'src/Hiwin_libmodbus/hiwin_libmodbus' with type 'ros.ament_cmake' and name 'hiwin_libmodbus'
[0.157s] Level 1:colcon.colcon_core.package_identification:_identify(src/Hiwin_libmodbus/hiwin_service_client) by extensions ['ignore', 'ignore_ament_install']
[0.157s] Level 1:colcon.colcon_core.package_identification:_identify(src/Hiwin_libmodbus/hiwin_service_client) by extension 'ignore'
[0.157s] Level 1:colcon.colcon_core.package_identification:_identify(src/Hiwin_libmodbus/hiwin_service_client) by extension 'ignore_ament_install'
[0.157s] Level 1:colcon.colcon_core.package_identification:_identify(src/Hiwin_libmodbus/hiwin_service_client) by extensions ['colcon_pkg']
[0.157s] Level 1:colcon.colcon_core.package_identification:_identify(src/Hiwin_libmodbus/hiwin_service_client) by extension 'colcon_pkg'
[0.157s] Level 1:colcon.colcon_core.package_identification:_identify(src/Hiwin_libmodbus/hiwin_service_client) by extensions ['colcon_meta']
[0.157s] Level 1:colcon.colcon_core.package_identification:_identify(src/Hiwin_libmodbus/hiwin_service_client) by extension 'colcon_meta'
[0.157s] Level 1:colcon.colcon_core.package_identification:_identify(src/Hiwin_libmodbus/hiwin_service_client) by extensions ['ros']
[0.157s] Level 1:colcon.colcon_core.package_identification:_identify(src/Hiwin_libmodbus/hiwin_service_client) by extension 'ros'
[0.158s] DEBUG:colcon.colcon_core.package_identification:Package 'src/Hiwin_libmodbus/hiwin_service_client' with type 'ros.ament_cmake' and name 'hiwin_service_client'
[0.158s] Level 1:colcon.colcon_core.package_identification:_identify(src/Hiwin_libmodbus/libmodbus) by extensions ['ignore', 'ignore_ament_install']
[0.158s] Level 1:colcon.colcon_core.package_identification:_identify(src/Hiwin_libmodbus/libmodbus) by extension 'ignore'
[0.158s] Level 1:colcon.colcon_core.package_identification:_identify(src/Hiwin_libmodbus/libmodbus) by extension 'ignore_ament_install'
[0.158s] Level 1:colcon.colcon_core.package_identification:_identify(src/Hiwin_libmodbus/libmodbus) by extensions ['colcon_pkg']
[0.158s] Level 1:colcon.colcon_core.package_identification:_identify(src/Hiwin_libmodbus/libmodbus) by extension 'colcon_pkg'
[0.158s] Level 1:colcon.colcon_core.package_identification:_identify(src/Hiwin_libmodbus/libmodbus) by extensions ['colcon_meta']
[0.158s] Level 1:colcon.colcon_core.package_identification:_identify(src/Hiwin_libmodbus/libmodbus) by extension 'colcon_meta'
[0.158s] Level 1:colcon.colcon_core.package_identification:_identify(src/Hiwin_libmodbus/libmodbus) by extensions ['ros']
[0.159s] Level 1:colcon.colcon_core.package_identification:_identify(src/Hiwin_libmodbus/libmodbus) by extension 'ros'
[0.159s] Level 1:colcon.colcon_core.package_identification:_identify(src/Hiwin_libmodbus/libmodbus) by extensions ['cmake', 'python']
[0.159s] Level 1:colcon.colcon_core.package_identification:_identify(src/Hiwin_libmodbus/libmodbus) by extension 'cmake'
[0.159s] Level 1:colcon.colcon_core.package_identification:_identify(src/Hiwin_libmodbus/libmodbus) by extension 'python'
[0.159s] Level 1:colcon.colcon_core.package_identification:_identify(src/Hiwin_libmodbus/libmodbus) by extensions ['python_setup_py']
[0.159s] Level 1:colcon.colcon_core.package_identification:_identify(src/Hiwin_libmodbus/libmodbus) by extension 'python_setup_py'
[0.159s] Level 1:colcon.colcon_core.package_identification:_identify(src/Hiwin_libmodbus/libmodbus/autom4te.cache) by extensions ['ignore', 'ignore_ament_install']
[0.159s] Level 1:colcon.colcon_core.package_identification:_identify(src/Hiwin_libmodbus/libmodbus/autom4te.cache) by extension 'ignore'
[0.159s] Level 1:colcon.colcon_core.package_identification:_identify(src/Hiwin_libmodbus/libmodbus/autom4te.cache) by extension 'ignore_ament_install'
[0.159s] Level 1:colcon.colcon_core.package_identification:_identify(src/Hiwin_libmodbus/libmodbus/autom4te.cache) by extensions ['colcon_pkg']
[0.159s] Level 1:colcon.colcon_core.package_identification:_identify(src/Hiwin_libmodbus/libmodbus/autom4te.cache) by extension 'colcon_pkg'
[0.159s] Level 1:colcon.colcon_core.package_identification:_identify(src/Hiwin_libmodbus/libmodbus/autom4te.cache) by extensions ['colcon_meta']
[0.159s] Level 1:colcon.colcon_core.package_identification:_identify(src/Hiwin_libmodbus/libmodbus/autom4te.cache) by extension 'colcon_meta'
[0.159s] Level 1:colcon.colcon_core.package_identification:_identify(src/Hiwin_libmodbus/libmodbus/autom4te.cache) by extensions ['ros']
[0.159s] Level 1:colcon.colcon_core.package_identification:_identify(src/Hiwin_libmodbus/libmodbus/autom4te.cache) by extension 'ros'
[0.159s] Level 1:colcon.colcon_core.package_identification:_identify(src/Hiwin_libmodbus/libmodbus/autom4te.cache) by extensions ['cmake', 'python']
[0.159s] Level 1:colcon.colcon_core.package_identification:_identify(src/Hiwin_libmodbus/libmodbus/autom4te.cache) by extension 'cmake'
[0.159s] Level 1:colcon.colcon_core.package_identification:_identify(src/Hiwin_libmodbus/libmodbus/autom4te.cache) by extension 'python'
[0.159s] Level 1:colcon.colcon_core.package_identification:_identify(src/Hiwin_libmodbus/libmodbus/autom4te.cache) by extensions ['python_setup_py']
[0.159s] Level 1:colcon.colcon_core.package_identification:_identify(src/Hiwin_libmodbus/libmodbus/autom4te.cache) by extension 'python_setup_py'
[0.159s] Level 1:colcon.colcon_core.package_identification:_identify(src/Hiwin_libmodbus/libmodbus/build-aux) by extensions ['ignore', 'ignore_ament_install']
[0.159s] Level 1:colcon.colcon_core.package_identification:_identify(src/Hiwin_libmodbus/libmodbus/build-aux) by extension 'ignore'
[0.159s] Level 1:colcon.colcon_core.package_identification:_identify(src/Hiwin_libmodbus/libmodbus/build-aux) by extension 'ignore_ament_install'
[0.159s] Level 1:colcon.colcon_core.package_identification:_identify(src/Hiwin_libmodbus/libmodbus/build-aux) by extensions ['colcon_pkg']
[0.159s] Level 1:colcon.colcon_core.package_identification:_identify(src/Hiwin_libmodbus/libmodbus/build-aux) by extension 'colcon_pkg'
[0.159s] Level 1:colcon.colcon_core.package_identification:_identify(src/Hiwin_libmodbus/libmodbus/build-aux) by extensions ['colcon_meta']
[0.159s] Level 1:colcon.colcon_core.package_identification:_identify(src/Hiwin_libmodbus/libmodbus/build-aux) by extension 'colcon_meta'
[0.159s] Level 1:colcon.colcon_core.package_identification:_identify(src/Hiwin_libmodbus/libmodbus/build-aux) by extensions ['ros']
[0.159s] Level 1:colcon.colcon_core.package_identification:_identify(src/Hiwin_libmodbus/libmodbus/build-aux) by extension 'ros'
[0.159s] Level 1:colcon.colcon_core.package_identification:_identify(src/Hiwin_libmodbus/libmodbus/build-aux) by extensions ['cmake', 'python']
[0.160s] Level 1:colcon.colcon_core.package_identification:_identify(src/Hiwin_libmodbus/libmodbus/build-aux) by extension 'cmake'
[0.160s] Level 1:colcon.colcon_core.package_identification:_identify(src/Hiwin_libmodbus/libmodbus/build-aux) by extension 'python'
[0.160s] Level 1:colcon.colcon_core.package_identification:_identify(src/Hiwin_libmodbus/libmodbus/build-aux) by extensions ['python_setup_py']
[0.160s] Level 1:colcon.colcon_core.package_identification:_identify(src/Hiwin_libmodbus/libmodbus/build-aux) by extension 'python_setup_py'
[0.160s] Level 1:colcon.colcon_core.package_identification:_identify(src/Hiwin_libmodbus/libmodbus/docs) by extensions ['ignore', 'ignore_ament_install']
[0.160s] Level 1:colcon.colcon_core.package_identification:_identify(src/Hiwin_libmodbus/libmodbus/docs) by extension 'ignore'
[0.160s] Level 1:colcon.colcon_core.package_identification:_identify(src/Hiwin_libmodbus/libmodbus/docs) by extension 'ignore_ament_install'
[0.160s] Level 1:colcon.colcon_core.package_identification:_identify(src/Hiwin_libmodbus/libmodbus/docs) by extensions ['colcon_pkg']
[0.160s] Level 1:colcon.colcon_core.package_identification:_identify(src/Hiwin_libmodbus/libmodbus/docs) by extension 'colcon_pkg'
[0.160s] Level 1:colcon.colcon_core.package_identification:_identify(src/Hiwin_libmodbus/libmodbus/docs) by extensions ['colcon_meta']
[0.160s] Level 1:colcon.colcon_core.package_identification:_identify(src/Hiwin_libmodbus/libmodbus/docs) by extension 'colcon_meta'
[0.160s] Level 1:colcon.colcon_core.package_identification:_identify(src/Hiwin_libmodbus/libmodbus/docs) by extensions ['ros']
[0.160s] Level 1:colcon.colcon_core.package_identification:_identify(src/Hiwin_libmodbus/libmodbus/docs) by extension 'ros'
[0.160s] Level 1:colcon.colcon_core.package_identification:_identify(src/Hiwin_libmodbus/libmodbus/docs) by extensions ['cmake', 'python']
[0.160s] Level 1:colcon.colcon_core.package_identification:_identify(src/Hiwin_libmodbus/libmodbus/docs) by extension 'cmake'
[0.160s] Level 1:colcon.colcon_core.package_identification:_identify(src/Hiwin_libmodbus/libmodbus/docs) by extension 'python'
[0.160s] Level 1:colcon.colcon_core.package_identification:_identify(src/Hiwin_libmodbus/libmodbus/docs) by extensions ['python_setup_py']
[0.160s] Level 1:colcon.colcon_core.package_identification:_identify(src/Hiwin_libmodbus/libmodbus/docs) by extension 'python_setup_py'
[0.160s] Level 1:colcon.colcon_core.package_identification:_identify(src/Hiwin_libmodbus/libmodbus/docs/assets) by extensions ['ignore', 'ignore_ament_install']
[0.160s] Level 1:colcon.colcon_core.package_identification:_identify(src/Hiwin_libmodbus/libmodbus/docs/assets) by extension 'ignore'
[0.160s] Level 1:colcon.colcon_core.package_identification:_identify(src/Hiwin_libmodbus/libmodbus/docs/assets) by extension 'ignore_ament_install'
[0.160s] Level 1:colcon.colcon_core.package_identification:_identify(src/Hiwin_libmodbus/libmodbus/docs/assets) by extensions ['colcon_pkg']
[0.160s] Level 1:colcon.colcon_core.package_identification:_identify(src/Hiwin_libmodbus/libmodbus/docs/assets) by extension 'colcon_pkg'
[0.160s] Level 1:colcon.colcon_core.package_identification:_identify(src/Hiwin_libmodbus/libmodbus/docs/assets) by extensions ['colcon_meta']
[0.160s] Level 1:colcon.colcon_core.package_identification:_identify(src/Hiwin_libmodbus/libmodbus/docs/assets) by extension 'colcon_meta'
[0.160s] Level 1:colcon.colcon_core.package_identification:_identify(src/Hiwin_libmodbus/libmodbus/docs/assets) by extensions ['ros']
[0.160s] Level 1:colcon.colcon_core.package_identification:_identify(src/Hiwin_libmodbus/libmodbus/docs/assets) by extension 'ros'
[0.160s] Level 1:colcon.colcon_core.package_identification:_identify(src/Hiwin_libmodbus/libmodbus/docs/assets) by extensions ['cmake', 'python']
[0.160s] Level 1:colcon.colcon_core.package_identification:_identify(src/Hiwin_libmodbus/libmodbus/docs/assets) by extension 'cmake'
[0.160s] Level 1:colcon.colcon_core.package_identification:_identify(src/Hiwin_libmodbus/libmodbus/docs/assets) by extension 'python'
[0.160s] Level 1:colcon.colcon_core.package_identification:_identify(src/Hiwin_libmodbus/libmodbus/docs/assets) by extensions ['python_setup_py']
[0.160s] Level 1:colcon.colcon_core.package_identification:_identify(src/Hiwin_libmodbus/libmodbus/docs/assets) by extension 'python_setup_py'
[0.161s] Level 1:colcon.colcon_core.package_identification:_identify(src/Hiwin_libmodbus/libmodbus/m4) by extensions ['ignore', 'ignore_ament_install']
[0.161s] Level 1:colcon.colcon_core.package_identification:_identify(src/Hiwin_libmodbus/libmodbus/m4) by extension 'ignore'
[0.161s] Level 1:colcon.colcon_core.package_identification:_identify(src/Hiwin_libmodbus/libmodbus/m4) by extension 'ignore_ament_install'
[0.161s] Level 1:colcon.colcon_core.package_identification:_identify(src/Hiwin_libmodbus/libmodbus/m4) by extensions ['colcon_pkg']
[0.161s] Level 1:colcon.colcon_core.package_identification:_identify(src/Hiwin_libmodbus/libmodbus/m4) by extension 'colcon_pkg'
[0.161s] Level 1:colcon.colcon_core.package_identification:_identify(src/Hiwin_libmodbus/libmodbus/m4) by extensions ['colcon_meta']
[0.161s] Level 1:colcon.colcon_core.package_identification:_identify(src/Hiwin_libmodbus/libmodbus/m4) by extension 'colcon_meta'
[0.161s] Level 1:colcon.colcon_core.package_identification:_identify(src/Hiwin_libmodbus/libmodbus/m4) by extensions ['ros']
[0.161s] Level 1:colcon.colcon_core.package_identification:_identify(src/Hiwin_libmodbus/libmodbus/m4) by extension 'ros'
[0.161s] Level 1:colcon.colcon_core.package_identification:_identify(src/Hiwin_libmodbus/libmodbus/m4) by extensions ['cmake', 'python']
[0.161s] Level 1:colcon.colcon_core.package_identification:_identify(src/Hiwin_libmodbus/libmodbus/m4) by extension 'cmake'
[0.161s] Level 1:colcon.colcon_core.package_identification:_identify(src/Hiwin_libmodbus/libmodbus/m4) by extension 'python'
[0.161s] Level 1:colcon.colcon_core.package_identification:_identify(src/Hiwin_libmodbus/libmodbus/m4) by extensions ['python_setup_py']
[0.161s] Level 1:colcon.colcon_core.package_identification:_identify(src/Hiwin_libmodbus/libmodbus/m4) by extension 'python_setup_py'
[0.161s] Level 1:colcon.colcon_core.package_identification:_identify(src/Hiwin_libmodbus/libmodbus/src) by extensions ['ignore', 'ignore_ament_install']
[0.161s] Level 1:colcon.colcon_core.package_identification:_identify(src/Hiwin_libmodbus/libmodbus/src) by extension 'ignore'
[0.161s] Level 1:colcon.colcon_core.package_identification:_identify(src/Hiwin_libmodbus/libmodbus/src) by extension 'ignore_ament_install'
[0.161s] Level 1:colcon.colcon_core.package_identification:_identify(src/Hiwin_libmodbus/libmodbus/src) by extensions ['colcon_pkg']
[0.161s] Level 1:colcon.colcon_core.package_identification:_identify(src/Hiwin_libmodbus/libmodbus/src) by extension 'colcon_pkg'
[0.161s] Level 1:colcon.colcon_core.package_identification:_identify(src/Hiwin_libmodbus/libmodbus/src) by extensions ['colcon_meta']
[0.161s] Level 1:colcon.colcon_core.package_identification:_identify(src/Hiwin_libmodbus/libmodbus/src) by extension 'colcon_meta'
[0.161s] Level 1:colcon.colcon_core.package_identification:_identify(src/Hiwin_libmodbus/libmodbus/src) by extensions ['ros']
[0.161s] Level 1:colcon.colcon_core.package_identification:_identify(src/Hiwin_libmodbus/libmodbus/src) by extension 'ros'
[0.161s] Level 1:colcon.colcon_core.package_identification:_identify(src/Hiwin_libmodbus/libmodbus/src) by extensions ['cmake', 'python']
[0.161s] Level 1:colcon.colcon_core.package_identification:_identify(src/Hiwin_libmodbus/libmodbus/src) by extension 'cmake'
[0.161s] Level 1:colcon.colcon_core.package_identification:_identify(src/Hiwin_libmodbus/libmodbus/src) by extension 'python'
[0.162s] Level 1:colcon.colcon_core.package_identification:_identify(src/Hiwin_libmodbus/libmodbus/src) by extensions ['python_setup_py']
[0.162s] Level 1:colcon.colcon_core.package_identification:_identify(src/Hiwin_libmodbus/libmodbus/src) by extension 'python_setup_py'
[0.162s] Level 1:colcon.colcon_core.package_identification:_identify(src/Hiwin_libmodbus/libmodbus/src/win32) by extensions ['ignore', 'ignore_ament_install']
[0.162s] Level 1:colcon.colcon_core.package_identification:_identify(src/Hiwin_libmodbus/libmodbus/src/win32) by extension 'ignore'
[0.162s] Level 1:colcon.colcon_core.package_identification:_identify(src/Hiwin_libmodbus/libmodbus/src/win32) by extension 'ignore_ament_install'
[0.162s] Level 1:colcon.colcon_core.package_identification:_identify(src/Hiwin_libmodbus/libmodbus/src/win32) by extensions ['colcon_pkg']
[0.162s] Level 1:colcon.colcon_core.package_identification:_identify(src/Hiwin_libmodbus/libmodbus/src/win32) by extension 'colcon_pkg'
[0.162s] Level 1:colcon.colcon_core.package_identification:_identify(src/Hiwin_libmodbus/libmodbus/src/win32) by extensions ['colcon_meta']
[0.162s] Level 1:colcon.colcon_core.package_identification:_identify(src/Hiwin_libmodbus/libmodbus/src/win32) by extension 'colcon_meta'
[0.162s] Level 1:colcon.colcon_core.package_identification:_identify(src/Hiwin_libmodbus/libmodbus/src/win32) by extensions ['ros']
[0.162s] Level 1:colcon.colcon_core.package_identification:_identify(src/Hiwin_libmodbus/libmodbus/src/win32) by extension 'ros'
[0.162s] Level 1:colcon.colcon_core.package_identification:_identify(src/Hiwin_libmodbus/libmodbus/src/win32) by extensions ['cmake', 'python']
[0.162s] Level 1:colcon.colcon_core.package_identification:_identify(src/Hiwin_libmodbus/libmodbus/src/win32) by extension 'cmake'
[0.162s] Level 1:colcon.colcon_core.package_identification:_identify(src/Hiwin_libmodbus/libmodbus/src/win32) by extension 'python'
[0.162s] Level 1:colcon.colcon_core.package_identification:_identify(src/Hiwin_libmodbus/libmodbus/src/win32) by extensions ['python_setup_py']
[0.162s] Level 1:colcon.colcon_core.package_identification:_identify(src/Hiwin_libmodbus/libmodbus/src/win32) by extension 'python_setup_py'
[0.162s] Level 1:colcon.colcon_core.package_identification:_identify(src/Hiwin_libmodbus/libmodbus/tests) by extensions ['ignore', 'ignore_ament_install']
[0.162s] Level 1:colcon.colcon_core.package_identification:_identify(src/Hiwin_libmodbus/libmodbus/tests) by extension 'ignore'
[0.162s] Level 1:colcon.colcon_core.package_identification:_identify(src/Hiwin_libmodbus/libmodbus/tests) by extension 'ignore_ament_install'
[0.162s] Level 1:colcon.colcon_core.package_identification:_identify(src/Hiwin_libmodbus/libmodbus/tests) by extensions ['colcon_pkg']
[0.162s] Level 1:colcon.colcon_core.package_identification:_identify(src/Hiwin_libmodbus/libmodbus/tests) by extension 'colcon_pkg'
[0.162s] Level 1:colcon.colcon_core.package_identification:_identify(src/Hiwin_libmodbus/libmodbus/tests) by extensions ['colcon_meta']
[0.162s] Level 1:colcon.colcon_core.package_identification:_identify(src/Hiwin_libmodbus/libmodbus/tests) by extension 'colcon_meta'
[0.162s] Level 1:colcon.colcon_core.package_identification:_identify(src/Hiwin_libmodbus/libmodbus/tests) by extensions ['ros']
[0.162s] Level 1:colcon.colcon_core.package_identification:_identify(src/Hiwin_libmodbus/libmodbus/tests) by extension 'ros'
[0.162s] Level 1:colcon.colcon_core.package_identification:_identify(src/Hiwin_libmodbus/libmodbus/tests) by extensions ['cmake', 'python']
[0.162s] Level 1:colcon.colcon_core.package_identification:_identify(src/Hiwin_libmodbus/libmodbus/tests) by extension 'cmake'
[0.162s] Level 1:colcon.colcon_core.package_identification:_identify(src/Hiwin_libmodbus/libmodbus/tests) by extension 'python'
[0.162s] Level 1:colcon.colcon_core.package_identification:_identify(src/Hiwin_libmodbus/libmodbus/tests) by extensions ['python_setup_py']
[0.162s] Level 1:colcon.colcon_core.package_identification:_identify(src/Hiwin_libmodbus/libmodbus/tests) by extension 'python_setup_py'
[0.163s] Level 1:colcon.colcon_core.package_identification:_identify(src/aruco_marker_pics) by extensions ['ignore', 'ignore_ament_install']
[0.163s] Level 1:colcon.colcon_core.package_identification:_identify(src/aruco_marker_pics) by extension 'ignore'
[0.163s] Level 1:colcon.colcon_core.package_identification:_identify(src/aruco_marker_pics) by extension 'ignore_ament_install'
[0.163s] Level 1:colcon.colcon_core.package_identification:_identify(src/aruco_marker_pics) by extensions ['colcon_pkg']
[0.163s] Level 1:colcon.colcon_core.package_identification:_identify(src/aruco_marker_pics) by extension 'colcon_pkg'
[0.163s] Level 1:colcon.colcon_core.package_identification:_identify(src/aruco_marker_pics) by extensions ['colcon_meta']
[0.163s] Level 1:colcon.colcon_core.package_identification:_identify(src/aruco_marker_pics) by extension 'colcon_meta'
[0.163s] Level 1:colcon.colcon_core.package_identification:_identify(src/aruco_marker_pics) by extensions ['ros']
[0.163s] Level 1:colcon.colcon_core.package_identification:_identify(src/aruco_marker_pics) by extension 'ros'
[0.163s] Level 1:colcon.colcon_core.package_identification:_identify(src/aruco_marker_pics) by extensions ['cmake', 'python']
[0.163s] Level 1:colcon.colcon_core.package_identification:_identify(src/aruco_marker_pics) by extension 'cmake'
[0.163s] Level 1:colcon.colcon_core.package_identification:_identify(src/aruco_marker_pics) by extension 'python'
[0.163s] Level 1:colcon.colcon_core.package_identification:_identify(src/aruco_marker_pics) by extensions ['python_setup_py']
[0.163s] Level 1:colcon.colcon_core.package_identification:_identify(src/aruco_marker_pics) by extension 'python_setup_py'
[0.163s] Level 1:colcon.colcon_core.package_identification:_identify(src/aruco_marker_pics/svgtopng) by extensions ['ignore', 'ignore_ament_install']
[0.163s] Level 1:colcon.colcon_core.package_identification:_identify(src/aruco_marker_pics/svgtopng) by extension 'ignore'
[0.163s] Level 1:colcon.colcon_core.package_identification:_identify(src/aruco_marker_pics/svgtopng) by extension 'ignore_ament_install'
[0.163s] Level 1:colcon.colcon_core.package_identification:_identify(src/aruco_marker_pics/svgtopng) by extensions ['colcon_pkg']
[0.163s] Level 1:colcon.colcon_core.package_identification:_identify(src/aruco_marker_pics/svgtopng) by extension 'colcon_pkg'
[0.163s] Level 1:colcon.colcon_core.package_identification:_identify(src/aruco_marker_pics/svgtopng) by extensions ['colcon_meta']
[0.163s] Level 1:colcon.colcon_core.package_identification:_identify(src/aruco_marker_pics/svgtopng) by extension 'colcon_meta'
[0.163s] Level 1:colcon.colcon_core.package_identification:_identify(src/aruco_marker_pics/svgtopng) by extensions ['ros']
[0.163s] Level 1:colcon.colcon_core.package_identification:_identify(src/aruco_marker_pics/svgtopng) by extension 'ros'
[0.163s] Level 1:colcon.colcon_core.package_identification:_identify(src/aruco_marker_pics/svgtopng) by extensions ['cmake', 'python']
[0.163s] Level 1:colcon.colcon_core.package_identification:_identify(src/aruco_marker_pics/svgtopng) by extension 'cmake'
[0.163s] Level 1:colcon.colcon_core.package_identification:_identify(src/aruco_marker_pics/svgtopng) by extension 'python'
[0.163s] Level 1:colcon.colcon_core.package_identification:_identify(src/aruco_marker_pics/svgtopng) by extensions ['python_setup_py']
[0.163s] Level 1:colcon.colcon_core.package_identification:_identify(src/aruco_marker_pics/svgtopng) by extension 'python_setup_py'
[0.164s] Level 1:colcon.colcon_core.package_identification:_identify(src/hiwin_control) by extensions ['ignore', 'ignore_ament_install']
[0.164s] Level 1:colcon.colcon_core.package_identification:_identify(src/hiwin_control) by extension 'ignore'
[0.164s] Level 1:colcon.colcon_core.package_identification:_identify(src/hiwin_control) by extension 'ignore_ament_install'
[0.164s] Level 1:colcon.colcon_core.package_identification:_identify(src/hiwin_control) by extensions ['colcon_pkg']
[0.164s] Level 1:colcon.colcon_core.package_identification:_identify(src/hiwin_control) by extension 'colcon_pkg'
[0.164s] Level 1:colcon.colcon_core.package_identification:_identify(src/hiwin_control) by extensions ['colcon_meta']
[0.164s] Level 1:colcon.colcon_core.package_identification:_identify(src/hiwin_control) by extension 'colcon_meta'
[0.164s] Level 1:colcon.colcon_core.package_identification:_identify(src/hiwin_control) by extensions ['ros']
[0.164s] Level 1:colcon.colcon_core.package_identification:_identify(src/hiwin_control) by extension 'ros'
[0.164s] DEBUG:colcon.colcon_core.package_identification:Package 'src/hiwin_control' with type 'ros.ament_python' and name 'hiwin_control'
[0.164s] Level 1:colcon.colcon_core.package_identification:_identify(src/picture) by extensions ['ignore', 'ignore_ament_install']
[0.164s] Level 1:colcon.colcon_core.package_identification:_identify(src/picture) by extension 'ignore'
[0.164s] Level 1:colcon.colcon_core.package_identification:_identify(src/picture) by extension 'ignore_ament_install'
[0.164s] Level 1:colcon.colcon_core.package_identification:_identify(src/picture) by extensions ['colcon_pkg']
[0.164s] Level 1:colcon.colcon_core.package_identification:_identify(src/picture) by extension 'colcon_pkg'
[0.165s] Level 1:colcon.colcon_core.package_identification:_identify(src/picture) by extensions ['colcon_meta']
[0.165s] Level 1:colcon.colcon_core.package_identification:_identify(src/picture) by extension 'colcon_meta'
[0.165s] Level 1:colcon.colcon_core.package_identification:_identify(src/picture) by extensions ['ros']
[0.165s] Level 1:colcon.colcon_core.package_identification:_identify(src/picture) by extension 'ros'
[0.165s] Level 1:colcon.colcon_core.package_identification:_identify(src/picture) by extensions ['cmake', 'python']
[0.165s] Level 1:colcon.colcon_core.package_identification:_identify(src/picture) by extension 'cmake'
[0.165s] Level 1:colcon.colcon_core.package_identification:_identify(src/picture) by extension 'python'
[0.165s] Level 1:colcon.colcon_core.package_identification:_identify(src/picture) by extensions ['python_setup_py']
[0.165s] Level 1:colcon.colcon_core.package_identification:_identify(src/picture) by extension 'python_setup_py'
[0.165s] Level 1:colcon.colcon_core.package_identification:_identify(src/pool) by extensions ['ignore', 'ignore_ament_install']
[0.165s] Level 1:colcon.colcon_core.package_identification:_identify(src/pool) by extension 'ignore'
[0.165s] Level 1:colcon.colcon_core.package_identification:_identify(src/pool) by extension 'ignore_ament_install'
[0.165s] Level 1:colcon.colcon_core.package_identification:_identify(src/pool) by extensions ['colcon_pkg']
[0.165s] Level 1:colcon.colcon_core.package_identification:_identify(src/pool) by extension 'colcon_pkg'
[0.165s] Level 1:colcon.colcon_core.package_identification:_identify(src/pool) by extensions ['colcon_meta']
[0.165s] Level 1:colcon.colcon_core.package_identification:_identify(src/pool) by extension 'colcon_meta'
[0.165s] Level 1:colcon.colcon_core.package_identification:_identify(src/pool) by extensions ['ros']
[0.165s] Level 1:colcon.colcon_core.package_identification:_identify(src/pool) by extension 'ros'
[0.165s] Level 1:colcon.colcon_core.package_identification:_identify(src/pool) by extensions ['cmake', 'python']
[0.165s] Level 1:colcon.colcon_core.package_identification:_identify(src/pool) by extension 'cmake'
[0.165s] Level 1:colcon.colcon_core.package_identification:_identify(src/pool) by extension 'python'
[0.165s] Level 1:colcon.colcon_core.package_identification:_identify(src/pool) by extensions ['python_setup_py']
[0.165s] Level 1:colcon.colcon_core.package_identification:_identify(src/pool) by extension 'python_setup_py'
[0.165s] Level 1:colcon.colcon_core.package_identification:_identify(src/pool/center) by extensions ['ignore', 'ignore_ament_install']
[0.165s] Level 1:colcon.colcon_core.package_identification:_identify(src/pool/center) by extension 'ignore'
[0.165s] Level 1:colcon.colcon_core.package_identification:_identify(src/pool/center) by extension 'ignore_ament_install'
[0.165s] Level 1:colcon.colcon_core.package_identification:_identify(src/pool/center) by extensions ['colcon_pkg']
[0.165s] Level 1:colcon.colcon_core.package_identification:_identify(src/pool/center) by extension 'colcon_pkg'
[0.165s] Level 1:colcon.colcon_core.package_identification:_identify(src/pool/center) by extensions ['colcon_meta']
[0.165s] Level 1:colcon.colcon_core.package_identification:_identify(src/pool/center) by extension 'colcon_meta'
[0.165s] Level 1:colcon.colcon_core.package_identification:_identify(src/pool/center) by extensions ['ros']
[0.165s] Level 1:colcon.colcon_core.package_identification:_identify(src/pool/center) by extension 'ros'
[0.166s] DEBUG:colcon.colcon_core.package_identification:Package 'src/pool/center' with type 'ros.ament_python' and name 'center'
[0.166s] Level 1:colcon.colcon_core.package_identification:_identify(src/pool/detect) by extensions ['ignore', 'ignore_ament_install']
[0.166s] Level 1:colcon.colcon_core.package_identification:_identify(src/pool/detect) by extension 'ignore'
[0.166s] Level 1:colcon.colcon_core.package_identification:_identify(src/pool/detect) by extension 'ignore_ament_install'
[0.166s] Level 1:colcon.colcon_core.package_identification:_identify(src/pool/detect) by extensions ['colcon_pkg']
[0.166s] Level 1:colcon.colcon_core.package_identification:_identify(src/pool/detect) by extension 'colcon_pkg'
[0.166s] Level 1:colcon.colcon_core.package_identification:_identify(src/pool/detect) by extensions ['colcon_meta']
[0.166s] Level 1:colcon.colcon_core.package_identification:_identify(src/pool/detect) by extension 'colcon_meta'
[0.166s] Level 1:colcon.colcon_core.package_identification:_identify(src/pool/detect) by extensions ['ros']
[0.166s] Level 1:colcon.colcon_core.package_identification:_identify(src/pool/detect) by extension 'ros'
[0.166s] Level 1:colcon.colcon_core.package_identification:_identify(src/pool/detect) by extensions ['cmake', 'python']
[0.166s] Level 1:colcon.colcon_core.package_identification:_identify(src/pool/detect) by extension 'cmake'
[0.166s] Level 1:colcon.colcon_core.package_identification:_identify(src/pool/detect) by extension 'python'
[0.166s] Level 1:colcon.colcon_core.package_identification:_identify(src/pool/detect) by extensions ['python_setup_py']
[0.166s] Level 1:colcon.colcon_core.package_identification:_identify(src/pool/detect) by extension 'python_setup_py'
[0.166s] Level 1:colcon.colcon_core.package_identification:_identify(src/pool/detect/detect_interface) by extensions ['ignore', 'ignore_ament_install']
[0.166s] Level 1:colcon.colcon_core.package_identification:_identify(src/pool/detect/detect_interface) by extension 'ignore'
[0.166s] Level 1:colcon.colcon_core.package_identification:_identify(src/pool/detect/detect_interface) by extension 'ignore_ament_install'
[0.167s] Level 1:colcon.colcon_core.package_identification:_identify(src/pool/detect/detect_interface) by extensions ['colcon_pkg']
[0.167s] Level 1:colcon.colcon_core.package_identification:_identify(src/pool/detect/detect_interface) by extension 'colcon_pkg'
[0.167s] Level 1:colcon.colcon_core.package_identification:_identify(src/pool/detect/detect_interface) by extensions ['colcon_meta']
[0.167s] Level 1:colcon.colcon_core.package_identification:_identify(src/pool/detect/detect_interface) by extension 'colcon_meta'
[0.167s] Level 1:colcon.colcon_core.package_identification:_identify(src/pool/detect/detect_interface) by extensions ['ros']
[0.167s] Level 1:colcon.colcon_core.package_identification:_identify(src/pool/detect/detect_interface) by extension 'ros'
[0.167s] DEBUG:colcon.colcon_core.package_identification:Package 'src/pool/detect/detect_interface' with type 'ros.ament_cmake' and name 'detect_interface'
[0.167s] Level 1:colcon.colcon_core.package_identification:_identify(src/pool/detect/yolov7_obj_detect) by extensions ['ignore', 'ignore_ament_install']
[0.167s] Level 1:colcon.colcon_core.package_identification:_identify(src/pool/detect/yolov7_obj_detect) by extension 'ignore'
[0.167s] Level 1:colcon.colcon_core.package_identification:_identify(src/pool/detect/yolov7_obj_detect) by extension 'ignore_ament_install'
[0.167s] Level 1:colcon.colcon_core.package_identification:_identify(src/pool/detect/yolov7_obj_detect) by extensions ['colcon_pkg']
[0.167s] Level 1:colcon.colcon_core.package_identification:_identify(src/pool/detect/yolov7_obj_detect) by extension 'colcon_pkg'
[0.167s] Level 1:colcon.colcon_core.package_identification:_identify(src/pool/detect/yolov7_obj_detect) by extensions ['colcon_meta']
[0.167s] Level 1:colcon.colcon_core.package_identification:_identify(src/pool/detect/yolov7_obj_detect) by extension 'colcon_meta'
[0.167s] Level 1:colcon.colcon_core.package_identification:_identify(src/pool/detect/yolov7_obj_detect) by extensions ['ros']
[0.167s] Level 1:colcon.colcon_core.package_identification:_identify(src/pool/detect/yolov7_obj_detect) by extension 'ros'
[0.168s] DEBUG:colcon.colcon_core.package_identification:Package 'src/pool/detect/yolov7_obj_detect' with type 'ros.ament_python' and name 'yolov7_obj_detect'
[0.168s] Level 1:colcon.colcon_core.package_identification:_identify(src/pool/docker) by extensions ['ignore', 'ignore_ament_install']
[0.168s] Level 1:colcon.colcon_core.package_identification:_identify(src/pool/docker) by extension 'ignore'
[0.168s] Level 1:colcon.colcon_core.package_identification:_identify(src/pool/docker) by extension 'ignore_ament_install'
[0.168s] Level 1:colcon.colcon_core.package_identification:_identify(src/pool/docker) by extensions ['colcon_pkg']
[0.168s] Level 1:colcon.colcon_core.package_identification:_identify(src/pool/docker) by extension 'colcon_pkg'
[0.168s] Level 1:colcon.colcon_core.package_identification:_identify(src/pool/docker) by extensions ['colcon_meta']
[0.168s] Level 1:colcon.colcon_core.package_identification:_identify(src/pool/docker) by extension 'colcon_meta'
[0.168s] Level 1:colcon.colcon_core.package_identification:_identify(src/pool/docker) by extensions ['ros']
[0.168s] Level 1:colcon.colcon_core.package_identification:_identify(src/pool/docker) by extension 'ros'
[0.168s] Level 1:colcon.colcon_core.package_identification:_identify(src/pool/docker) by extensions ['cmake', 'python']
[0.168s] Level 1:colcon.colcon_core.package_identification:_identify(src/pool/docker) by extension 'cmake'
[0.168s] Level 1:colcon.colcon_core.package_identification:_identify(src/pool/docker) by extension 'python'
[0.168s] Level 1:colcon.colcon_core.package_identification:_identify(src/pool/docker) by extensions ['python_setup_py']
[0.168s] Level 1:colcon.colcon_core.package_identification:_identify(src/pool/docker) by extension 'python_setup_py'
[0.168s] Level 1:colcon.colcon_core.package_identification:_identify(src/pool/docker/compose) by extensions ['ignore', 'ignore_ament_install']
[0.168s] Level 1:colcon.colcon_core.package_identification:_identify(src/pool/docker/compose) by extension 'ignore'
[0.168s] Level 1:colcon.colcon_core.package_identification:_identify(src/pool/docker/compose) by extension 'ignore_ament_install'
[0.169s] Level 1:colcon.colcon_core.package_identification:_identify(src/pool/docker/compose) by extensions ['colcon_pkg']
[0.169s] Level 1:colcon.colcon_core.package_identification:_identify(src/pool/docker/compose) by extension 'colcon_pkg'
[0.169s] Level 1:colcon.colcon_core.package_identification:_identify(src/pool/docker/compose) by extensions ['colcon_meta']
[0.169s] Level 1:colcon.colcon_core.package_identification:_identify(src/pool/docker/compose) by extension 'colcon_meta'
[0.169s] Level 1:colcon.colcon_core.package_identification:_identify(src/pool/docker/compose) by extensions ['ros']
[0.169s] Level 1:colcon.colcon_core.package_identification:_identify(src/pool/docker/compose) by extension 'ros'
[0.169s] Level 1:colcon.colcon_core.package_identification:_identify(src/pool/docker/compose) by extensions ['cmake', 'python']
[0.169s] Level 1:colcon.colcon_core.package_identification:_identify(src/pool/docker/compose) by extension 'cmake'
[0.169s] Level 1:colcon.colcon_core.package_identification:_identify(src/pool/docker/compose) by extension 'python'
[0.169s] Level 1:colcon.colcon_core.package_identification:_identify(src/pool/docker/compose) by extensions ['python_setup_py']
[0.169s] Level 1:colcon.colcon_core.package_identification:_identify(src/pool/docker/compose) by extension 'python_setup_py'
[0.169s] Level 1:colcon.colcon_core.package_identification:_identify(src/pool/docker/compose/config) by extensions ['ignore', 'ignore_ament_install']
[0.169s] Level 1:colcon.colcon_core.package_identification:_identify(src/pool/docker/compose/config) by extension 'ignore'
[0.169s] Level 1:colcon.colcon_core.package_identification:_identify(src/pool/docker/compose/config) by extension 'ignore_ament_install'
[0.169s] Level 1:colcon.colcon_core.package_identification:_identify(src/pool/docker/compose/config) by extensions ['colcon_pkg']
[0.169s] Level 1:colcon.colcon_core.package_identification:_identify(src/pool/docker/compose/config) by extension 'colcon_pkg'
[0.169s] Level 1:colcon.colcon_core.package_identification:_identify(src/pool/docker/compose/config) by extensions ['colcon_meta']
[0.169s] Level 1:colcon.colcon_core.package_identification:_identify(src/pool/docker/compose/config) by extension 'colcon_meta'
[0.169s] Level 1:colcon.colcon_core.package_identification:_identify(src/pool/docker/compose/config) by extensions ['ros']
[0.169s] Level 1:colcon.colcon_core.package_identification:_identify(src/pool/docker/compose/config) by extension 'ros'
[0.169s] Level 1:colcon.colcon_core.package_identification:_identify(src/pool/docker/compose/config) by extensions ['cmake', 'python']
[0.169s] Level 1:colcon.colcon_core.package_identification:_identify(src/pool/docker/compose/config) by extension 'cmake'
[0.169s] Level 1:colcon.colcon_core.package_identification:_identify(src/pool/docker/compose/config) by extension 'python'
[0.169s] Level 1:colcon.colcon_core.package_identification:_identify(src/pool/docker/compose/config) by extensions ['python_setup_py']
[0.169s] Level 1:colcon.colcon_core.package_identification:_identify(src/pool/docker/compose/config) by extension 'python_setup_py'
[0.169s] Level 1:colcon.colcon_core.package_identification:_identify(src/pool/docker/compose/config/pip) by extensions ['ignore', 'ignore_ament_install']
[0.169s] Level 1:colcon.colcon_core.package_identification:_identify(src/pool/docker/compose/config/pip) by extension 'ignore'
[0.169s] Level 1:colcon.colcon_core.package_identification:_identify(src/pool/docker/compose/config/pip) by extension 'ignore_ament_install'
[0.169s] Level 1:colcon.colcon_core.package_identification:_identify(src/pool/docker/compose/config/pip) by extensions ['colcon_pkg']
[0.169s] Level 1:colcon.colcon_core.package_identification:_identify(src/pool/docker/compose/config/pip) by extension 'colcon_pkg'
[0.169s] Level 1:colcon.colcon_core.package_identification:_identify(src/pool/docker/compose/config/pip) by extensions ['colcon_meta']
[0.169s] Level 1:colcon.colcon_core.package_identification:_identify(src/pool/docker/compose/config/pip) by extension 'colcon_meta'
[0.170s] Level 1:colcon.colcon_core.package_identification:_identify(src/pool/docker/compose/config/pip) by extensions ['ros']
[0.170s] Level 1:colcon.colcon_core.package_identification:_identify(src/pool/docker/compose/config/pip) by extension 'ros'
[0.170s] Level 1:colcon.colcon_core.package_identification:_identify(src/pool/docker/compose/config/pip) by extensions ['cmake', 'python']
[0.170s] Level 1:colcon.colcon_core.package_identification:_identify(src/pool/docker/compose/config/pip) by extension 'cmake'
[0.170s] Level 1:colcon.colcon_core.package_identification:_identify(src/pool/docker/compose/config/pip) by extension 'python'
[0.170s] Level 1:colcon.colcon_core.package_identification:_identify(src/pool/docker/compose/config/pip) by extensions ['python_setup_py']
[0.170s] Level 1:colcon.colcon_core.package_identification:_identify(src/pool/docker/compose/config/pip) by extension 'python_setup_py'
[0.170s] Level 1:colcon.colcon_core.package_identification:_identify(src/pool/docker/compose/config/shell) by extensions ['ignore', 'ignore_ament_install']
[0.170s] Level 1:colcon.colcon_core.package_identification:_identify(src/pool/docker/compose/config/shell) by extension 'ignore'
[0.170s] Level 1:colcon.colcon_core.package_identification:_identify(src/pool/docker/compose/config/shell) by extension 'ignore_ament_install'
[0.170s] Level 1:colcon.colcon_core.package_identification:_identify(src/pool/docker/compose/config/shell) by extensions ['colcon_pkg']
[0.170s] Level 1:colcon.colcon_core.package_identification:_identify(src/pool/docker/compose/config/shell) by extension 'colcon_pkg'
[0.170s] Level 1:colcon.colcon_core.package_identification:_identify(src/pool/docker/compose/config/shell) by extensions ['colcon_meta']
[0.170s] Level 1:colcon.colcon_core.package_identification:_identify(src/pool/docker/compose/config/shell) by extension 'colcon_meta'
[0.170s] Level 1:colcon.colcon_core.package_identification:_identify(src/pool/docker/compose/config/shell) by extensions ['ros']
[0.170s] Level 1:colcon.colcon_core.package_identification:_identify(src/pool/docker/compose/config/shell) by extension 'ros'
[0.170s] Level 1:colcon.colcon_core.package_identification:_identify(src/pool/docker/compose/config/shell) by extensions ['cmake', 'python']
[0.170s] Level 1:colcon.colcon_core.package_identification:_identify(src/pool/docker/compose/config/shell) by extension 'cmake'
[0.170s] Level 1:colcon.colcon_core.package_identification:_identify(src/pool/docker/compose/config/shell) by extension 'python'
[0.170s] Level 1:colcon.colcon_core.package_identification:_identify(src/pool/docker/compose/config/shell) by extensions ['python_setup_py']
[0.170s] Level 1:colcon.colcon_core.package_identification:_identify(src/pool/docker/compose/config/shell) by extension 'python_setup_py'
[0.170s] Level 1:colcon.colcon_core.package_identification:_identify(src/pool/docker/compose/config/shell/terminator) by extensions ['ignore', 'ignore_ament_install']
[0.170s] Level 1:colcon.colcon_core.package_identification:_identify(src/pool/docker/compose/config/shell/terminator) by extension 'ignore'
[0.170s] Level 1:colcon.colcon_core.package_identification:_identify(src/pool/docker/compose/config/shell/terminator) by extension 'ignore_ament_install'
[0.170s] Level 1:colcon.colcon_core.package_identification:_identify(src/pool/docker/compose/config/shell/terminator) by extensions ['colcon_pkg']
[0.170s] Level 1:colcon.colcon_core.package_identification:_identify(src/pool/docker/compose/config/shell/terminator) by extension 'colcon_pkg'
[0.170s] Level 1:colcon.colcon_core.package_identification:_identify(src/pool/docker/compose/config/shell/terminator) by extensions ['colcon_meta']
[0.170s] Level 1:colcon.colcon_core.package_identification:_identify(src/pool/docker/compose/config/shell/terminator) by extension 'colcon_meta'
[0.170s] Level 1:colcon.colcon_core.package_identification:_identify(src/pool/docker/compose/config/shell/terminator) by extensions ['ros']
[0.170s] Level 1:colcon.colcon_core.package_identification:_identify(src/pool/docker/compose/config/shell/terminator) by extension 'ros'
[0.170s] Level 1:colcon.colcon_core.package_identification:_identify(src/pool/docker/compose/config/shell/terminator) by extensions ['cmake', 'python']
[0.170s] Level 1:colcon.colcon_core.package_identification:_identify(src/pool/docker/compose/config/shell/terminator) by extension 'cmake'
[0.170s] Level 1:colcon.colcon_core.package_identification:_identify(src/pool/docker/compose/config/shell/terminator) by extension 'python'
[0.171s] Level 1:colcon.colcon_core.package_identification:_identify(src/pool/docker/compose/config/shell/terminator) by extensions ['python_setup_py']
[0.171s] Level 1:colcon.colcon_core.package_identification:_identify(src/pool/docker/compose/config/shell/terminator) by extension 'python_setup_py'
[0.171s] Level 1:colcon.colcon_core.package_identification:_identify(src/pool/docker/compose/config/shell/tmux) by extensions ['ignore', 'ignore_ament_install']
[0.171s] Level 1:colcon.colcon_core.package_identification:_identify(src/pool/docker/compose/config/shell/tmux) by extension 'ignore'
[0.171s] Level 1:colcon.colcon_core.package_identification:_identify(src/pool/docker/compose/config/shell/tmux) by extension 'ignore_ament_install'
[0.171s] Level 1:colcon.colcon_core.package_identification:_identify(src/pool/docker/compose/config/shell/tmux) by extensions ['colcon_pkg']
[0.171s] Level 1:colcon.colcon_core.package_identification:_identify(src/pool/docker/compose/config/shell/tmux) by extension 'colcon_pkg'
[0.171s] Level 1:colcon.colcon_core.package_identification:_identify(src/pool/docker/compose/config/shell/tmux) by extensions ['colcon_meta']
[0.171s] Level 1:colcon.colcon_core.package_identification:_identify(src/pool/docker/compose/config/shell/tmux) by extension 'colcon_meta'
[0.171s] Level 1:colcon.colcon_core.package_identification:_identify(src/pool/docker/compose/config/shell/tmux) by extensions ['ros']
[0.171s] Level 1:colcon.colcon_core.package_identification:_identify(src/pool/docker/compose/config/shell/tmux) by extension 'ros'
[0.171s] Level 1:colcon.colcon_core.package_identification:_identify(src/pool/docker/compose/config/shell/tmux) by extensions ['cmake', 'python']
[0.171s] Level 1:colcon.colcon_core.package_identification:_identify(src/pool/docker/compose/config/shell/tmux) by extension 'cmake'
[0.171s] Level 1:colcon.colcon_core.package_identification:_identify(src/pool/docker/compose/config/shell/tmux) by extension 'python'
[0.171s] Level 1:colcon.colcon_core.package_identification:_identify(src/pool/docker/compose/config/shell/tmux) by extensions ['python_setup_py']
[0.171s] Level 1:colcon.colcon_core.package_identification:_identify(src/pool/docker/compose/config/shell/tmux) by extension 'python_setup_py'
[0.171s] Level 1:colcon.colcon_core.package_identification:_identify(src/pool/docker/config) by extensions ['ignore', 'ignore_ament_install']
[0.171s] Level 1:colcon.colcon_core.package_identification:_identify(src/pool/docker/config) by extension 'ignore'
[0.171s] Level 1:colcon.colcon_core.package_identification:_identify(src/pool/docker/config) by extension 'ignore_ament_install'
[0.171s] Level 1:colcon.colcon_core.package_identification:_identify(src/pool/docker/config) by extensions ['colcon_pkg']
[0.171s] Level 1:colcon.colcon_core.package_identification:_identify(src/pool/docker/config) by extension 'colcon_pkg'
[0.171s] Level 1:colcon.colcon_core.package_identification:_identify(src/pool/docker/config) by extensions ['colcon_meta']
[0.171s] Level 1:colcon.colcon_core.package_identification:_identify(src/pool/docker/config) by extension 'colcon_meta'
[0.171s] Level 1:colcon.colcon_core.package_identification:_identify(src/pool/docker/config) by extensions ['ros']
[0.171s] Level 1:colcon.colcon_core.package_identification:_identify(src/pool/docker/config) by extension 'ros'
[0.171s] Level 1:colcon.colcon_core.package_identification:_identify(src/pool/docker/config) by extensions ['cmake', 'python']
[0.171s] Level 1:colcon.colcon_core.package_identification:_identify(src/pool/docker/config) by extension 'cmake'
[0.171s] Level 1:colcon.colcon_core.package_identification:_identify(src/pool/docker/config) by extension 'python'
[0.171s] Level 1:colcon.colcon_core.package_identification:_identify(src/pool/docker/config) by extensions ['python_setup_py']
[0.171s] Level 1:colcon.colcon_core.package_identification:_identify(src/pool/docker/config) by extension 'python_setup_py'
[0.171s] Level 1:colcon.colcon_core.package_identification:_identify(src/pool/docker/config/pip) by extensions ['ignore', 'ignore_ament_install']
[0.171s] Level 1:colcon.colcon_core.package_identification:_identify(src/pool/docker/config/pip) by extension 'ignore'
[0.172s] Level 1:colcon.colcon_core.package_identification:_identify(src/pool/docker/config/pip) by extension 'ignore_ament_install'
[0.172s] Level 1:colcon.colcon_core.package_identification:_identify(src/pool/docker/config/pip) by extensions ['colcon_pkg']
[0.172s] Level 1:colcon.colcon_core.package_identification:_identify(src/pool/docker/config/pip) by extension 'colcon_pkg'
[0.172s] Level 1:colcon.colcon_core.package_identification:_identify(src/pool/docker/config/pip) by extensions ['colcon_meta']
[0.172s] Level 1:colcon.colcon_core.package_identification:_identify(src/pool/docker/config/pip) by extension 'colcon_meta'
[0.172s] Level 1:colcon.colcon_core.package_identification:_identify(src/pool/docker/config/pip) by extensions ['ros']
[0.172s] Level 1:colcon.colcon_core.package_identification:_identify(src/pool/docker/config/pip) by extension 'ros'
[0.172s] Level 1:colcon.colcon_core.package_identification:_identify(src/pool/docker/config/pip) by extensions ['cmake', 'python']
[0.172s] Level 1:colcon.colcon_core.package_identification:_identify(src/pool/docker/config/pip) by extension 'cmake'
[0.172s] Level 1:colcon.colcon_core.package_identification:_identify(src/pool/docker/config/pip) by extension 'python'
[0.172s] Level 1:colcon.colcon_core.package_identification:_identify(src/pool/docker/config/pip) by extensions ['python_setup_py']
[0.172s] Level 1:colcon.colcon_core.package_identification:_identify(src/pool/docker/config/pip) by extension 'python_setup_py'
[0.172s] Level 1:colcon.colcon_core.package_identification:_identify(src/pool/docker/config/shell) by extensions ['ignore', 'ignore_ament_install']
[0.172s] Level 1:colcon.colcon_core.package_identification:_identify(src/pool/docker/config/shell) by extension 'ignore'
[0.172s] Level 1:colcon.colcon_core.package_identification:_identify(src/pool/docker/config/shell) by extension 'ignore_ament_install'
[0.172s] Level 1:colcon.colcon_core.package_identification:_identify(src/pool/docker/config/shell) by extensions ['colcon_pkg']
[0.172s] Level 1:colcon.colcon_core.package_identification:_identify(src/pool/docker/config/shell) by extension 'colcon_pkg'
[0.172s] Level 1:colcon.colcon_core.package_identification:_identify(src/pool/docker/config/shell) by extensions ['colcon_meta']
[0.172s] Level 1:colcon.colcon_core.package_identification:_identify(src/pool/docker/config/shell) by extension 'colcon_meta'
[0.172s] Level 1:colcon.colcon_core.package_identification:_identify(src/pool/docker/config/shell) by extensions ['ros']
[0.172s] Level 1:colcon.colcon_core.package_identification:_identify(src/pool/docker/config/shell) by extension 'ros'
[0.172s] Level 1:colcon.colcon_core.package_identification:_identify(src/pool/docker/config/shell) by extensions ['cmake', 'python']
[0.172s] Level 1:colcon.colcon_core.package_identification:_identify(src/pool/docker/config/shell) by extension 'cmake'
[0.172s] Level 1:colcon.colcon_core.package_identification:_identify(src/pool/docker/config/shell) by extension 'python'
[0.172s] Level 1:colcon.colcon_core.package_identification:_identify(src/pool/docker/config/shell) by extensions ['python_setup_py']
[0.172s] Level 1:colcon.colcon_core.package_identification:_identify(src/pool/docker/config/shell) by extension 'python_setup_py'
[0.172s] Level 1:colcon.colcon_core.package_identification:_identify(src/pool/docker/config/shell/terminator) by extensions ['ignore', 'ignore_ament_install']
[0.172s] Level 1:colcon.colcon_core.package_identification:_identify(src/pool/docker/config/shell/terminator) by extension 'ignore'
[0.172s] Level 1:colcon.colcon_core.package_identification:_identify(src/pool/docker/config/shell/terminator) by extension 'ignore_ament_install'
[0.172s] Level 1:colcon.colcon_core.package_identification:_identify(src/pool/docker/config/shell/terminator) by extensions ['colcon_pkg']
[0.172s] Level 1:colcon.colcon_core.package_identification:_identify(src/pool/docker/config/shell/terminator) by extension 'colcon_pkg'
[0.172s] Level 1:colcon.colcon_core.package_identification:_identify(src/pool/docker/config/shell/terminator) by extensions ['colcon_meta']
[0.172s] Level 1:colcon.colcon_core.package_identification:_identify(src/pool/docker/config/shell/terminator) by extension 'colcon_meta'
[0.173s] Level 1:colcon.colcon_core.package_identification:_identify(src/pool/docker/config/shell/terminator) by extensions ['ros']
[0.173s] Level 1:colcon.colcon_core.package_identification:_identify(src/pool/docker/config/shell/terminator) by extension 'ros'
[0.173s] Level 1:colcon.colcon_core.package_identification:_identify(src/pool/docker/config/shell/terminator) by extensions ['cmake', 'python']
[0.173s] Level 1:colcon.colcon_core.package_identification:_identify(src/pool/docker/config/shell/terminator) by extension 'cmake'
[0.173s] Level 1:colcon.colcon_core.package_identification:_identify(src/pool/docker/config/shell/terminator) by extension 'python'
[0.173s] Level 1:colcon.colcon_core.package_identification:_identify(src/pool/docker/config/shell/terminator) by extensions ['python_setup_py']
[0.173s] Level 1:colcon.colcon_core.package_identification:_identify(src/pool/docker/config/shell/terminator) by extension 'python_setup_py'
[0.173s] Level 1:colcon.colcon_core.package_identification:_identify(src/pool/docker/config/shell/tmux) by extensions ['ignore', 'ignore_ament_install']
[0.173s] Level 1:colcon.colcon_core.package_identification:_identify(src/pool/docker/config/shell/tmux) by extension 'ignore'
[0.173s] Level 1:colcon.colcon_core.package_identification:_identify(src/pool/docker/config/shell/tmux) by extension 'ignore_ament_install'
[0.173s] Level 1:colcon.colcon_core.package_identification:_identify(src/pool/docker/config/shell/tmux) by extensions ['colcon_pkg']
[0.173s] Level 1:colcon.colcon_core.package_identification:_identify(src/pool/docker/config/shell/tmux) by extension 'colcon_pkg'
[0.173s] Level 1:colcon.colcon_core.package_identification:_identify(src/pool/docker/config/shell/tmux) by extensions ['colcon_meta']
[0.173s] Level 1:colcon.colcon_core.package_identification:_identify(src/pool/docker/config/shell/tmux) by extension 'colcon_meta'
[0.173s] Level 1:colcon.colcon_core.package_identification:_identify(src/pool/docker/config/shell/tmux) by extensions ['ros']
[0.173s] Level 1:colcon.colcon_core.package_identification:_identify(src/pool/docker/config/shell/tmux) by extension 'ros'
[0.173s] Level 1:colcon.colcon_core.package_identification:_identify(src/pool/docker/config/shell/tmux) by extensions ['cmake', 'python']
[0.173s] Level 1:colcon.colcon_core.package_identification:_identify(src/pool/docker/config/shell/tmux) by extension 'cmake'
[0.173s] Level 1:colcon.colcon_core.package_identification:_identify(src/pool/docker/config/shell/tmux) by extension 'python'
[0.173s] Level 1:colcon.colcon_core.package_identification:_identify(src/pool/docker/config/shell/tmux) by extensions ['python_setup_py']
[0.173s] Level 1:colcon.colcon_core.package_identification:_identify(src/pool/docker/config/shell/tmux) by extension 'python_setup_py'
[0.173s] Level 1:colcon.colcon_core.package_identification:_identify(src/pool/realsense-ros) by extensions ['ignore', 'ignore_ament_install']
[0.173s] Level 1:colcon.colcon_core.package_identification:_identify(src/pool/realsense-ros) by extension 'ignore'
[0.173s] Level 1:colcon.colcon_core.package_identification:_identify(src/pool/realsense-ros) by extension 'ignore_ament_install'
[0.173s] Level 1:colcon.colcon_core.package_identification:_identify(src/pool/realsense-ros) by extensions ['colcon_pkg']
[0.173s] Level 1:colcon.colcon_core.package_identification:_identify(src/pool/realsense-ros) by extension 'colcon_pkg'
[0.173s] Level 1:colcon.colcon_core.package_identification:_identify(src/pool/realsense-ros) by extensions ['colcon_meta']
[0.173s] Level 1:colcon.colcon_core.package_identification:_identify(src/pool/realsense-ros) by extension 'colcon_meta'
[0.173s] Level 1:colcon.colcon_core.package_identification:_identify(src/pool/realsense-ros) by extensions ['ros']
[0.173s] Level 1:colcon.colcon_core.package_identification:_identify(src/pool/realsense-ros) by extension 'ros'
[0.173s] Level 1:colcon.colcon_core.package_identification:_identify(src/pool/realsense-ros) by extensions ['cmake', 'python']
[0.173s] Level 1:colcon.colcon_core.package_identification:_identify(src/pool/realsense-ros) by extension 'cmake'
[0.173s] Level 1:colcon.colcon_core.package_identification:_identify(src/pool/realsense-ros) by extension 'python'
[0.173s] Level 1:colcon.colcon_core.package_identification:_identify(src/pool/realsense-ros) by extensions ['python_setup_py']
[0.174s] Level 1:colcon.colcon_core.package_identification:_identify(src/pool/realsense-ros) by extension 'python_setup_py'
[0.174s] Level 1:colcon.colcon_core.package_identification:_identify(src/pool/realsense-ros/realsense2_camera) by extensions ['ignore', 'ignore_ament_install']
[0.174s] Level 1:colcon.colcon_core.package_identification:_identify(src/pool/realsense-ros/realsense2_camera) by extension 'ignore'
[0.174s] Level 1:colcon.colcon_core.package_identification:_identify(src/pool/realsense-ros/realsense2_camera) by extension 'ignore_ament_install'
[0.174s] Level 1:colcon.colcon_core.package_identification:_identify(src/pool/realsense-ros/realsense2_camera) by extensions ['colcon_pkg']
[0.174s] Level 1:colcon.colcon_core.package_identification:_identify(src/pool/realsense-ros/realsense2_camera) by extension 'colcon_pkg'
[0.174s] Level 1:colcon.colcon_core.package_identification:_identify(src/pool/realsense-ros/realsense2_camera) by extensions ['colcon_meta']
[0.174s] Level 1:colcon.colcon_core.package_identification:_identify(src/pool/realsense-ros/realsense2_camera) by extension 'colcon_meta'
[0.174s] Level 1:colcon.colcon_core.package_identification:_identify(src/pool/realsense-ros/realsense2_camera) by extensions ['ros']
[0.174s] Level 1:colcon.colcon_core.package_identification:_identify(src/pool/realsense-ros/realsense2_camera) by extension 'ros'
[0.179s] DEBUG:colcon.colcon_core.package_identification:Package 'src/pool/realsense-ros/realsense2_camera' with type 'ros.ament_cmake' and name 'realsense2_camera'
[0.179s] Level 1:colcon.colcon_core.package_identification:_identify(src/pool/realsense-ros/realsense2_camera_msgs) by extensions ['ignore', 'ignore_ament_install']
[0.179s] Level 1:colcon.colcon_core.package_identification:_identify(src/pool/realsense-ros/realsense2_camera_msgs) by extension 'ignore'
[0.179s] Level 1:colcon.colcon_core.package_identification:_identify(src/pool/realsense-ros/realsense2_camera_msgs) by extension 'ignore_ament_install'
[0.179s] Level 1:colcon.colcon_core.package_identification:_identify(src/pool/realsense-ros/realsense2_camera_msgs) by extensions ['colcon_pkg']
[0.179s] Level 1:colcon.colcon_core.package_identification:_identify(src/pool/realsense-ros/realsense2_camera_msgs) by extension 'colcon_pkg'
[0.179s] Level 1:colcon.colcon_core.package_identification:_identify(src/pool/realsense-ros/realsense2_camera_msgs) by extensions ['colcon_meta']
[0.179s] Level 1:colcon.colcon_core.package_identification:_identify(src/pool/realsense-ros/realsense2_camera_msgs) by extension 'colcon_meta'
[0.179s] Level 1:colcon.colcon_core.package_identification:_identify(src/pool/realsense-ros/realsense2_camera_msgs) by extensions ['ros']
[0.179s] Level 1:colcon.colcon_core.package_identification:_identify(src/pool/realsense-ros/realsense2_camera_msgs) by extension 'ros'
[0.180s] DEBUG:colcon.colcon_core.package_identification:Package 'src/pool/realsense-ros/realsense2_camera_msgs' with type 'ros.ament_cmake' and name 'realsense2_camera_msgs'
[0.180s] Level 1:colcon.colcon_core.package_identification:_identify(src/pool/realsense-ros/realsense2_description) by extensions ['ignore', 'ignore_ament_install']
[0.180s] Level 1:colcon.colcon_core.package_identification:_identify(src/pool/realsense-ros/realsense2_description) by extension 'ignore'
[0.180s] Level 1:colcon.colcon_core.package_identification:_identify(src/pool/realsense-ros/realsense2_description) by extension 'ignore_ament_install'
[0.180s] Level 1:colcon.colcon_core.package_identification:_identify(src/pool/realsense-ros/realsense2_description) by extensions ['colcon_pkg']
[0.180s] Level 1:colcon.colcon_core.package_identification:_identify(src/pool/realsense-ros/realsense2_description) by extension 'colcon_pkg'
[0.180s] Level 1:colcon.colcon_core.package_identification:_identify(src/pool/realsense-ros/realsense2_description) by extensions ['colcon_meta']
[0.180s] Level 1:colcon.colcon_core.package_identification:_identify(src/pool/realsense-ros/realsense2_description) by extension 'colcon_meta'
[0.180s] Level 1:colcon.colcon_core.package_identification:_identify(src/pool/realsense-ros/realsense2_description) by extensions ['ros']
[0.180s] Level 1:colcon.colcon_core.package_identification:_identify(src/pool/realsense-ros/realsense2_description) by extension 'ros'
[0.181s] DEBUG:colcon.colcon_core.package_identification:Package 'src/pool/realsense-ros/realsense2_description' with type 'ros.ament_cmake' and name 'realsense2_description'
[0.181s] Level 1:colcon.colcon_core.package_identification:_identify(src/pool/realsense-ros/scripts) by extensions ['ignore', 'ignore_ament_install']
[0.181s] Level 1:colcon.colcon_core.package_identification:_identify(src/pool/realsense-ros/scripts) by extension 'ignore'
[0.181s] Level 1:colcon.colcon_core.package_identification:_identify(src/pool/realsense-ros/scripts) by extension 'ignore_ament_install'
[0.181s] Level 1:colcon.colcon_core.package_identification:_identify(src/pool/realsense-ros/scripts) by extensions ['colcon_pkg']
[0.181s] Level 1:colcon.colcon_core.package_identification:_identify(src/pool/realsense-ros/scripts) by extension 'colcon_pkg'
[0.181s] Level 1:colcon.colcon_core.package_identification:_identify(src/pool/realsense-ros/scripts) by extensions ['colcon_meta']
[0.181s] Level 1:colcon.colcon_core.package_identification:_identify(src/pool/realsense-ros/scripts) by extension 'colcon_meta'
[0.181s] Level 1:colcon.colcon_core.package_identification:_identify(src/pool/realsense-ros/scripts) by extensions ['ros']
[0.181s] Level 1:colcon.colcon_core.package_identification:_identify(src/pool/realsense-ros/scripts) by extension 'ros'
[0.181s] Level 1:colcon.colcon_core.package_identification:_identify(src/pool/realsense-ros/scripts) by extensions ['cmake', 'python']
[0.181s] Level 1:colcon.colcon_core.package_identification:_identify(src/pool/realsense-ros/scripts) by extension 'cmake'
[0.181s] Level 1:colcon.colcon_core.package_identification:_identify(src/pool/realsense-ros/scripts) by extension 'python'
[0.181s] Level 1:colcon.colcon_core.package_identification:_identify(src/pool/realsense-ros/scripts) by extensions ['python_setup_py']
[0.181s] Level 1:colcon.colcon_core.package_identification:_identify(src/pool/realsense-ros/scripts) by extension 'python_setup_py'
[0.181s] Level 1:colcon.colcon_core.package_identification:_identify(src/pool/view) by extensions ['ignore', 'ignore_ament_install']
[0.182s] Level 1:colcon.colcon_core.package_identification:_identify(src/pool/view) by extension 'ignore'
[0.182s] Level 1:colcon.colcon_core.package_identification:_identify(src/pool/view) by extension 'ignore_ament_install'
[0.182s] Level 1:colcon.colcon_core.package_identification:_identify(src/pool/view) by extensions ['colcon_pkg']
[0.182s] Level 1:colcon.colcon_core.package_identification:_identify(src/pool/view) by extension 'colcon_pkg'
[0.182s] Level 1:colcon.colcon_core.package_identification:_identify(src/pool/view) by extensions ['colcon_meta']
[0.182s] Level 1:colcon.colcon_core.package_identification:_identify(src/pool/view) by extension 'colcon_meta'
[0.182s] Level 1:colcon.colcon_core.package_identification:_identify(src/pool/view) by extensions ['ros']
[0.182s] Level 1:colcon.colcon_core.package_identification:_identify(src/pool/view) by extension 'ros'
[0.182s] Level 1:colcon.colcon_core.package_identification:_identify(src/pool/view) by extensions ['cmake', 'python']
[0.182s] Level 1:colcon.colcon_core.package_identification:_identify(src/pool/view) by extension 'cmake'
[0.182s] Level 1:colcon.colcon_core.package_identification:_identify(src/pool/view) by extension 'python'
[0.182s] Level 1:colcon.colcon_core.package_identification:_identify(src/pool/view) by extensions ['python_setup_py']
[0.182s] Level 1:colcon.colcon_core.package_identification:_identify(src/pool/view) by extension 'python_setup_py'
[0.182s] Level 1:colcon.colcon_core.package_discovery:discover_packages(recursive) using defaults
[0.182s] Level 1:colcon.colcon_core.package_discovery:discover_packages(ignore) discover
[0.182s] Level 1:colcon.colcon_core.package_discovery:discover_packages(ignore) using defaults
[0.182s] Level 1:colcon.colcon_core.package_discovery:discover_packages(path) discover
[0.182s] Level 1:colcon.colcon_core.package_discovery:discover_packages(path) using defaults
[0.201s] Level 1:colcon.colcon_core.package_discovery:discover_packages(prefix_path) check parameters
[0.201s] Level 1:colcon.colcon_core.package_discovery:discover_packages(prefix_path) discover
[0.203s] DEBUG:colcon.colcon_installed_package_information.package_discovery:Found 11 installed packages in /home/jack/work/install
[0.204s] DEBUG:colcon.colcon_installed_package_information.package_discovery:Found 279 installed packages in /opt/ros/humble
[0.205s] Level 1:colcon.colcon_core.package_discovery:discover_packages(prefix_path) using defaults
[0.233s] Level 5:colcon.colcon_core.verb:set package 'detect_interface' build argument 'cmake_args' from command line to 'None'
[0.233s] Level 5:colcon.colcon_core.verb:set package 'detect_interface' build argument 'cmake_target' from command line to 'None'
[0.233s] Level 5:colcon.colcon_core.verb:set package 'detect_interface' build argument 'cmake_target_skip_unavailable' from command line to 'False'
[0.233s] Level 5:colcon.colcon_core.verb:set package 'detect_interface' build argument 'cmake_clean_cache' from command line to 'False'
[0.233s] Level 5:colcon.colcon_core.verb:set package 'detect_interface' build argument 'cmake_clean_first' from command line to 'False'
[0.233s] Level 5:colcon.colcon_core.verb:set package 'detect_interface' build argument 'cmake_force_configure' from command line to 'False'
[0.234s] Level 5:colcon.colcon_core.verb:set package 'detect_interface' build argument 'ament_cmake_args' from command line to 'None'
[0.234s] Level 5:colcon.colcon_core.verb:set package 'detect_interface' build argument 'catkin_cmake_args' from command line to 'None'
[0.234s] Level 5:colcon.colcon_core.verb:set package 'detect_interface' build argument 'catkin_skip_building_tests' from command line to 'False'
[0.234s] DEBUG:colcon.colcon_core.verb:Building package 'detect_interface' with the following arguments: {'ament_cmake_args': None, 'build_base': '/home/jack/work/build/detect_interface', 'catkin_cmake_args': None, 'catkin_skip_building_tests': False, 'cmake_args': None, 'cmake_clean_cache': False, 'cmake_clean_first': False, 'cmake_force_configure': False, 'cmake_target': None, 'cmake_target_skip_unavailable': False, 'install_base': '/home/jack/work/install/detect_interface', 'merge_install': False, 'path': '/home/jack/work/src/pool/detect/detect_interface', 'symlink_install': False, 'test_result_base': None}
[0.234s] Level 5:colcon.colcon_core.verb:set package 'hiwin_example' build argument 'cmake_args' from command line to 'None'
[0.234s] Level 5:colcon.colcon_core.verb:set package 'hiwin_example' build argument 'cmake_target' from command line to 'None'
[0.234s] Level 5:colcon.colcon_core.verb:set package 'hiwin_example' build argument 'cmake_target_skip_unavailable' from command line to 'False'
[0.234s] Level 5:colcon.colcon_core.verb:set package 'hiwin_example' build argument 'cmake_clean_cache' from command line to 'False'
[0.234s] Level 5:colcon.colcon_core.verb:set package 'hiwin_example' build argument 'cmake_clean_first' from command line to 'False'
[0.234s] Level 5:colcon.colcon_core.verb:set package 'hiwin_example' build argument 'cmake_force_configure' from command line to 'False'
[0.234s] Level 5:colcon.colcon_core.verb:set package 'hiwin_example' build argument 'ament_cmake_args' from command line to 'None'
[0.234s] Level 5:colcon.colcon_core.verb:set package 'hiwin_example' build argument 'catkin_cmake_args' from command line to 'None'
[0.234s] Level 5:colcon.colcon_core.verb:set package 'hiwin_example' build argument 'catkin_skip_building_tests' from command line to 'False'
[0.234s] DEBUG:colcon.colcon_core.verb:Building package 'hiwin_example' with the following arguments: {'ament_cmake_args': None, 'build_base': '/home/jack/work/build/hiwin_example', 'catkin_cmake_args': None, 'catkin_skip_building_tests': False, 'cmake_args': None, 'cmake_clean_cache': False, 'cmake_clean_first': False, 'cmake_force_configure': False, 'cmake_target': None, 'cmake_target_skip_unavailable': False, 'install_base': '/home/jack/work/install/hiwin_example', 'merge_install': False, 'path': '/home/jack/work/src/Hiwin_libmodbus/hiwin_example', 'symlink_install': False, 'test_result_base': None}
[0.234s] Level 5:colcon.colcon_core.verb:set package 'hiwin_interfaces' build argument 'cmake_args' from command line to 'None'
[0.234s] Level 5:colcon.colcon_core.verb:set package 'hiwin_interfaces' build argument 'cmake_target' from command line to 'None'
[0.234s] Level 5:colcon.colcon_core.verb:set package 'hiwin_interfaces' build argument 'cmake_target_skip_unavailable' from command line to 'False'
[0.234s] Level 5:colcon.colcon_core.verb:set package 'hiwin_interfaces' build argument 'cmake_clean_cache' from command line to 'False'
[0.234s] Level 5:colcon.colcon_core.verb:set package 'hiwin_interfaces' build argument 'cmake_clean_first' from command line to 'False'
[0.234s] Level 5:colcon.colcon_core.verb:set package 'hiwin_interfaces' build argument 'cmake_force_configure' from command line to 'False'
[0.234s] Level 5:colcon.colcon_core.verb:set package 'hiwin_interfaces' build argument 'ament_cmake_args' from command line to 'None'
[0.234s] Level 5:colcon.colcon_core.verb:set package 'hiwin_interfaces' build argument 'catkin_cmake_args' from command line to 'None'
[0.234s] Level 5:colcon.colcon_core.verb:set package 'hiwin_interfaces' build argument 'catkin_skip_building_tests' from command line to 'False'
[0.234s] DEBUG:colcon.colcon_core.verb:Building package 'hiwin_interfaces' with the following arguments: {'ament_cmake_args': None, 'build_base': '/home/jack/work/build/hiwin_interfaces', 'catkin_cmake_args': None, 'catkin_skip_building_tests': False, 'cmake_args': None, 'cmake_clean_cache': False, 'cmake_clean_first': False, 'cmake_force_configure': False, 'cmake_target': None, 'cmake_target_skip_unavailable': False, 'install_base': '/home/jack/work/install/hiwin_interfaces', 'merge_install': False, 'path': '/home/jack/work/src/Hiwin_libmodbus/hiwin_interfaces', 'symlink_install': False, 'test_result_base': None}
[0.235s] Level 5:colcon.colcon_core.verb:set package 'realsense2_camera_msgs' build argument 'cmake_args' from command line to 'None'
[0.235s] Level 5:colcon.colcon_core.verb:set package 'realsense2_camera_msgs' build argument 'cmake_target' from command line to 'None'
[0.235s] Level 5:colcon.colcon_core.verb:set package 'realsense2_camera_msgs' build argument 'cmake_target_skip_unavailable' from command line to 'False'
[0.235s] Level 5:colcon.colcon_core.verb:set package 'realsense2_camera_msgs' build argument 'cmake_clean_cache' from command line to 'False'
[0.235s] Level 5:colcon.colcon_core.verb:set package 'realsense2_camera_msgs' build argument 'cmake_clean_first' from command line to 'False'
[0.235s] Level 5:colcon.colcon_core.verb:set package 'realsense2_camera_msgs' build argument 'cmake_force_configure' from command line to 'False'
[0.235s] Level 5:colcon.colcon_core.verb:set package 'realsense2_camera_msgs' build argument 'ament_cmake_args' from command line to 'None'
[0.235s] Level 5:colcon.colcon_core.verb:set package 'realsense2_camera_msgs' build argument 'catkin_cmake_args' from command line to 'None'
[0.235s] Level 5:colcon.colcon_core.verb:set package 'realsense2_camera_msgs' build argument 'catkin_skip_building_tests' from command line to 'False'
[0.235s] DEBUG:colcon.colcon_core.verb:Building package 'realsense2_camera_msgs' with the following arguments: {'ament_cmake_args': None, 'build_base': '/home/jack/work/build/realsense2_camera_msgs', 'catkin_cmake_args': None, 'catkin_skip_building_tests': False, 'cmake_args': None, 'cmake_clean_cache': False, 'cmake_clean_first': False, 'cmake_force_configure': False, 'cmake_target': None, 'cmake_target_skip_unavailable': False, 'install_base': '/home/jack/work/install/realsense2_camera_msgs', 'merge_install': False, 'path': '/home/jack/work/src/pool/realsense-ros/realsense2_camera_msgs', 'symlink_install': False, 'test_result_base': None}
[0.235s] Level 5:colcon.colcon_core.verb:set package 'center' build argument 'cmake_args' from command line to 'None'
[0.235s] Level 5:colcon.colcon_core.verb:set package 'center' build argument 'cmake_target' from command line to 'None'
[0.235s] Level 5:colcon.colcon_core.verb:set package 'center' build argument 'cmake_target_skip_unavailable' from command line to 'False'
[0.235s] Level 5:colcon.colcon_core.verb:set package 'center' build argument 'cmake_clean_cache' from command line to 'False'
[0.235s] Level 5:colcon.colcon_core.verb:set package 'center' build argument 'cmake_clean_first' from command line to 'False'
[0.235s] Level 5:colcon.colcon_core.verb:set package 'center' build argument 'cmake_force_configure' from command line to 'False'
[0.235s] Level 5:colcon.colcon_core.verb:set package 'center' build argument 'ament_cmake_args' from command line to 'None'
[0.235s] Level 5:colcon.colcon_core.verb:set package 'center' build argument 'catkin_cmake_args' from command line to 'None'
[0.235s] Level 5:colcon.colcon_core.verb:set package 'center' build argument 'catkin_skip_building_tests' from command line to 'False'
[0.235s] DEBUG:colcon.colcon_core.verb:Building package 'center' with the following arguments: {'ament_cmake_args': None, 'build_base': '/home/jack/work/build/center', 'catkin_cmake_args': None, 'catkin_skip_building_tests': False, 'cmake_args': None, 'cmake_clean_cache': False, 'cmake_clean_first': False, 'cmake_force_configure': False, 'cmake_target': None, 'cmake_target_skip_unavailable': False, 'install_base': '/home/jack/work/install/center', 'merge_install': False, 'path': '/home/jack/work/src/pool/center', 'symlink_install': False, 'test_result_base': None}
[0.235s] Level 5:colcon.colcon_core.verb:set package 'hiwin_control' build argument 'cmake_args' from command line to 'None'
[0.236s] Level 5:colcon.colcon_core.verb:set package 'hiwin_control' build argument 'cmake_target' from command line to 'None'
[0.236s] Level 5:colcon.colcon_core.verb:set package 'hiwin_control' build argument 'cmake_target_skip_unavailable' from command line to 'False'
[0.236s] Level 5:colcon.colcon_core.verb:set package 'hiwin_control' build argument 'cmake_clean_cache' from command line to 'False'
[0.236s] Level 5:colcon.colcon_core.verb:set package 'hiwin_control' build argument 'cmake_clean_first' from command line to 'False'
[0.236s] Level 5:colcon.colcon_core.verb:set package 'hiwin_control' build argument 'cmake_force_configure' from command line to 'False'
[0.236s] Level 5:colcon.colcon_core.verb:set package 'hiwin_control' build argument 'ament_cmake_args' from command line to 'None'
[0.236s] Level 5:colcon.colcon_core.verb:set package 'hiwin_control' build argument 'catkin_cmake_args' from command line to 'None'
[0.236s] Level 5:colcon.colcon_core.verb:set package 'hiwin_control' build argument 'catkin_skip_building_tests' from command line to 'False'
[0.236s] DEBUG:colcon.colcon_core.verb:Building package 'hiwin_control' with the following arguments: {'ament_cmake_args': None, 'build_base': '/home/jack/work/build/hiwin_control', 'catkin_cmake_args': None, 'catkin_skip_building_tests': False, 'cmake_args': None, 'cmake_clean_cache': False, 'cmake_clean_first': False, 'cmake_force_configure': False, 'cmake_target': None, 'cmake_target_skip_unavailable': False, 'install_base': '/home/jack/work/install/hiwin_control', 'merge_install': False, 'path': '/home/jack/work/src/hiwin_control', 'symlink_install': False, 'test_result_base': None}
[0.236s] Level 5:colcon.colcon_core.verb:set package 'hiwin_libmodbus' build argument 'cmake_args' from command line to 'None'
[0.236s] Level 5:colcon.colcon_core.verb:set package 'hiwin_libmodbus' build argument 'cmake_target' from command line to 'None'
[0.236s] Level 5:colcon.colcon_core.verb:set package 'hiwin_libmodbus' build argument 'cmake_target_skip_unavailable' from command line to 'False'
[0.236s] Level 5:colcon.colcon_core.verb:set package 'hiwin_libmodbus' build argument 'cmake_clean_cache' from command line to 'False'
[0.236s] Level 5:colcon.colcon_core.verb:set package 'hiwin_libmodbus' build argument 'cmake_clean_first' from command line to 'False'
[0.236s] Level 5:colcon.colcon_core.verb:set package 'hiwin_libmodbus' build argument 'cmake_force_configure' from command line to 'False'
[0.236s] Level 5:colcon.colcon_core.verb:set package 'hiwin_libmodbus' build argument 'ament_cmake_args' from command line to 'None'
[0.236s] Level 5:colcon.colcon_core.verb:set package 'hiwin_libmodbus' build argument 'catkin_cmake_args' from command line to 'None'
[0.236s] Level 5:colcon.colcon_core.verb:set package 'hiwin_libmodbus' build argument 'catkin_skip_building_tests' from command line to 'False'
[0.236s] DEBUG:colcon.colcon_core.verb:Building package 'hiwin_libmodbus' with the following arguments: {'ament_cmake_args': None, 'build_base': '/home/jack/work/build/hiwin_libmodbus', 'catkin_cmake_args': None, 'catkin_skip_building_tests': False, 'cmake_args': None, 'cmake_clean_cache': False, 'cmake_clean_first': False, 'cmake_force_configure': False, 'cmake_target': None, 'cmake_target_skip_unavailable': False, 'install_base': '/home/jack/work/install/hiwin_libmodbus', 'merge_install': False, 'path': '/home/jack/work/src/Hiwin_libmodbus/hiwin_libmodbus', 'symlink_install': False, 'test_result_base': None}
[0.236s] Level 5:colcon.colcon_core.verb:set package 'realsense2_camera' build argument 'cmake_args' from command line to 'None'
[0.236s] Level 5:colcon.colcon_core.verb:set package 'realsense2_camera' build argument 'cmake_target' from command line to 'None'
[0.236s] Level 5:colcon.colcon_core.verb:set package 'realsense2_camera' build argument 'cmake_target_skip_unavailable' from command line to 'False'
[0.236s] Level 5:colcon.colcon_core.verb:set package 'realsense2_camera' build argument 'cmake_clean_cache' from command line to 'False'
[0.236s] Level 5:colcon.colcon_core.verb:set package 'realsense2_camera' build argument 'cmake_clean_first' from command line to 'False'
[0.236s] Level 5:colcon.colcon_core.verb:set package 'realsense2_camera' build argument 'cmake_force_configure' from command line to 'False'
[0.236s] Level 5:colcon.colcon_core.verb:set package 'realsense2_camera' build argument 'ament_cmake_args' from command line to 'None'
[0.236s] Level 5:colcon.colcon_core.verb:set package 'realsense2_camera' build argument 'catkin_cmake_args' from command line to 'None'
[0.236s] Level 5:colcon.colcon_core.verb:set package 'realsense2_camera' build argument 'catkin_skip_building_tests' from command line to 'False'
[0.236s] DEBUG:colcon.colcon_core.verb:Building package 'realsense2_camera' with the following arguments: {'ament_cmake_args': None, 'build_base': '/home/jack/work/build/realsense2_camera', 'catkin_cmake_args': None, 'catkin_skip_building_tests': False, 'cmake_args': None, 'cmake_clean_cache': False, 'cmake_clean_first': False, 'cmake_force_configure': False, 'cmake_target': None, 'cmake_target_skip_unavailable': False, 'install_base': '/home/jack/work/install/realsense2_camera', 'merge_install': False, 'path': '/home/jack/work/src/pool/realsense-ros/realsense2_camera', 'symlink_install': False, 'test_result_base': None}
[0.237s] Level 5:colcon.colcon_core.verb:set package 'realsense2_description' build argument 'cmake_args' from command line to 'None'
[0.237s] Level 5:colcon.colcon_core.verb:set package 'realsense2_description' build argument 'cmake_target' from command line to 'None'
[0.237s] Level 5:colcon.colcon_core.verb:set package 'realsense2_description' build argument 'cmake_target_skip_unavailable' from command line to 'False'
[0.237s] Level 5:colcon.colcon_core.verb:set package 'realsense2_description' build argument 'cmake_clean_cache' from command line to 'False'
[0.237s] Level 5:colcon.colcon_core.verb:set package 'realsense2_description' build argument 'cmake_clean_first' from command line to 'False'
[0.237s] Level 5:colcon.colcon_core.verb:set package 'realsense2_description' build argument 'cmake_force_configure' from command line to 'False'
[0.237s] Level 5:colcon.colcon_core.verb:set package 'realsense2_description' build argument 'ament_cmake_args' from command line to 'None'
[0.237s] Level 5:colcon.colcon_core.verb:set package 'realsense2_description' build argument 'catkin_cmake_args' from command line to 'None'
[0.237s] Level 5:colcon.colcon_core.verb:set package 'realsense2_description' build argument 'catkin_skip_building_tests' from command line to 'False'
[0.237s] DEBUG:colcon.colcon_core.verb:Building package 'realsense2_description' with the following arguments: {'ament_cmake_args': None, 'build_base': '/home/jack/work/build/realsense2_description', 'catkin_cmake_args': None, 'catkin_skip_building_tests': False, 'cmake_args': None, 'cmake_clean_cache': False, 'cmake_clean_first': False, 'cmake_force_configure': False, 'cmake_target': None, 'cmake_target_skip_unavailable': False, 'install_base': '/home/jack/work/install/realsense2_description', 'merge_install': False, 'path': '/home/jack/work/src/pool/realsense-ros/realsense2_description', 'symlink_install': False, 'test_result_base': None}
[0.237s] Level 5:colcon.colcon_core.verb:set package 'yolov7_obj_detect' build argument 'cmake_args' from command line to 'None'
[0.237s] Level 5:colcon.colcon_core.verb:set package 'yolov7_obj_detect' build argument 'cmake_target' from command line to 'None'
[0.237s] Level 5:colcon.colcon_core.verb:set package 'yolov7_obj_detect' build argument 'cmake_target_skip_unavailable' from command line to 'False'
[0.237s] Level 5:colcon.colcon_core.verb:set package 'yolov7_obj_detect' build argument 'cmake_clean_cache' from command line to 'False'
[0.237s] Level 5:colcon.colcon_core.verb:set package 'yolov7_obj_detect' build argument 'cmake_clean_first' from command line to 'False'
[0.237s] Level 5:colcon.colcon_core.verb:set package 'yolov7_obj_detect' build argument 'cmake_force_configure' from command line to 'False'
[0.237s] Level 5:colcon.colcon_core.verb:set package 'yolov7_obj_detect' build argument 'ament_cmake_args' from command line to 'None'
[0.237s] Level 5:colcon.colcon_core.verb:set package 'yolov7_obj_detect' build argument 'catkin_cmake_args' from command line to 'None'
[0.237s] Level 5:colcon.colcon_core.verb:set package 'yolov7_obj_detect' build argument 'catkin_skip_building_tests' from command line to 'False'
[0.237s] DEBUG:colcon.colcon_core.verb:Building package 'yolov7_obj_detect' with the following arguments: {'ament_cmake_args': None, 'build_base': '/home/jack/work/build/yolov7_obj_detect', 'catkin_cmake_args': None, 'catkin_skip_building_tests': False, 'cmake_args': None, 'cmake_clean_cache': False, 'cmake_clean_first': False, 'cmake_force_configure': False, 'cmake_target': None, 'cmake_target_skip_unavailable': False, 'install_base': '/home/jack/work/install/yolov7_obj_detect', 'merge_install': False, 'path': '/home/jack/work/src/pool/detect/yolov7_obj_detect', 'symlink_install': False, 'test_result_base': None}
[0.237s] Level 5:colcon.colcon_core.verb:set package 'hiwin_service_client' build argument 'cmake_args' from command line to 'None'
[0.237s] Level 5:colcon.colcon_core.verb:set package 'hiwin_service_client' build argument 'cmake_target' from command line to 'None'
[0.237s] Level 5:colcon.colcon_core.verb:set package 'hiwin_service_client' build argument 'cmake_target_skip_unavailable' from command line to 'False'
[0.238s] Level 5:colcon.colcon_core.verb:set package 'hiwin_service_client' build argument 'cmake_clean_cache' from command line to 'False'
[0.238s] Level 5:colcon.colcon_core.verb:set package 'hiwin_service_client' build argument 'cmake_clean_first' from command line to 'False'
[0.238s] Level 5:colcon.colcon_core.verb:set package 'hiwin_service_client' build argument 'cmake_force_configure' from command line to 'False'
[0.238s] Level 5:colcon.colcon_core.verb:set package 'hiwin_service_client' build argument 'ament_cmake_args' from command line to 'None'
[0.238s] Level 5:colcon.colcon_core.verb:set package 'hiwin_service_client' build argument 'catkin_cmake_args' from command line to 'None'
[0.238s] Level 5:colcon.colcon_core.verb:set package 'hiwin_service_client' build argument 'catkin_skip_building_tests' from command line to 'False'
[0.238s] DEBUG:colcon.colcon_core.verb:Building package 'hiwin_service_client' with the following arguments: {'ament_cmake_args': None, 'build_base': '/home/jack/work/build/hiwin_service_client', 'catkin_cmake_args': None, 'catkin_skip_building_tests': False, 'cmake_args': None, 'cmake_clean_cache': False, 'cmake_clean_first': False, 'cmake_force_configure': False, 'cmake_target': None, 'cmake_target_skip_unavailable': False, 'install_base': '/home/jack/work/install/hiwin_service_client', 'merge_install': False, 'path': '/home/jack/work/src/Hiwin_libmodbus/hiwin_service_client', 'symlink_install': False, 'test_result_base': None}
[0.238s] INFO:colcon.colcon_core.executor:Executing jobs using 'parallel' executor
[0.239s] DEBUG:colcon.colcon_parallel_executor.executor.parallel:run_until_complete
[0.239s] INFO:colcon.colcon_ros.task.ament_cmake.build:Building ROS package in '/home/jack/work/src/pool/detect/detect_interface' with build type 'ament_cmake'
[0.239s] INFO:colcon.colcon_cmake.task.cmake.build:Building CMake package in '/home/jack/work/src/pool/detect/detect_interface'
[0.241s] INFO:colcon.colcon_core.plugin_system:Skipping extension 'colcon_core.shell.bat': Not used on non-Windows systems
[0.241s] INFO:colcon.colcon_core.shell:Skip shell extension 'powershell' for command environment: Not usable outside of PowerShell
[0.241s] DEBUG:colcon.colcon_core.shell:Skip shell extension 'dsv' for command environment
[0.245s] INFO:colcon.colcon_ros.task.ament_cmake.build:Building ROS package in '/home/jack/work/src/Hiwin_libmodbus/hiwin_interfaces' with build type 'ament_cmake'
[0.245s] INFO:colcon.colcon_cmake.task.cmake.build:Building CMake package in '/home/jack/work/src/Hiwin_libmodbus/hiwin_interfaces'
[0.245s] INFO:colcon.colcon_core.shell:Skip shell extension 'powershell' for command environment: Not usable outside of PowerShell
[0.245s] DEBUG:colcon.colcon_core.shell:Skip shell extension 'dsv' for command environment
[0.248s] INFO:colcon.colcon_ros.task.ament_cmake.build:Building ROS package in '/home/jack/work/src/pool/realsense-ros/realsense2_camera_msgs' with build type 'ament_cmake'
[0.248s] INFO:colcon.colcon_cmake.task.cmake.build:Building CMake package in '/home/jack/work/src/pool/realsense-ros/realsense2_camera_msgs'
[0.248s] INFO:colcon.colcon_core.shell:Skip shell extension 'powershell' for command environment: Not usable outside of PowerShell
[0.248s] DEBUG:colcon.colcon_core.shell:Skip shell extension 'dsv' for command environment
[0.251s] INFO:colcon.colcon_ros.task.ament_python.build:Building ROS package in '/home/jack/work/src/Hiwin_libmodbus/hiwin_example' with build type 'ament_python'
[0.251s] Level 1:colcon.colcon_core.shell:create_environment_hook('hiwin_example', 'ament_prefix_path')
[0.251s] INFO:colcon.colcon_core.shell:Creating environment hook '/home/jack/work/install/hiwin_example/share/hiwin_example/hook/ament_prefix_path.ps1'
[0.252s] INFO:colcon.colcon_core.shell:Creating environment descriptor '/home/jack/work/install/hiwin_example/share/hiwin_example/hook/ament_prefix_path.dsv'
[0.252s] INFO:colcon.colcon_core.shell:Creating environment hook '/home/jack/work/install/hiwin_example/share/hiwin_example/hook/ament_prefix_path.sh'
[0.253s] INFO:colcon.colcon_core.shell:Skip shell extension 'powershell' for command environment: Not usable outside of PowerShell
[0.253s] DEBUG:colcon.colcon_core.shell:Skip shell extension 'dsv' for command environment
[0.271s] DEBUG:colcon.colcon_core.event_handler.log_command:Invoking command in '/home/jack/work/build/detect_interface': CMAKE_PREFIX_PATH=${CMAKE_PREFIX_PATH}:/home/jack/work/install/yolov7_obj_detect:/home/jack/work/install/hiwin_example:/home/jack/work/install/hiwin_control:/home/jack/work/install/center:/opt/ros/humble /usr/bin/cmake --build /home/jack/work/build/detect_interface -- -j16 -l16
[0.273s] DEBUG:colcon.colcon_core.event_handler.log_command:Invoking command in '/home/jack/work/build/hiwin_interfaces': CMAKE_PREFIX_PATH=${CMAKE_PREFIX_PATH}:/home/jack/work/install/yolov7_obj_detect:/home/jack/work/install/hiwin_example:/home/jack/work/install/hiwin_control:/home/jack/work/install/center:/opt/ros/humble /usr/bin/cmake --build /home/jack/work/build/hiwin_interfaces -- -j16 -l16
[0.276s] DEBUG:colcon.colcon_core.event_handler.log_command:Invoking command in '/home/jack/work/build/realsense2_camera_msgs': CMAKE_PREFIX_PATH=${CMAKE_PREFIX_PATH}:/home/jack/work/install/yolov7_obj_detect:/home/jack/work/install/hiwin_example:/home/jack/work/install/hiwin_control:/home/jack/work/install/center:/opt/ros/humble /usr/bin/cmake --build /home/jack/work/build/realsense2_camera_msgs -- -j16 -l16
[0.796s] INFO:colcon.colcon_core.task.python.build:Building Python package in '/home/jack/work/src/Hiwin_libmodbus/hiwin_example'
[0.797s] INFO:colcon.colcon_core.shell:Skip shell extension 'powershell' for command environment: Not usable outside of PowerShell
[0.797s] DEBUG:colcon.colcon_core.shell:Skip shell extension 'dsv' for command environment
[1.061s] DEBUG:colcon.colcon_core.event_handler.log_command:Invoked command in '/home/jack/work/build/detect_interface' returned '0': CMAKE_PREFIX_PATH=${CMAKE_PREFIX_PATH}:/home/jack/work/install/yolov7_obj_detect:/home/jack/work/install/hiwin_example:/home/jack/work/install/hiwin_control:/home/jack/work/install/center:/opt/ros/humble /usr/bin/cmake --build /home/jack/work/build/detect_interface -- -j16 -l16
[1.076s] DEBUG:colcon.colcon_core.event_handler.log_command:Invoking command in '/home/jack/work/build/detect_interface': CMAKE_PREFIX_PATH=${CMAKE_PREFIX_PATH}:/home/jack/work/install/yolov7_obj_detect:/home/jack/work/install/hiwin_example:/home/jack/work/install/hiwin_control:/home/jack/work/install/center:/opt/ros/humble /usr/bin/cmake --install /home/jack/work/build/detect_interface
[1.149s] DEBUG:colcon.colcon_core.event_handler.log_command:Invoked command in '/home/jack/work/build/realsense2_camera_msgs' returned '0': CMAKE_PREFIX_PATH=${CMAKE_PREFIX_PATH}:/home/jack/work/install/yolov7_obj_detect:/home/jack/work/install/hiwin_example:/home/jack/work/install/hiwin_control:/home/jack/work/install/center:/opt/ros/humble /usr/bin/cmake --build /home/jack/work/build/realsense2_camera_msgs -- -j16 -l16
[1.151s] DEBUG:colcon.colcon_core.event_handler.log_command:Invoking command in '/home/jack/work/build/realsense2_camera_msgs': CMAKE_PREFIX_PATH=${CMAKE_PREFIX_PATH}:/home/jack/work/install/yolov7_obj_detect:/home/jack/work/install/hiwin_example:/home/jack/work/install/hiwin_control:/home/jack/work/install/center:/opt/ros/humble /usr/bin/cmake --install /home/jack/work/build/realsense2_camera_msgs
[1.154s] DEBUG:colcon.colcon_core.event_handler.log_command:Invoked command in '/home/jack/work/build/hiwin_interfaces' returned '0': CMAKE_PREFIX_PATH=${CMAKE_PREFIX_PATH}:/home/jack/work/install/yolov7_obj_detect:/home/jack/work/install/hiwin_example:/home/jack/work/install/hiwin_control:/home/jack/work/install/center:/opt/ros/humble /usr/bin/cmake --build /home/jack/work/build/hiwin_interfaces -- -j16 -l16
[1.157s] DEBUG:colcon.colcon_core.event_handler.log_command:Invoking command in '/home/jack/work/build/hiwin_interfaces': CMAKE_PREFIX_PATH=${CMAKE_PREFIX_PATH}:/home/jack/work/install/yolov7_obj_detect:/home/jack/work/install/hiwin_example:/home/jack/work/install/hiwin_control:/home/jack/work/install/center:/opt/ros/humble /usr/bin/cmake --install /home/jack/work/build/hiwin_interfaces
[1.167s] Level 1:colcon.colcon_core.environment:create_environment_scripts_only(detect_interface)
[1.188s] DEBUG:colcon.colcon_core.event_handler.log_command:Invoked command in '/home/jack/work/build/detect_interface' returned '0': CMAKE_PREFIX_PATH=${CMAKE_PREFIX_PATH}:/home/jack/work/install/yolov7_obj_detect:/home/jack/work/install/hiwin_example:/home/jack/work/install/hiwin_control:/home/jack/work/install/center:/opt/ros/humble /usr/bin/cmake --install /home/jack/work/build/detect_interface
[1.206s] Level 1:colcon.colcon_core.environment:checking '/home/jack/work/install/detect_interface' for CMake module files
[1.208s] Level 1:colcon.colcon_core.environment:checking '/home/jack/work/install/detect_interface' for CMake config files
[1.208s] Level 1:colcon.colcon_core.shell:create_environment_hook('detect_interface', 'cmake_prefix_path')
[1.209s] INFO:colcon.colcon_core.shell:Creating environment hook '/home/jack/work/install/detect_interface/share/detect_interface/hook/cmake_prefix_path.ps1'
[1.210s] INFO:colcon.colcon_core.shell:Creating environment descriptor '/home/jack/work/install/detect_interface/share/detect_interface/hook/cmake_prefix_path.dsv'
[1.210s] INFO:colcon.colcon_core.shell:Creating environment hook '/home/jack/work/install/detect_interface/share/detect_interface/hook/cmake_prefix_path.sh'
[1.211s] Level 1:colcon.colcon_core.environment:checking '/home/jack/work/install/detect_interface/lib'
[1.211s] Level 1:colcon.colcon_core.shell:create_environment_hook('detect_interface', 'ld_library_path_lib')
[1.212s] INFO:colcon.colcon_core.shell:Creating environment hook '/home/jack/work/install/detect_interface/share/detect_interface/hook/ld_library_path_lib.ps1'
[1.212s] INFO:colcon.colcon_core.shell:Creating environment descriptor '/home/jack/work/install/detect_interface/share/detect_interface/hook/ld_library_path_lib.dsv'
[1.213s] INFO:colcon.colcon_core.shell:Creating environment hook '/home/jack/work/install/detect_interface/share/detect_interface/hook/ld_library_path_lib.sh'
[1.213s] Level 1:colcon.colcon_core.environment:checking '/home/jack/work/install/detect_interface/bin'
[1.213s] Level 1:colcon.colcon_core.environment:checking '/home/jack/work/install/detect_interface/lib/pkgconfig/detect_interface.pc'
[1.213s] Level 1:colcon.colcon_core.environment:checking '/home/jack/work/install/detect_interface/lib/python3.10/site-packages'
[1.214s] Level 1:colcon.colcon_core.environment:checking '/home/jack/work/install/detect_interface/bin'
[1.214s] INFO:colcon.colcon_core.shell:Creating package script '/home/jack/work/install/detect_interface/share/detect_interface/package.ps1'
[1.216s] INFO:colcon.colcon_core.shell:Creating package descriptor '/home/jack/work/install/detect_interface/share/detect_interface/package.dsv'
[1.216s] INFO:colcon.colcon_core.shell:Creating package script '/home/jack/work/install/detect_interface/share/detect_interface/package.sh'
[1.217s] INFO:colcon.colcon_core.shell:Creating package script '/home/jack/work/install/detect_interface/share/detect_interface/package.bash'
[1.219s] INFO:colcon.colcon_core.shell:Creating package script '/home/jack/work/install/detect_interface/share/detect_interface/package.zsh'
[1.221s] Level 1:colcon.colcon_core.environment:create_file_with_runtime_dependencies(/home/jack/work/install/detect_interface/share/colcon-core/packages/detect_interface)
[1.222s] Level 1:colcon.colcon_core.environment:create_environment_scripts_only(detect_interface)
[1.222s] Level 1:colcon.colcon_core.environment:checking '/home/jack/work/install/detect_interface' for CMake module files
[1.223s] Level 1:colcon.colcon_core.environment:checking '/home/jack/work/install/detect_interface' for CMake config files
[1.223s] Level 1:colcon.colcon_core.shell:create_environment_hook('detect_interface', 'cmake_prefix_path')
[1.223s] INFO:colcon.colcon_core.shell:Creating environment hook '/home/jack/work/install/detect_interface/share/detect_interface/hook/cmake_prefix_path.ps1'
[1.224s] INFO:colcon.colcon_core.shell:Creating environment descriptor '/home/jack/work/install/detect_interface/share/detect_interface/hook/cmake_prefix_path.dsv'
[1.226s] INFO:colcon.colcon_core.shell:Creating environment hook '/home/jack/work/install/detect_interface/share/detect_interface/hook/cmake_prefix_path.sh'
[1.228s] Level 1:colcon.colcon_core.environment:checking '/home/jack/work/install/detect_interface/lib'
[1.229s] Level 1:colcon.colcon_core.shell:create_environment_hook('detect_interface', 'ld_library_path_lib')
[1.229s] INFO:colcon.colcon_core.shell:Creating environment hook '/home/jack/work/install/detect_interface/share/detect_interface/hook/ld_library_path_lib.ps1'
[1.231s] INFO:colcon.colcon_core.shell:Creating environment descriptor '/home/jack/work/install/detect_interface/share/detect_interface/hook/ld_library_path_lib.dsv'
[1.232s] INFO:colcon.colcon_core.shell:Creating environment hook '/home/jack/work/install/detect_interface/share/detect_interface/hook/ld_library_path_lib.sh'
[1.234s] Level 1:colcon.colcon_core.environment:checking '/home/jack/work/install/detect_interface/bin'
[1.234s] Level 1:colcon.colcon_core.environment:checking '/home/jack/work/install/detect_interface/lib/pkgconfig/detect_interface.pc'
[1.234s] Level 1:colcon.colcon_core.environment:checking '/home/jack/work/install/detect_interface/lib/python3.10/site-packages'
[1.234s] Level 1:colcon.colcon_core.environment:checking '/home/jack/work/install/detect_interface/bin'
[1.235s] INFO:colcon.colcon_core.shell:Creating package script '/home/jack/work/install/detect_interface/share/detect_interface/package.ps1'
[1.236s] INFO:colcon.colcon_core.shell:Creating package descriptor '/home/jack/work/install/detect_interface/share/detect_interface/package.dsv'
[1.238s] INFO:colcon.colcon_core.shell:Creating package script '/home/jack/work/install/detect_interface/share/detect_interface/package.sh'
[1.239s] INFO:colcon.colcon_core.shell:Creating package script '/home/jack/work/install/detect_interface/share/detect_interface/package.bash'
[1.241s] INFO:colcon.colcon_core.shell:Creating package script '/home/jack/work/install/detect_interface/share/detect_interface/package.zsh'
[1.242s] Level 1:colcon.colcon_core.environment:create_file_with_runtime_dependencies(/home/jack/work/install/detect_interface/share/colcon-core/packages/detect_interface)
[1.243s] INFO:colcon.colcon_ros.task.ament_python.build:Building ROS package in '/home/jack/work/src/pool/center' with build type 'ament_python'
[1.243s] Level 1:colcon.colcon_core.shell:create_environment_hook('center', 'ament_prefix_path')
[1.243s] INFO:colcon.colcon_core.shell:Creating environment hook '/home/jack/work/install/center/share/center/hook/ament_prefix_path.ps1'
[1.245s] INFO:colcon.colcon_core.shell:Creating environment descriptor '/home/jack/work/install/center/share/center/hook/ament_prefix_path.dsv'
[1.246s] INFO:colcon.colcon_core.shell:Creating environment hook '/home/jack/work/install/center/share/center/hook/ament_prefix_path.sh'
[1.250s] INFO:colcon.colcon_core.shell:Skip shell extension 'powershell' for command environment: Not usable outside of PowerShell
[1.250s] DEBUG:colcon.colcon_core.shell:Skip shell extension 'dsv' for command environment
[1.261s] INFO:colcon.colcon_ros.task.ament_python.build:Building ROS package in '/home/jack/work/src/hiwin_control' with build type 'ament_python'
[1.262s] Level 1:colcon.colcon_core.shell:create_environment_hook('hiwin_control', 'ament_prefix_path')
[1.262s] INFO:colcon.colcon_core.shell:Creating environment hook '/home/jack/work/install/hiwin_control/share/hiwin_control/hook/ament_prefix_path.ps1'
[1.263s] INFO:colcon.colcon_core.shell:Creating environment descriptor '/home/jack/work/install/hiwin_control/share/hiwin_control/hook/ament_prefix_path.dsv'
[1.264s] INFO:colcon.colcon_core.shell:Creating environment hook '/home/jack/work/install/hiwin_control/share/hiwin_control/hook/ament_prefix_path.sh'
[1.265s] INFO:colcon.colcon_core.shell:Skip shell extension 'powershell' for command environment: Not usable outside of PowerShell
[1.265s] DEBUG:colcon.colcon_core.shell:Skip shell extension 'dsv' for command environment
[1.273s] INFO:colcon.colcon_ros.task.ament_python.build:Building ROS package in '/home/jack/work/src/pool/detect/yolov7_obj_detect' with build type 'ament_python'
[1.273s] Level 1:colcon.colcon_core.shell:create_environment_hook('yolov7_obj_detect', 'ament_prefix_path')
[1.274s] INFO:colcon.colcon_core.shell:Creating environment hook '/home/jack/work/install/yolov7_obj_detect/share/yolov7_obj_detect/hook/ament_prefix_path.ps1'
[1.275s] INFO:colcon.colcon_core.shell:Creating environment descriptor '/home/jack/work/install/yolov7_obj_detect/share/yolov7_obj_detect/hook/ament_prefix_path.dsv'
[1.276s] INFO:colcon.colcon_core.shell:Creating environment hook '/home/jack/work/install/yolov7_obj_detect/share/yolov7_obj_detect/hook/ament_prefix_path.sh'
[1.277s] INFO:colcon.colcon_core.shell:Skip shell extension 'powershell' for command environment: Not usable outside of PowerShell
[1.277s] DEBUG:colcon.colcon_core.shell:Skip shell extension 'dsv' for command environment
[1.285s] Level 1:colcon.colcon_core.environment:create_environment_scripts_only(realsense2_camera_msgs)
[1.286s] Level 1:colcon.colcon_core.environment:checking '/home/jack/work/install/realsense2_camera_msgs' for CMake module files
[1.287s] DEBUG:colcon.colcon_core.event_handler.log_command:Invoked command in '/home/jack/work/build/realsense2_camera_msgs' returned '0': CMAKE_PREFIX_PATH=${CMAKE_PREFIX_PATH}:/home/jack/work/install/yolov7_obj_detect:/home/jack/work/install/hiwin_example:/home/jack/work/install/hiwin_control:/home/jack/work/install/center:/opt/ros/humble /usr/bin/cmake --install /home/jack/work/build/realsense2_camera_msgs
[1.288s] Level 1:colcon.colcon_core.environment:checking '/home/jack/work/install/realsense2_camera_msgs' for CMake config files
[1.288s] Level 1:colcon.colcon_core.shell:create_environment_hook('realsense2_camera_msgs', 'cmake_prefix_path')
[1.288s] INFO:colcon.colcon_core.shell:Creating environment hook '/home/jack/work/install/realsense2_camera_msgs/share/realsense2_camera_msgs/hook/cmake_prefix_path.ps1'
[1.289s] INFO:colcon.colcon_core.shell:Creating environment descriptor '/home/jack/work/install/realsense2_camera_msgs/share/realsense2_camera_msgs/hook/cmake_prefix_path.dsv'
[1.289s] INFO:colcon.colcon_core.shell:Creating environment hook '/home/jack/work/install/realsense2_camera_msgs/share/realsense2_camera_msgs/hook/cmake_prefix_path.sh'
[1.290s] Level 1:colcon.colcon_core.environment:checking '/home/jack/work/install/realsense2_camera_msgs/lib'
[1.290s] Level 1:colcon.colcon_core.shell:create_environment_hook('realsense2_camera_msgs', 'ld_library_path_lib')
[1.291s] INFO:colcon.colcon_core.shell:Creating environment hook '/home/jack/work/install/realsense2_camera_msgs/share/realsense2_camera_msgs/hook/ld_library_path_lib.ps1'
[1.291s] INFO:colcon.colcon_core.shell:Creating environment descriptor '/home/jack/work/install/realsense2_camera_msgs/share/realsense2_camera_msgs/hook/ld_library_path_lib.dsv'
[1.291s] INFO:colcon.colcon_core.shell:Creating environment hook '/home/jack/work/install/realsense2_camera_msgs/share/realsense2_camera_msgs/hook/ld_library_path_lib.sh'
[1.292s] Level 1:colcon.colcon_core.environment:checking '/home/jack/work/install/realsense2_camera_msgs/bin'
[1.292s] Level 1:colcon.colcon_core.environment:checking '/home/jack/work/install/realsense2_camera_msgs/lib/pkgconfig/realsense2_camera_msgs.pc'
[1.292s] Level 1:colcon.colcon_core.environment:checking '/home/jack/work/install/realsense2_camera_msgs/lib/python3.10/site-packages'
[1.293s] Level 1:colcon.colcon_core.environment:checking '/home/jack/work/install/realsense2_camera_msgs/bin'
[1.293s] INFO:colcon.colcon_core.shell:Creating package script '/home/jack/work/install/realsense2_camera_msgs/share/realsense2_camera_msgs/package.ps1'
[1.294s] INFO:colcon.colcon_core.shell:Creating package descriptor '/home/jack/work/install/realsense2_camera_msgs/share/realsense2_camera_msgs/package.dsv'
[1.294s] INFO:colcon.colcon_core.shell:Creating package script '/home/jack/work/install/realsense2_camera_msgs/share/realsense2_camera_msgs/package.sh'
[1.295s] INFO:colcon.colcon_core.shell:Creating package script '/home/jack/work/install/realsense2_camera_msgs/share/realsense2_camera_msgs/package.bash'
[1.296s] INFO:colcon.colcon_core.shell:Creating package script '/home/jack/work/install/realsense2_camera_msgs/share/realsense2_camera_msgs/package.zsh'
[1.296s] Level 1:colcon.colcon_core.environment:create_file_with_runtime_dependencies(/home/jack/work/install/realsense2_camera_msgs/share/colcon-core/packages/realsense2_camera_msgs)
[1.297s] Level 1:colcon.colcon_core.environment:create_environment_scripts_only(realsense2_camera_msgs)
[1.297s] Level 1:colcon.colcon_core.environment:checking '/home/jack/work/install/realsense2_camera_msgs' for CMake module files
[1.298s] Level 1:colcon.colcon_core.environment:checking '/home/jack/work/install/realsense2_camera_msgs' for CMake config files
[1.298s] Level 1:colcon.colcon_core.shell:create_environment_hook('realsense2_camera_msgs', 'cmake_prefix_path')
[1.298s] INFO:colcon.colcon_core.shell:Creating environment hook '/home/jack/work/install/realsense2_camera_msgs/share/realsense2_camera_msgs/hook/cmake_prefix_path.ps1'
[1.299s] INFO:colcon.colcon_core.shell:Creating environment descriptor '/home/jack/work/install/realsense2_camera_msgs/share/realsense2_camera_msgs/hook/cmake_prefix_path.dsv'
[1.299s] INFO:colcon.colcon_core.shell:Creating environment hook '/home/jack/work/install/realsense2_camera_msgs/share/realsense2_camera_msgs/hook/cmake_prefix_path.sh'
[1.300s] Level 1:colcon.colcon_core.environment:checking '/home/jack/work/install/realsense2_camera_msgs/lib'
[1.300s] Level 1:colcon.colcon_core.shell:create_environment_hook('realsense2_camera_msgs', 'ld_library_path_lib')
[1.300s] INFO:colcon.colcon_core.shell:Creating environment hook '/home/jack/work/install/realsense2_camera_msgs/share/realsense2_camera_msgs/hook/ld_library_path_lib.ps1'
[1.300s] INFO:colcon.colcon_core.shell:Creating environment descriptor '/home/jack/work/install/realsense2_camera_msgs/share/realsense2_camera_msgs/hook/ld_library_path_lib.dsv'
[1.301s] INFO:colcon.colcon_core.shell:Creating environment hook '/home/jack/work/install/realsense2_camera_msgs/share/realsense2_camera_msgs/hook/ld_library_path_lib.sh'
[1.301s] Level 1:colcon.colcon_core.environment:checking '/home/jack/work/install/realsense2_camera_msgs/bin'
[1.301s] Level 1:colcon.colcon_core.environment:checking '/home/jack/work/install/realsense2_camera_msgs/lib/pkgconfig/realsense2_camera_msgs.pc'
[1.301s] Level 1:colcon.colcon_core.environment:checking '/home/jack/work/install/realsense2_camera_msgs/lib/python3.10/site-packages'
[1.302s] Level 1:colcon.colcon_core.environment:checking '/home/jack/work/install/realsense2_camera_msgs/bin'
[1.302s] INFO:colcon.colcon_core.shell:Creating package script '/home/jack/work/install/realsense2_camera_msgs/share/realsense2_camera_msgs/package.ps1'
[1.303s] INFO:colcon.colcon_core.shell:Creating package descriptor '/home/jack/work/install/realsense2_camera_msgs/share/realsense2_camera_msgs/package.dsv'
[1.303s] INFO:colcon.colcon_core.shell:Creating package script '/home/jack/work/install/realsense2_camera_msgs/share/realsense2_camera_msgs/package.sh'
[1.304s] INFO:colcon.colcon_core.shell:Creating package script '/home/jack/work/install/realsense2_camera_msgs/share/realsense2_camera_msgs/package.bash'
[1.304s] INFO:colcon.colcon_core.shell:Creating package script '/home/jack/work/install/realsense2_camera_msgs/share/realsense2_camera_msgs/package.zsh'
[1.305s] Level 1:colcon.colcon_core.environment:create_file_with_runtime_dependencies(/home/jack/work/install/realsense2_camera_msgs/share/colcon-core/packages/realsense2_camera_msgs)
[1.306s] Level 1:colcon.colcon_core.environment:create_environment_scripts_only(hiwin_interfaces)
[1.306s] Level 1:colcon.colcon_core.environment:checking '/home/jack/work/install/hiwin_interfaces' for CMake module files
[1.307s] DEBUG:colcon.colcon_core.event_handler.log_command:Invoked command in '/home/jack/work/build/hiwin_interfaces' returned '0': CMAKE_PREFIX_PATH=${CMAKE_PREFIX_PATH}:/home/jack/work/install/yolov7_obj_detect:/home/jack/work/install/hiwin_example:/home/jack/work/install/hiwin_control:/home/jack/work/install/center:/opt/ros/humble /usr/bin/cmake --install /home/jack/work/build/hiwin_interfaces
[1.308s] Level 1:colcon.colcon_core.environment:checking '/home/jack/work/install/hiwin_interfaces' for CMake config files
[1.308s] Level 1:colcon.colcon_core.shell:create_environment_hook('hiwin_interfaces', 'cmake_prefix_path')
[1.308s] INFO:colcon.colcon_core.shell:Creating environment hook '/home/jack/work/install/hiwin_interfaces/share/hiwin_interfaces/hook/cmake_prefix_path.ps1'
[1.309s] INFO:colcon.colcon_core.shell:Creating environment descriptor '/home/jack/work/install/hiwin_interfaces/share/hiwin_interfaces/hook/cmake_prefix_path.dsv'
[1.309s] INFO:colcon.colcon_core.shell:Creating environment hook '/home/jack/work/install/hiwin_interfaces/share/hiwin_interfaces/hook/cmake_prefix_path.sh'
[1.309s] Level 1:colcon.colcon_core.environment:checking '/home/jack/work/install/hiwin_interfaces/lib'
[1.310s] Level 1:colcon.colcon_core.shell:create_environment_hook('hiwin_interfaces', 'ld_library_path_lib')
[1.310s] INFO:colcon.colcon_core.shell:Creating environment hook '/home/jack/work/install/hiwin_interfaces/share/hiwin_interfaces/hook/ld_library_path_lib.ps1'
[1.310s] INFO:colcon.colcon_core.shell:Creating environment descriptor '/home/jack/work/install/hiwin_interfaces/share/hiwin_interfaces/hook/ld_library_path_lib.dsv'
[1.310s] INFO:colcon.colcon_core.shell:Creating environment hook '/home/jack/work/install/hiwin_interfaces/share/hiwin_interfaces/hook/ld_library_path_lib.sh'
[1.311s] Level 1:colcon.colcon_core.environment:checking '/home/jack/work/install/hiwin_interfaces/bin'
[1.311s] Level 1:colcon.colcon_core.environment:checking '/home/jack/work/install/hiwin_interfaces/lib/pkgconfig/hiwin_interfaces.pc'
[1.311s] Level 1:colcon.colcon_core.environment:checking '/home/jack/work/install/hiwin_interfaces/lib/python3.10/site-packages'
[1.311s] Level 1:colcon.colcon_core.environment:checking '/home/jack/work/install/hiwin_interfaces/bin'
[1.312s] INFO:colcon.colcon_core.shell:Creating package script '/home/jack/work/install/hiwin_interfaces/share/hiwin_interfaces/package.ps1'
[1.312s] INFO:colcon.colcon_core.shell:Creating package descriptor '/home/jack/work/install/hiwin_interfaces/share/hiwin_interfaces/package.dsv'
[1.313s] INFO:colcon.colcon_core.shell:Creating package script '/home/jack/work/install/hiwin_interfaces/share/hiwin_interfaces/package.sh'
[1.313s] INFO:colcon.colcon_core.shell:Creating package script '/home/jack/work/install/hiwin_interfaces/share/hiwin_interfaces/package.bash'
[1.313s] INFO:colcon.colcon_core.shell:Creating package script '/home/jack/work/install/hiwin_interfaces/share/hiwin_interfaces/package.zsh'
[1.314s] Level 1:colcon.colcon_core.environment:create_file_with_runtime_dependencies(/home/jack/work/install/hiwin_interfaces/share/colcon-core/packages/hiwin_interfaces)
[1.314s] Level 1:colcon.colcon_core.environment:create_environment_scripts_only(hiwin_interfaces)
[1.315s] Level 1:colcon.colcon_core.environment:checking '/home/jack/work/install/hiwin_interfaces' for CMake module files
[1.315s] Level 1:colcon.colcon_core.environment:checking '/home/jack/work/install/hiwin_interfaces' for CMake config files
[1.315s] Level 1:colcon.colcon_core.shell:create_environment_hook('hiwin_interfaces', 'cmake_prefix_path')
[1.316s] INFO:colcon.colcon_core.shell:Creating environment hook '/home/jack/work/install/hiwin_interfaces/share/hiwin_interfaces/hook/cmake_prefix_path.ps1'
[1.316s] INFO:colcon.colcon_core.shell:Creating environment descriptor '/home/jack/work/install/hiwin_interfaces/share/hiwin_interfaces/hook/cmake_prefix_path.dsv'
[1.316s] INFO:colcon.colcon_core.shell:Creating environment hook '/home/jack/work/install/hiwin_interfaces/share/hiwin_interfaces/hook/cmake_prefix_path.sh'
[1.317s] Level 1:colcon.colcon_core.environment:checking '/home/jack/work/install/hiwin_interfaces/lib'
[1.317s] Level 1:colcon.colcon_core.shell:create_environment_hook('hiwin_interfaces', 'ld_library_path_lib')
[1.317s] INFO:colcon.colcon_core.shell:Creating environment hook '/home/jack/work/install/hiwin_interfaces/share/hiwin_interfaces/hook/ld_library_path_lib.ps1'
[1.317s] INFO:colcon.colcon_core.shell:Creating environment descriptor '/home/jack/work/install/hiwin_interfaces/share/hiwin_interfaces/hook/ld_library_path_lib.dsv'
[1.318s] INFO:colcon.colcon_core.shell:Creating environment hook '/home/jack/work/install/hiwin_interfaces/share/hiwin_interfaces/hook/ld_library_path_lib.sh'
[1.318s] Level 1:colcon.colcon_core.environment:checking '/home/jack/work/install/hiwin_interfaces/bin'
[1.318s] Level 1:colcon.colcon_core.environment:checking '/home/jack/work/install/hiwin_interfaces/lib/pkgconfig/hiwin_interfaces.pc'
[1.318s] Level 1:colcon.colcon_core.environment:checking '/home/jack/work/install/hiwin_interfaces/lib/python3.10/site-packages'
[1.319s] Level 1:colcon.colcon_core.environment:checking '/home/jack/work/install/hiwin_interfaces/bin'
[1.319s] INFO:colcon.colcon_core.shell:Creating package script '/home/jack/work/install/hiwin_interfaces/share/hiwin_interfaces/package.ps1'
[1.320s] INFO:colcon.colcon_core.shell:Creating package descriptor '/home/jack/work/install/hiwin_interfaces/share/hiwin_interfaces/package.dsv'
[1.320s] INFO:colcon.colcon_core.shell:Creating package script '/home/jack/work/install/hiwin_interfaces/share/hiwin_interfaces/package.sh'
[1.321s] INFO:colcon.colcon_core.shell:Creating package script '/home/jack/work/install/hiwin_interfaces/share/hiwin_interfaces/package.bash'
[1.321s] INFO:colcon.colcon_core.shell:Creating package script '/home/jack/work/install/hiwin_interfaces/share/hiwin_interfaces/package.zsh'
[1.321s] Level 1:colcon.colcon_core.environment:create_file_with_runtime_dependencies(/home/jack/work/install/hiwin_interfaces/share/colcon-core/packages/hiwin_interfaces)
[1.322s] INFO:colcon.colcon_ros.task.ament_cmake.build:Building ROS package in '/home/jack/work/src/pool/realsense-ros/realsense2_camera' with build type 'ament_cmake'
[1.322s] INFO:colcon.colcon_cmake.task.cmake.build:Building CMake package in '/home/jack/work/src/pool/realsense-ros/realsense2_camera'
[1.322s] INFO:colcon.colcon_core.shell:Skip shell extension 'powershell' for command environment: Not usable outside of PowerShell
[1.322s] DEBUG:colcon.colcon_core.shell:Skip shell extension 'dsv' for command environment
[1.327s] INFO:colcon.colcon_ros.task.ament_cmake.build:Building ROS package in '/home/jack/work/src/pool/realsense-ros/realsense2_description' with build type 'ament_cmake'
[1.327s] INFO:colcon.colcon_cmake.task.cmake.build:Building CMake package in '/home/jack/work/src/pool/realsense-ros/realsense2_description'
[1.327s] INFO:colcon.colcon_core.shell:Skip shell extension 'powershell' for command environment: Not usable outside of PowerShell
[1.327s] DEBUG:colcon.colcon_core.shell:Skip shell extension 'dsv' for command environment
[1.564s] INFO:colcon.colcon_core.task.python.build:Building Python package in '/home/jack/work/src/pool/center'
[1.564s] INFO:colcon.colcon_core.shell:Skip shell extension 'powershell' for command environment: Not usable outside of PowerShell
[1.564s] DEBUG:colcon.colcon_core.shell:Skip shell extension 'dsv' for command environment
[1.752s] INFO:colcon.colcon_core.task.python.build:Building Python package in '/home/jack/work/src/hiwin_control'
[1.752s] INFO:colcon.colcon_core.shell:Skip shell extension 'powershell' for command environment: Not usable outside of PowerShell
[1.752s] DEBUG:colcon.colcon_core.shell:Skip shell extension 'dsv' for command environment
[1.756s] INFO:colcon.colcon_ros.task.ament_cmake.build:Building ROS package in '/home/jack/work/src/Hiwin_libmodbus/hiwin_libmodbus' with build type 'ament_cmake'
[1.756s] INFO:colcon.colcon_cmake.task.cmake.build:Building CMake package in '/home/jack/work/src/Hiwin_libmodbus/hiwin_libmodbus'
[1.756s] INFO:colcon.colcon_core.shell:Skip shell extension 'powershell' for command environment: Not usable outside of PowerShell
[1.756s] DEBUG:colcon.colcon_core.shell:Skip shell extension 'dsv' for command environment
[1.942s] INFO:colcon.colcon_core.task.python.build:Building Python package in '/home/jack/work/src/pool/detect/yolov7_obj_detect'
[1.942s] INFO:colcon.colcon_core.shell:Skip shell extension 'powershell' for command environment: Not usable outside of PowerShell
[1.942s] DEBUG:colcon.colcon_core.shell:Skip shell extension 'dsv' for command environment
[1.948s] DEBUG:colcon.colcon_core.event_handler.log_command:Invoking command in '/home/jack/work/src/Hiwin_libmodbus/hiwin_example': PYTHONPATH=/home/jack/work/build/hiwin_example/prefix_override:/usr/lib/python3/dist-packages/colcon_core/task/python/colcon_distutils_commands:/home/jack/work/install/hiwin_example/lib/python3.10/site-packages:${PYTHONPATH} /usr/bin/python3 -W ignore:setup.py install is deprecated -W ignore:easy_install command is deprecated setup.py egg_info --egg-base ../../../build/hiwin_example build --build-base /home/jack/work/build/hiwin_example/build install --record /home/jack/work/build/hiwin_example/install.log --single-version-externally-managed install_data
[1.950s] DEBUG:colcon.colcon_core.event_handler.log_command:Invoking command in '/home/jack/work/build/realsense2_camera': CMAKE_PREFIX_PATH=/home/jack/work/install/realsense2_camera_msgs:/home/jack/work/install/realsense2_description:/home/jack/work/install/realsense2_camera:/home/jack/work/install/hiwin_service_client:/home/jack/work/install/hiwin_libmodbus:/home/jack/work/install/hiwin_interfaces:/home/jack/work/install/detect_interface:/home/jack/work/install/yolov7_obj_detect:/home/jack/work/install/hiwin_example:/home/jack/work/install/hiwin_control:/home/jack/work/install/center:/opt/ros/humble LD_LIBRARY_PATH=/home/jack/work/install/realsense2_camera_msgs/lib:/home/jack/work/install/realsense2_camera/lib:/home/jack/work/install/hiwin_libmodbus/lib:/home/jack/work/install/hiwin_interfaces/lib:/home/jack/work/install/detect_interface/lib:/opt/ros/humble/opt/rviz_ogre_vendor/lib:/opt/ros/humble/lib/x86_64-linux-gnu:/opt/ros/humble/lib:/usr/local/nvidia/lib:/usr/local/nvidia/lib64 /usr/bin/cmake --build /home/jack/work/build/realsense2_camera -- -j16 -l16
[1.952s] DEBUG:colcon.colcon_core.event_handler.log_command:Invoking command in '/home/jack/work/build/realsense2_description': CMAKE_PREFIX_PATH=/home/jack/work/install/realsense2_camera_msgs:/home/jack/work/install/realsense2_description:/home/jack/work/install/realsense2_camera:/home/jack/work/install/hiwin_service_client:/home/jack/work/install/hiwin_libmodbus:/home/jack/work/install/hiwin_interfaces:/home/jack/work/install/detect_interface:/home/jack/work/install/yolov7_obj_detect:/home/jack/work/install/hiwin_example:/home/jack/work/install/hiwin_control:/home/jack/work/install/center:/opt/ros/humble LD_LIBRARY_PATH=/home/jack/work/install/realsense2_camera_msgs/lib:/home/jack/work/install/realsense2_camera/lib:/home/jack/work/install/hiwin_libmodbus/lib:/home/jack/work/install/hiwin_interfaces/lib:/home/jack/work/install/detect_interface/lib:/opt/ros/humble/opt/rviz_ogre_vendor/lib:/opt/ros/humble/lib/x86_64-linux-gnu:/opt/ros/humble/lib:/usr/local/nvidia/lib:/usr/local/nvidia/lib64 /usr/bin/cmake --build /home/jack/work/build/realsense2_description -- -j16 -l16
[1.960s] DEBUG:colcon.colcon_core.event_handler.log_command:Invoking command in '/home/jack/work/build/hiwin_libmodbus': CMAKE_PREFIX_PATH=/home/jack/work/install/hiwin_interfaces:/home/jack/work/install/realsense2_description:/home/jack/work/install/realsense2_camera:/home/jack/work/install/realsense2_camera_msgs:/home/jack/work/install/hiwin_service_client:/home/jack/work/install/hiwin_libmodbus:/home/jack/work/install/detect_interface:/home/jack/work/install/yolov7_obj_detect:/home/jack/work/install/hiwin_example:/home/jack/work/install/hiwin_control:/home/jack/work/install/center:/opt/ros/humble LD_LIBRARY_PATH=/home/jack/work/install/hiwin_interfaces/lib:/home/jack/work/install/realsense2_camera/lib:/home/jack/work/install/realsense2_camera_msgs/lib:/home/jack/work/install/hiwin_libmodbus/lib:/home/jack/work/install/detect_interface/lib:/opt/ros/humble/opt/rviz_ogre_vendor/lib:/opt/ros/humble/lib/x86_64-linux-gnu:/opt/ros/humble/lib:/usr/local/nvidia/lib:/usr/local/nvidia/lib64 /usr/bin/cmake --build /home/jack/work/build/hiwin_libmodbus -- -j16 -l16
[2.004s] DEBUG:colcon.colcon_core.event_handler.log_command:Invoked command in '/home/jack/work/build/realsense2_description' returned '0': CMAKE_PREFIX_PATH=/home/jack/work/install/realsense2_camera_msgs:/home/jack/work/install/realsense2_description:/home/jack/work/install/realsense2_camera:/home/jack/work/install/hiwin_service_client:/home/jack/work/install/hiwin_libmodbus:/home/jack/work/install/hiwin_interfaces:/home/jack/work/install/detect_interface:/home/jack/work/install/yolov7_obj_detect:/home/jack/work/install/hiwin_example:/home/jack/work/install/hiwin_control:/home/jack/work/install/center:/opt/ros/humble LD_LIBRARY_PATH=/home/jack/work/install/realsense2_camera_msgs/lib:/home/jack/work/install/realsense2_camera/lib:/home/jack/work/install/hiwin_libmodbus/lib:/home/jack/work/install/hiwin_interfaces/lib:/home/jack/work/install/detect_interface/lib:/opt/ros/humble/opt/rviz_ogre_vendor/lib:/opt/ros/humble/lib/x86_64-linux-gnu:/opt/ros/humble/lib:/usr/local/nvidia/lib:/usr/local/nvidia/lib64 /usr/bin/cmake --build /home/jack/work/build/realsense2_description -- -j16 -l16
[2.008s] DEBUG:colcon.colcon_core.event_handler.log_command:Invoking command in '/home/jack/work/build/realsense2_description': CMAKE_PREFIX_PATH=/home/jack/work/install/realsense2_camera_msgs:/home/jack/work/install/realsense2_description:/home/jack/work/install/realsense2_camera:/home/jack/work/install/hiwin_service_client:/home/jack/work/install/hiwin_libmodbus:/home/jack/work/install/hiwin_interfaces:/home/jack/work/install/detect_interface:/home/jack/work/install/yolov7_obj_detect:/home/jack/work/install/hiwin_example:/home/jack/work/install/hiwin_control:/home/jack/work/install/center:/opt/ros/humble LD_LIBRARY_PATH=/home/jack/work/install/realsense2_camera_msgs/lib:/home/jack/work/install/realsense2_camera/lib:/home/jack/work/install/hiwin_libmodbus/lib:/home/jack/work/install/hiwin_interfaces/lib:/home/jack/work/install/detect_interface/lib:/opt/ros/humble/opt/rviz_ogre_vendor/lib:/opt/ros/humble/lib/x86_64-linux-gnu:/opt/ros/humble/lib:/usr/local/nvidia/lib:/usr/local/nvidia/lib64 /usr/bin/cmake --install /home/jack/work/build/realsense2_description
[2.024s] Level 1:colcon.colcon_core.environment:create_environment_scripts_only(realsense2_description)
[2.024s] Level 1:colcon.colcon_core.environment:checking '/home/jack/work/install/realsense2_description' for CMake module files
[2.025s] Level 1:colcon.colcon_core.environment:checking '/home/jack/work/install/realsense2_description' for CMake config files
[2.025s] Level 1:colcon.colcon_core.shell:create_environment_hook('realsense2_description', 'cmake_prefix_path')
[2.026s] INFO:colcon.colcon_core.shell:Creating environment hook '/home/jack/work/install/realsense2_description/share/realsense2_description/hook/cmake_prefix_path.ps1'
[2.026s] INFO:colcon.colcon_core.shell:Creating environment descriptor '/home/jack/work/install/realsense2_description/share/realsense2_description/hook/cmake_prefix_path.dsv'
[2.028s] DEBUG:colcon.colcon_core.event_handler.log_command:Invoked command in '/home/jack/work/build/realsense2_description' returned '0': CMAKE_PREFIX_PATH=/home/jack/work/install/realsense2_camera_msgs:/home/jack/work/install/realsense2_description:/home/jack/work/install/realsense2_camera:/home/jack/work/install/hiwin_service_client:/home/jack/work/install/hiwin_libmodbus:/home/jack/work/install/hiwin_interfaces:/home/jack/work/install/detect_interface:/home/jack/work/install/yolov7_obj_detect:/home/jack/work/install/hiwin_example:/home/jack/work/install/hiwin_control:/home/jack/work/install/center:/opt/ros/humble LD_LIBRARY_PATH=/home/jack/work/install/realsense2_camera_msgs/lib:/home/jack/work/install/realsense2_camera/lib:/home/jack/work/install/hiwin_libmodbus/lib:/home/jack/work/install/hiwin_interfaces/lib:/home/jack/work/install/detect_interface/lib:/opt/ros/humble/opt/rviz_ogre_vendor/lib:/opt/ros/humble/lib/x86_64-linux-gnu:/opt/ros/humble/lib:/usr/local/nvidia/lib:/usr/local/nvidia/lib64 /usr/bin/cmake --install /home/jack/work/build/realsense2_description
[2.028s] INFO:colcon.colcon_core.shell:Creating environment hook '/home/jack/work/install/realsense2_description/share/realsense2_description/hook/cmake_prefix_path.sh'
[2.029s] Level 1:colcon.colcon_core.environment:checking '/home/jack/work/install/realsense2_description/bin'
[2.029s] Level 1:colcon.colcon_core.environment:checking '/home/jack/work/install/realsense2_description/lib/pkgconfig/realsense2_description.pc'
[2.030s] Level 1:colcon.colcon_core.environment:checking '/home/jack/work/install/realsense2_description/lib/python3.10/site-packages'
[2.030s] Level 1:colcon.colcon_core.environment:checking '/home/jack/work/install/realsense2_description/bin'
[2.031s] INFO:colcon.colcon_core.shell:Creating package script '/home/jack/work/install/realsense2_description/share/realsense2_description/package.ps1'
[2.032s] INFO:colcon.colcon_core.shell:Creating package descriptor '/home/jack/work/install/realsense2_description/share/realsense2_description/package.dsv'
[2.033s] INFO:colcon.colcon_core.shell:Creating package script '/home/jack/work/install/realsense2_description/share/realsense2_description/package.sh'
[2.034s] INFO:colcon.colcon_core.shell:Creating package script '/home/jack/work/install/realsense2_description/share/realsense2_description/package.bash'
[2.035s] INFO:colcon.colcon_core.shell:Creating package script '/home/jack/work/install/realsense2_description/share/realsense2_description/package.zsh'
[2.036s] Level 1:colcon.colcon_core.environment:create_file_with_runtime_dependencies(/home/jack/work/install/realsense2_description/share/colcon-core/packages/realsense2_description)
[2.037s] Level 1:colcon.colcon_core.environment:create_environment_scripts_only(realsense2_description)
[2.037s] Level 1:colcon.colcon_core.environment:checking '/home/jack/work/install/realsense2_description' for CMake module files
[2.038s] Level 1:colcon.colcon_core.environment:checking '/home/jack/work/install/realsense2_description' for CMake config files
[2.039s] Level 1:colcon.colcon_core.shell:create_environment_hook('realsense2_description', 'cmake_prefix_path')
[2.039s] INFO:colcon.colcon_core.shell:Creating environment hook '/home/jack/work/install/realsense2_description/share/realsense2_description/hook/cmake_prefix_path.ps1'
[2.040s] INFO:colcon.colcon_core.shell:Creating environment descriptor '/home/jack/work/install/realsense2_description/share/realsense2_description/hook/cmake_prefix_path.dsv'
[2.041s] INFO:colcon.colcon_core.shell:Creating environment hook '/home/jack/work/install/realsense2_description/share/realsense2_description/hook/cmake_prefix_path.sh'
[2.042s] Level 1:colcon.colcon_core.environment:checking '/home/jack/work/install/realsense2_description/bin'
[2.042s] Level 1:colcon.colcon_core.environment:checking '/home/jack/work/install/realsense2_description/lib/pkgconfig/realsense2_description.pc'
[2.043s] Level 1:colcon.colcon_core.environment:checking '/home/jack/work/install/realsense2_description/lib/python3.10/site-packages'
[2.044s] Level 1:colcon.colcon_core.environment:checking '/home/jack/work/install/realsense2_description/bin'
[2.044s] INFO:colcon.colcon_core.shell:Creating package script '/home/jack/work/install/realsense2_description/share/realsense2_description/package.ps1'
[2.046s] INFO:colcon.colcon_core.shell:Creating package descriptor '/home/jack/work/install/realsense2_description/share/realsense2_description/package.dsv'
[2.047s] INFO:colcon.colcon_core.shell:Creating package script '/home/jack/work/install/realsense2_description/share/realsense2_description/package.sh'
[2.048s] INFO:colcon.colcon_core.shell:Creating package script '/home/jack/work/install/realsense2_description/share/realsense2_description/package.bash'
[2.049s] INFO:colcon.colcon_core.shell:Creating package script '/home/jack/work/install/realsense2_description/share/realsense2_description/package.zsh'
[2.050s] Level 1:colcon.colcon_core.environment:create_file_with_runtime_dependencies(/home/jack/work/install/realsense2_description/share/colcon-core/packages/realsense2_description)
[2.544s] DEBUG:colcon.colcon_core.event_handler.log_command:Invoked command in '/home/jack/work/build/hiwin_libmodbus' returned '0': CMAKE_PREFIX_PATH=/home/jack/work/install/hiwin_interfaces:/home/jack/work/install/realsense2_description:/home/jack/work/install/realsense2_camera:/home/jack/work/install/realsense2_camera_msgs:/home/jack/work/install/hiwin_service_client:/home/jack/work/install/hiwin_libmodbus:/home/jack/work/install/detect_interface:/home/jack/work/install/yolov7_obj_detect:/home/jack/work/install/hiwin_example:/home/jack/work/install/hiwin_control:/home/jack/work/install/center:/opt/ros/humble LD_LIBRARY_PATH=/home/jack/work/install/hiwin_interfaces/lib:/home/jack/work/install/realsense2_camera/lib:/home/jack/work/install/realsense2_camera_msgs/lib:/home/jack/work/install/hiwin_libmodbus/lib:/home/jack/work/install/detect_interface/lib:/opt/ros/humble/opt/rviz_ogre_vendor/lib:/opt/ros/humble/lib/x86_64-linux-gnu:/opt/ros/humble/lib:/usr/local/nvidia/lib:/usr/local/nvidia/lib64 /usr/bin/cmake --build /home/jack/work/build/hiwin_libmodbus -- -j16 -l16
[2.548s] DEBUG:colcon.colcon_core.event_handler.log_command:Invoking command in '/home/jack/work/build/hiwin_libmodbus': CMAKE_PREFIX_PATH=/home/jack/work/install/hiwin_interfaces:/home/jack/work/install/realsense2_description:/home/jack/work/install/realsense2_camera:/home/jack/work/install/realsense2_camera_msgs:/home/jack/work/install/hiwin_service_client:/home/jack/work/install/hiwin_libmodbus:/home/jack/work/install/detect_interface:/home/jack/work/install/yolov7_obj_detect:/home/jack/work/install/hiwin_example:/home/jack/work/install/hiwin_control:/home/jack/work/install/center:/opt/ros/humble LD_LIBRARY_PATH=/home/jack/work/install/hiwin_interfaces/lib:/home/jack/work/install/realsense2_camera/lib:/home/jack/work/install/realsense2_camera_msgs/lib:/home/jack/work/install/hiwin_libmodbus/lib:/home/jack/work/install/detect_interface/lib:/opt/ros/humble/opt/rviz_ogre_vendor/lib:/opt/ros/humble/lib/x86_64-linux-gnu:/opt/ros/humble/lib:/usr/local/nvidia/lib:/usr/local/nvidia/lib64 /usr/bin/cmake --install /home/jack/work/build/hiwin_libmodbus
[2.646s] Level 1:colcon.colcon_core.environment:create_environment_scripts_only(hiwin_libmodbus)
[2.647s] Level 1:colcon.colcon_core.environment:checking '/home/jack/work/install/hiwin_libmodbus' for CMake module files
[2.648s] DEBUG:colcon.colcon_core.event_handler.log_command:Invoked command in '/home/jack/work/build/hiwin_libmodbus' returned '0': CMAKE_PREFIX_PATH=/home/jack/work/install/hiwin_interfaces:/home/jack/work/install/realsense2_description:/home/jack/work/install/realsense2_camera:/home/jack/work/install/realsense2_camera_msgs:/home/jack/work/install/hiwin_service_client:/home/jack/work/install/hiwin_libmodbus:/home/jack/work/install/detect_interface:/home/jack/work/install/yolov7_obj_detect:/home/jack/work/install/hiwin_example:/home/jack/work/install/hiwin_control:/home/jack/work/install/center:/opt/ros/humble LD_LIBRARY_PATH=/home/jack/work/install/hiwin_interfaces/lib:/home/jack/work/install/realsense2_camera/lib:/home/jack/work/install/realsense2_camera_msgs/lib:/home/jack/work/install/hiwin_libmodbus/lib:/home/jack/work/install/detect_interface/lib:/opt/ros/humble/opt/rviz_ogre_vendor/lib:/opt/ros/humble/lib/x86_64-linux-gnu:/opt/ros/humble/lib:/usr/local/nvidia/lib:/usr/local/nvidia/lib64 /usr/bin/cmake --install /home/jack/work/build/hiwin_libmodbus
[2.649s] Level 1:colcon.colcon_core.environment:checking '/home/jack/work/install/hiwin_libmodbus' for CMake config files
[2.650s] Level 1:colcon.colcon_core.shell:create_environment_hook('hiwin_libmodbus', 'cmake_prefix_path')
[2.650s] INFO:colcon.colcon_core.shell:Creating environment hook '/home/jack/work/install/hiwin_libmodbus/share/hiwin_libmodbus/hook/cmake_prefix_path.ps1'
[2.651s] INFO:colcon.colcon_core.shell:Creating environment descriptor '/home/jack/work/install/hiwin_libmodbus/share/hiwin_libmodbus/hook/cmake_prefix_path.dsv'
[2.652s] INFO:colcon.colcon_core.shell:Creating environment hook '/home/jack/work/install/hiwin_libmodbus/share/hiwin_libmodbus/hook/cmake_prefix_path.sh'
[2.654s] Level 1:colcon.colcon_core.environment:checking '/home/jack/work/install/hiwin_libmodbus/lib'
[2.654s] Level 1:colcon.colcon_core.shell:create_environment_hook('hiwin_libmodbus', 'ld_library_path_lib')
[2.655s] INFO:colcon.colcon_core.shell:Creating environment hook '/home/jack/work/install/hiwin_libmodbus/share/hiwin_libmodbus/hook/ld_library_path_lib.ps1'
[2.656s] INFO:colcon.colcon_core.shell:Creating environment descriptor '/home/jack/work/install/hiwin_libmodbus/share/hiwin_libmodbus/hook/ld_library_path_lib.dsv'
[2.657s] INFO:colcon.colcon_core.shell:Creating environment hook '/home/jack/work/install/hiwin_libmodbus/share/hiwin_libmodbus/hook/ld_library_path_lib.sh'
[2.658s] Level 1:colcon.colcon_core.environment:checking '/home/jack/work/install/hiwin_libmodbus/bin'
[2.658s] Level 1:colcon.colcon_core.environment:checking '/home/jack/work/install/hiwin_libmodbus/lib/pkgconfig/hiwin_libmodbus.pc'
[2.658s] Level 1:colcon.colcon_core.environment:checking '/home/jack/work/install/hiwin_libmodbus/lib/python3.10/site-packages'
[2.659s] Level 1:colcon.colcon_core.environment:checking '/home/jack/work/install/hiwin_libmodbus/bin'
[2.660s] INFO:colcon.colcon_core.shell:Creating package script '/home/jack/work/install/hiwin_libmodbus/share/hiwin_libmodbus/package.ps1'
[2.662s] INFO:colcon.colcon_core.shell:Creating package descriptor '/home/jack/work/install/hiwin_libmodbus/share/hiwin_libmodbus/package.dsv'
[2.663s] INFO:colcon.colcon_core.shell:Creating package script '/home/jack/work/install/hiwin_libmodbus/share/hiwin_libmodbus/package.sh'
[2.664s] INFO:colcon.colcon_core.shell:Creating package script '/home/jack/work/install/hiwin_libmodbus/share/hiwin_libmodbus/package.bash'
[2.665s] INFO:colcon.colcon_core.shell:Creating package script '/home/jack/work/install/hiwin_libmodbus/share/hiwin_libmodbus/package.zsh'
[2.665s] Level 1:colcon.colcon_core.environment:create_file_with_runtime_dependencies(/home/jack/work/install/hiwin_libmodbus/share/colcon-core/packages/hiwin_libmodbus)
[2.667s] Level 1:colcon.colcon_core.environment:create_environment_scripts_only(hiwin_libmodbus)
[2.668s] Level 1:colcon.colcon_core.environment:checking '/home/jack/work/install/hiwin_libmodbus' for CMake module files
[2.669s] Level 1:colcon.colcon_core.environment:checking '/home/jack/work/install/hiwin_libmodbus' for CMake config files
[2.669s] Level 1:colcon.colcon_core.shell:create_environment_hook('hiwin_libmodbus', 'cmake_prefix_path')
[2.670s] INFO:colcon.colcon_core.shell:Creating environment hook '/home/jack/work/install/hiwin_libmodbus/share/hiwin_libmodbus/hook/cmake_prefix_path.ps1'
[2.671s] INFO:colcon.colcon_core.shell:Creating environment descriptor '/home/jack/work/install/hiwin_libmodbus/share/hiwin_libmodbus/hook/cmake_prefix_path.dsv'
[2.672s] INFO:colcon.colcon_core.shell:Creating environment hook '/home/jack/work/install/hiwin_libmodbus/share/hiwin_libmodbus/hook/cmake_prefix_path.sh'
[2.673s] Level 1:colcon.colcon_core.environment:checking '/home/jack/work/install/hiwin_libmodbus/lib'
[2.673s] Level 1:colcon.colcon_core.shell:create_environment_hook('hiwin_libmodbus', 'ld_library_path_lib')
[2.674s] INFO:colcon.colcon_core.shell:Creating environment hook '/home/jack/work/install/hiwin_libmodbus/share/hiwin_libmodbus/hook/ld_library_path_lib.ps1'
[2.675s] INFO:colcon.colcon_core.shell:Creating environment descriptor '/home/jack/work/install/hiwin_libmodbus/share/hiwin_libmodbus/hook/ld_library_path_lib.dsv'
[2.675s] INFO:colcon.colcon_core.shell:Creating environment hook '/home/jack/work/install/hiwin_libmodbus/share/hiwin_libmodbus/hook/ld_library_path_lib.sh'
[2.676s] Level 1:colcon.colcon_core.environment:checking '/home/jack/work/install/hiwin_libmodbus/bin'
[2.676s] Level 1:colcon.colcon_core.environment:checking '/home/jack/work/install/hiwin_libmodbus/lib/pkgconfig/hiwin_libmodbus.pc'
[2.676s] Level 1:colcon.colcon_core.environment:checking '/home/jack/work/install/hiwin_libmodbus/lib/python3.10/site-packages'
[2.677s] Level 1:colcon.colcon_core.environment:checking '/home/jack/work/install/hiwin_libmodbus/bin'
[2.677s] INFO:colcon.colcon_core.shell:Creating package script '/home/jack/work/install/hiwin_libmodbus/share/hiwin_libmodbus/package.ps1'
[2.678s] INFO:colcon.colcon_core.shell:Creating package descriptor '/home/jack/work/install/hiwin_libmodbus/share/hiwin_libmodbus/package.dsv'
[2.679s] INFO:colcon.colcon_core.shell:Creating package script '/home/jack/work/install/hiwin_libmodbus/share/hiwin_libmodbus/package.sh'
[2.679s] INFO:colcon.colcon_core.shell:Creating package script '/home/jack/work/install/hiwin_libmodbus/share/hiwin_libmodbus/package.bash'
[2.680s] INFO:colcon.colcon_core.shell:Creating package script '/home/jack/work/install/hiwin_libmodbus/share/hiwin_libmodbus/package.zsh'
[2.680s] Level 1:colcon.colcon_core.environment:create_file_with_runtime_dependencies(/home/jack/work/install/hiwin_libmodbus/share/colcon-core/packages/hiwin_libmodbus)
[2.681s] INFO:colcon.colcon_ros.task.ament_cmake.build:Building ROS package in '/home/jack/work/src/Hiwin_libmodbus/hiwin_service_client' with build type 'ament_cmake'
[2.681s] INFO:colcon.colcon_cmake.task.cmake.build:Building CMake package in '/home/jack/work/src/Hiwin_libmodbus/hiwin_service_client'
[2.681s] INFO:colcon.colcon_core.shell:Skip shell extension 'powershell' for command environment: Not usable outside of PowerShell
[2.681s] DEBUG:colcon.colcon_core.shell:Skip shell extension 'dsv' for command environment
[2.695s] DEBUG:colcon.colcon_core.event_handler.log_command:Invoking command in '/home/jack/work/src/pool/detect/yolov7_obj_detect': CMAKE_PREFIX_PATH=/home/jack/work/install/detect_interface:/home/jack/work/install/realsense2_description:/home/jack/work/install/realsense2_camera:/home/jack/work/install/realsense2_camera_msgs:/home/jack/work/install/hiwin_service_client:/home/jack/work/install/hiwin_libmodbus:/home/jack/work/install/hiwin_interfaces LD_LIBRARY_PATH=/home/jack/work/install/detect_interface/lib:/home/jack/work/install/realsense2_camera/lib:/home/jack/work/install/realsense2_camera_msgs/lib:/home/jack/work/install/hiwin_libmodbus/lib:/home/jack/work/install/hiwin_interfaces/lib:/opt/ros/humble/opt/rviz_ogre_vendor/lib:/opt/ros/humble/lib/x86_64-linux-gnu:/opt/ros/humble/lib:/usr/local/nvidia/lib:/usr/local/nvidia/lib64 PYTHONPATH=/home/jack/work/build/yolov7_obj_detect/prefix_override:/usr/lib/python3/dist-packages/colcon_core/task/python/colcon_distutils_commands:/home/jack/work/install/yolov7_obj_detect/lib/python3.10/site-packages:${PYTHONPATH} /usr/bin/python3 -W ignore:setup.py install is deprecated -W ignore:easy_install command is deprecated setup.py egg_info --egg-base ../../../../build/yolov7_obj_detect build --build-base /home/jack/work/build/yolov7_obj_detect/build install --record /home/jack/work/build/yolov7_obj_detect/install.log --single-version-externally-managed install_data
[2.708s] DEBUG:colcon.colcon_core.event_handler.log_command:Invoking command in '/home/jack/work/build/hiwin_service_client': CMAKE_PREFIX_PATH=/home/jack/work/install/hiwin_libmodbus:/home/jack/work/install/hiwin_interfaces:/home/jack/work/install/realsense2_description:/home/jack/work/install/realsense2_camera:/home/jack/work/install/realsense2_camera_msgs:/home/jack/work/install/hiwin_service_client:/home/jack/work/install/detect_interface:/home/jack/work/install/yolov7_obj_detect:/home/jack/work/install/hiwin_example:/home/jack/work/install/hiwin_control:/home/jack/work/install/center:/opt/ros/humble LD_LIBRARY_PATH=/home/jack/work/install/hiwin_libmodbus/lib:/home/jack/work/install/hiwin_interfaces/lib:/home/jack/work/install/realsense2_camera/lib:/home/jack/work/install/realsense2_camera_msgs/lib:/home/jack/work/install/detect_interface/lib:/opt/ros/humble/opt/rviz_ogre_vendor/lib:/opt/ros/humble/lib/x86_64-linux-gnu:/opt/ros/humble/lib:/usr/local/nvidia/lib:/usr/local/nvidia/lib64 /usr/bin/cmake --build /home/jack/work/build/hiwin_service_client -- -j16 -l16
[2.778s] DEBUG:colcon.colcon_core.event_handler.log_command:Invoked command in '/home/jack/work/build/hiwin_service_client' returned '0': CMAKE_PREFIX_PATH=/home/jack/work/install/hiwin_libmodbus:/home/jack/work/install/hiwin_interfaces:/home/jack/work/install/realsense2_description:/home/jack/work/install/realsense2_camera:/home/jack/work/install/realsense2_camera_msgs:/home/jack/work/install/hiwin_service_client:/home/jack/work/install/detect_interface:/home/jack/work/install/yolov7_obj_detect:/home/jack/work/install/hiwin_example:/home/jack/work/install/hiwin_control:/home/jack/work/install/center:/opt/ros/humble LD_LIBRARY_PATH=/home/jack/work/install/hiwin_libmodbus/lib:/home/jack/work/install/hiwin_interfaces/lib:/home/jack/work/install/realsense2_camera/lib:/home/jack/work/install/realsense2_camera_msgs/lib:/home/jack/work/install/detect_interface/lib:/opt/ros/humble/opt/rviz_ogre_vendor/lib:/opt/ros/humble/lib/x86_64-linux-gnu:/opt/ros/humble/lib:/usr/local/nvidia/lib:/usr/local/nvidia/lib64 /usr/bin/cmake --build /home/jack/work/build/hiwin_service_client -- -j16 -l16
[2.781s] DEBUG:colcon.colcon_core.event_handler.log_command:Invoking command in '/home/jack/work/build/hiwin_service_client': CMAKE_PREFIX_PATH=/home/jack/work/install/hiwin_libmodbus:/home/jack/work/install/hiwin_interfaces:/home/jack/work/install/realsense2_description:/home/jack/work/install/realsense2_camera:/home/jack/work/install/realsense2_camera_msgs:/home/jack/work/install/hiwin_service_client:/home/jack/work/install/detect_interface:/home/jack/work/install/yolov7_obj_detect:/home/jack/work/install/hiwin_example:/home/jack/work/install/hiwin_control:/home/jack/work/install/center:/opt/ros/humble LD_LIBRARY_PATH=/home/jack/work/install/hiwin_libmodbus/lib:/home/jack/work/install/hiwin_interfaces/lib:/home/jack/work/install/realsense2_camera/lib:/home/jack/work/install/realsense2_camera_msgs/lib:/home/jack/work/install/detect_interface/lib:/opt/ros/humble/opt/rviz_ogre_vendor/lib:/opt/ros/humble/lib/x86_64-linux-gnu:/opt/ros/humble/lib:/usr/local/nvidia/lib:/usr/local/nvidia/lib64 /usr/bin/cmake --install /home/jack/work/build/hiwin_service_client
[2.797s] Level 1:colcon.colcon_core.environment:create_environment_scripts_only(hiwin_service_client)
[2.798s] Level 1:colcon.colcon_core.environment:checking '/home/jack/work/install/hiwin_service_client' for CMake module files
[2.799s] DEBUG:colcon.colcon_core.event_handler.log_command:Invoked command in '/home/jack/work/build/hiwin_service_client' returned '0': CMAKE_PREFIX_PATH=/home/jack/work/install/hiwin_libmodbus:/home/jack/work/install/hiwin_interfaces:/home/jack/work/install/realsense2_description:/home/jack/work/install/realsense2_camera:/home/jack/work/install/realsense2_camera_msgs:/home/jack/work/install/hiwin_service_client:/home/jack/work/install/detect_interface:/home/jack/work/install/yolov7_obj_detect:/home/jack/work/install/hiwin_example:/home/jack/work/install/hiwin_control:/home/jack/work/install/center:/opt/ros/humble LD_LIBRARY_PATH=/home/jack/work/install/hiwin_libmodbus/lib:/home/jack/work/install/hiwin_interfaces/lib:/home/jack/work/install/realsense2_camera/lib:/home/jack/work/install/realsense2_camera_msgs/lib:/home/jack/work/install/detect_interface/lib:/opt/ros/humble/opt/rviz_ogre_vendor/lib:/opt/ros/humble/lib/x86_64-linux-gnu:/opt/ros/humble/lib:/usr/local/nvidia/lib:/usr/local/nvidia/lib64 /usr/bin/cmake --install /home/jack/work/build/hiwin_service_client
[2.800s] Level 1:colcon.colcon_core.environment:checking '/home/jack/work/install/hiwin_service_client' for CMake config files
[2.801s] Level 1:colcon.colcon_core.shell:create_environment_hook('hiwin_service_client', 'cmake_prefix_path')
[2.801s] INFO:colcon.colcon_core.shell:Creating environment hook '/home/jack/work/install/hiwin_service_client/share/hiwin_service_client/hook/cmake_prefix_path.ps1'
[2.803s] INFO:colcon.colcon_core.shell:Creating environment descriptor '/home/jack/work/install/hiwin_service_client/share/hiwin_service_client/hook/cmake_prefix_path.dsv'
[2.804s] INFO:colcon.colcon_core.shell:Creating environment hook '/home/jack/work/install/hiwin_service_client/share/hiwin_service_client/hook/cmake_prefix_path.sh'
[2.805s] Level 1:colcon.colcon_core.environment:checking '/home/jack/work/install/hiwin_service_client/bin'
[2.805s] Level 1:colcon.colcon_core.environment:checking '/home/jack/work/install/hiwin_service_client/lib/pkgconfig/hiwin_service_client.pc'
[2.806s] Level 1:colcon.colcon_core.environment:checking '/home/jack/work/install/hiwin_service_client/lib/python3.10/site-packages'
[2.807s] Level 1:colcon.colcon_core.environment:checking '/home/jack/work/install/hiwin_service_client/bin'
[2.807s] INFO:colcon.colcon_core.shell:Creating package script '/home/jack/work/install/hiwin_service_client/share/hiwin_service_client/package.ps1'
[2.809s] INFO:colcon.colcon_core.shell:Creating package descriptor '/home/jack/work/install/hiwin_service_client/share/hiwin_service_client/package.dsv'
[2.809s] INFO:colcon.colcon_core.shell:Creating package script '/home/jack/work/install/hiwin_service_client/share/hiwin_service_client/package.sh'
[2.810s] INFO:colcon.colcon_core.shell:Creating package script '/home/jack/work/install/hiwin_service_client/share/hiwin_service_client/package.bash'
[2.810s] INFO:colcon.colcon_core.shell:Creating package script '/home/jack/work/install/hiwin_service_client/share/hiwin_service_client/package.zsh'
[2.811s] Level 1:colcon.colcon_core.environment:create_file_with_runtime_dependencies(/home/jack/work/install/hiwin_service_client/share/colcon-core/packages/hiwin_service_client)
[2.811s] Level 1:colcon.colcon_core.environment:create_environment_scripts_only(hiwin_service_client)
[2.812s] Level 1:colcon.colcon_core.environment:checking '/home/jack/work/install/hiwin_service_client' for CMake module files
[2.812s] Level 1:colcon.colcon_core.environment:checking '/home/jack/work/install/hiwin_service_client' for CMake config files
[2.813s] Level 1:colcon.colcon_core.shell:create_environment_hook('hiwin_service_client', 'cmake_prefix_path')
[2.813s] INFO:colcon.colcon_core.shell:Creating environment hook '/home/jack/work/install/hiwin_service_client/share/hiwin_service_client/hook/cmake_prefix_path.ps1'
[2.814s] INFO:colcon.colcon_core.shell:Creating environment descriptor '/home/jack/work/install/hiwin_service_client/share/hiwin_service_client/hook/cmake_prefix_path.dsv'
[2.814s] INFO:colcon.colcon_core.shell:Creating environment hook '/home/jack/work/install/hiwin_service_client/share/hiwin_service_client/hook/cmake_prefix_path.sh'
[2.815s] Level 1:colcon.colcon_core.environment:checking '/home/jack/work/install/hiwin_service_client/bin'
[2.815s] Level 1:colcon.colcon_core.environment:checking '/home/jack/work/install/hiwin_service_client/lib/pkgconfig/hiwin_service_client.pc'
[2.815s] Level 1:colcon.colcon_core.environment:checking '/home/jack/work/install/hiwin_service_client/lib/python3.10/site-packages'
[2.816s] Level 1:colcon.colcon_core.environment:checking '/home/jack/work/install/hiwin_service_client/bin'
[2.816s] INFO:colcon.colcon_core.shell:Creating package script '/home/jack/work/install/hiwin_service_client/share/hiwin_service_client/package.ps1'
[2.817s] INFO:colcon.colcon_core.shell:Creating package descriptor '/home/jack/work/install/hiwin_service_client/share/hiwin_service_client/package.dsv'
[2.818s] INFO:colcon.colcon_core.shell:Creating package script '/home/jack/work/install/hiwin_service_client/share/hiwin_service_client/package.sh'
[2.818s] INFO:colcon.colcon_core.shell:Creating package script '/home/jack/work/install/hiwin_service_client/share/hiwin_service_client/package.bash'
[2.819s] INFO:colcon.colcon_core.shell:Creating package script '/home/jack/work/install/hiwin_service_client/share/hiwin_service_client/package.zsh'
[2.819s] Level 1:colcon.colcon_core.environment:create_file_with_runtime_dependencies(/home/jack/work/install/hiwin_service_client/share/colcon-core/packages/hiwin_service_client)
[2.866s] DEBUG:colcon.colcon_core.event_handler.log_command:Invoked command in '/home/jack/work/build/realsense2_camera' returned '0': CMAKE_PREFIX_PATH=/home/jack/work/install/realsense2_camera_msgs:/home/jack/work/install/realsense2_description:/home/jack/work/install/realsense2_camera:/home/jack/work/install/hiwin_service_client:/home/jack/work/install/hiwin_libmodbus:/home/jack/work/install/hiwin_interfaces:/home/jack/work/install/detect_interface:/home/jack/work/install/yolov7_obj_detect:/home/jack/work/install/hiwin_example:/home/jack/work/install/hiwin_control:/home/jack/work/install/center:/opt/ros/humble LD_LIBRARY_PATH=/home/jack/work/install/realsense2_camera_msgs/lib:/home/jack/work/install/realsense2_camera/lib:/home/jack/work/install/hiwin_libmodbus/lib:/home/jack/work/install/hiwin_interfaces/lib:/home/jack/work/install/detect_interface/lib:/opt/ros/humble/opt/rviz_ogre_vendor/lib:/opt/ros/humble/lib/x86_64-linux-gnu:/opt/ros/humble/lib:/usr/local/nvidia/lib:/usr/local/nvidia/lib64 /usr/bin/cmake --build /home/jack/work/build/realsense2_camera -- -j16 -l16
[2.868s] DEBUG:colcon.colcon_core.event_handler.log_command:Invoking command in '/home/jack/work/build/realsense2_camera': CMAKE_PREFIX_PATH=/home/jack/work/install/realsense2_camera_msgs:/home/jack/work/install/realsense2_description:/home/jack/work/install/realsense2_camera:/home/jack/work/install/hiwin_service_client:/home/jack/work/install/hiwin_libmodbus:/home/jack/work/install/hiwin_interfaces:/home/jack/work/install/detect_interface:/home/jack/work/install/yolov7_obj_detect:/home/jack/work/install/hiwin_example:/home/jack/work/install/hiwin_control:/home/jack/work/install/center:/opt/ros/humble LD_LIBRARY_PATH=/home/jack/work/install/realsense2_camera_msgs/lib:/home/jack/work/install/realsense2_camera/lib:/home/jack/work/install/hiwin_libmodbus/lib:/home/jack/work/install/hiwin_interfaces/lib:/home/jack/work/install/detect_interface/lib:/opt/ros/humble/opt/rviz_ogre_vendor/lib:/opt/ros/humble/lib/x86_64-linux-gnu:/opt/ros/humble/lib:/usr/local/nvidia/lib:/usr/local/nvidia/lib64 /usr/bin/cmake --install /home/jack/work/build/realsense2_camera
[2.887s] Level 1:colcon.colcon_core.environment:create_environment_scripts_only(realsense2_camera)
[2.888s] Level 1:colcon.colcon_core.environment:checking '/home/jack/work/install/realsense2_camera' for CMake module files
[2.888s] DEBUG:colcon.colcon_core.event_handler.log_command:Invoked command in '/home/jack/work/build/realsense2_camera' returned '0': CMAKE_PREFIX_PATH=/home/jack/work/install/realsense2_camera_msgs:/home/jack/work/install/realsense2_description:/home/jack/work/install/realsense2_camera:/home/jack/work/install/hiwin_service_client:/home/jack/work/install/hiwin_libmodbus:/home/jack/work/install/hiwin_interfaces:/home/jack/work/install/detect_interface:/home/jack/work/install/yolov7_obj_detect:/home/jack/work/install/hiwin_example:/home/jack/work/install/hiwin_control:/home/jack/work/install/center:/opt/ros/humble LD_LIBRARY_PATH=/home/jack/work/install/realsense2_camera_msgs/lib:/home/jack/work/install/realsense2_camera/lib:/home/jack/work/install/hiwin_libmodbus/lib:/home/jack/work/install/hiwin_interfaces/lib:/home/jack/work/install/detect_interface/lib:/opt/ros/humble/opt/rviz_ogre_vendor/lib:/opt/ros/humble/lib/x86_64-linux-gnu:/opt/ros/humble/lib:/usr/local/nvidia/lib:/usr/local/nvidia/lib64 /usr/bin/cmake --install /home/jack/work/build/realsense2_camera
[2.889s] Level 1:colcon.colcon_core.environment:checking '/home/jack/work/install/realsense2_camera' for CMake config files
[2.889s] Level 1:colcon.colcon_core.shell:create_environment_hook('realsense2_camera', 'cmake_prefix_path')
[2.889s] INFO:colcon.colcon_core.shell:Creating environment hook '/home/jack/work/install/realsense2_camera/share/realsense2_camera/hook/cmake_prefix_path.ps1'
[2.890s] INFO:colcon.colcon_core.shell:Creating environment descriptor '/home/jack/work/install/realsense2_camera/share/realsense2_camera/hook/cmake_prefix_path.dsv'
[2.890s] INFO:colcon.colcon_core.shell:Creating environment hook '/home/jack/work/install/realsense2_camera/share/realsense2_camera/hook/cmake_prefix_path.sh'
[2.891s] Level 1:colcon.colcon_core.environment:checking '/home/jack/work/install/realsense2_camera/lib'
[2.891s] Level 1:colcon.colcon_core.shell:create_environment_hook('realsense2_camera', 'ld_library_path_lib')
[2.892s] INFO:colcon.colcon_core.shell:Creating environment hook '/home/jack/work/install/realsense2_camera/share/realsense2_camera/hook/ld_library_path_lib.ps1'
[2.892s] INFO:colcon.colcon_core.shell:Creating environment descriptor '/home/jack/work/install/realsense2_camera/share/realsense2_camera/hook/ld_library_path_lib.dsv'
[2.892s] INFO:colcon.colcon_core.shell:Creating environment hook '/home/jack/work/install/realsense2_camera/share/realsense2_camera/hook/ld_library_path_lib.sh'
[2.893s] Level 1:colcon.colcon_core.environment:checking '/home/jack/work/install/realsense2_camera/bin'
[2.893s] Level 1:colcon.colcon_core.environment:checking '/home/jack/work/install/realsense2_camera/lib/pkgconfig/realsense2_camera.pc'
[2.893s] Level 1:colcon.colcon_core.environment:checking '/home/jack/work/install/realsense2_camera/lib/python3.10/site-packages'
[2.894s] Level 1:colcon.colcon_core.environment:checking '/home/jack/work/install/realsense2_camera/bin'
[2.894s] INFO:colcon.colcon_core.shell:Creating package script '/home/jack/work/install/realsense2_camera/share/realsense2_camera/package.ps1'
[2.895s] INFO:colcon.colcon_core.shell:Creating package descriptor '/home/jack/work/install/realsense2_camera/share/realsense2_camera/package.dsv'
[2.895s] INFO:colcon.colcon_core.shell:Creating package script '/home/jack/work/install/realsense2_camera/share/realsense2_camera/package.sh'
[2.896s] INFO:colcon.colcon_core.shell:Creating package script '/home/jack/work/install/realsense2_camera/share/realsense2_camera/package.bash'
[2.896s] INFO:colcon.colcon_core.shell:Creating package script '/home/jack/work/install/realsense2_camera/share/realsense2_camera/package.zsh'
[2.897s] Level 1:colcon.colcon_core.environment:create_file_with_runtime_dependencies(/home/jack/work/install/realsense2_camera/share/colcon-core/packages/realsense2_camera)
[2.898s] Level 1:colcon.colcon_core.environment:create_environment_scripts_only(realsense2_camera)
[2.898s] Level 1:colcon.colcon_core.environment:checking '/home/jack/work/install/realsense2_camera' for CMake module files
[2.898s] Level 1:colcon.colcon_core.environment:checking '/home/jack/work/install/realsense2_camera' for CMake config files
[2.899s] Level 1:colcon.colcon_core.shell:create_environment_hook('realsense2_camera', 'cmake_prefix_path')
[2.899s] INFO:colcon.colcon_core.shell:Creating environment hook '/home/jack/work/install/realsense2_camera/share/realsense2_camera/hook/cmake_prefix_path.ps1'
[2.900s] INFO:colcon.colcon_core.shell:Creating environment descriptor '/home/jack/work/install/realsense2_camera/share/realsense2_camera/hook/cmake_prefix_path.dsv'
[2.900s] INFO:colcon.colcon_core.shell:Creating environment hook '/home/jack/work/install/realsense2_camera/share/realsense2_camera/hook/cmake_prefix_path.sh'
[2.901s] Level 1:colcon.colcon_core.environment:checking '/home/jack/work/install/realsense2_camera/lib'
[2.901s] Level 1:colcon.colcon_core.shell:create_environment_hook('realsense2_camera', 'ld_library_path_lib')
[2.901s] INFO:colcon.colcon_core.shell:Creating environment hook '/home/jack/work/install/realsense2_camera/share/realsense2_camera/hook/ld_library_path_lib.ps1'
[2.902s] INFO:colcon.colcon_core.shell:Creating environment descriptor '/home/jack/work/install/realsense2_camera/share/realsense2_camera/hook/ld_library_path_lib.dsv'
[2.902s] INFO:colcon.colcon_core.shell:Creating environment hook '/home/jack/work/install/realsense2_camera/share/realsense2_camera/hook/ld_library_path_lib.sh'
[2.902s] Level 1:colcon.colcon_core.environment:checking '/home/jack/work/install/realsense2_camera/bin'
[2.903s] Level 1:colcon.colcon_core.environment:checking '/home/jack/work/install/realsense2_camera/lib/pkgconfig/realsense2_camera.pc'
[2.903s] Level 1:colcon.colcon_core.environment:checking '/home/jack/work/install/realsense2_camera/lib/python3.10/site-packages'
[2.903s] Level 1:colcon.colcon_core.environment:checking '/home/jack/work/install/realsense2_camera/bin'
[2.904s] INFO:colcon.colcon_core.shell:Creating package script '/home/jack/work/install/realsense2_camera/share/realsense2_camera/package.ps1'
[2.905s] INFO:colcon.colcon_core.shell:Creating package descriptor '/home/jack/work/install/realsense2_camera/share/realsense2_camera/package.dsv'
[2.906s] INFO:colcon.colcon_core.shell:Creating package script '/home/jack/work/install/realsense2_camera/share/realsense2_camera/package.sh'
[2.906s] INFO:colcon.colcon_core.shell:Creating package script '/home/jack/work/install/realsense2_camera/share/realsense2_camera/package.bash'
[2.907s] INFO:colcon.colcon_core.shell:Creating package script '/home/jack/work/install/realsense2_camera/share/realsense2_camera/package.zsh'
[2.907s] Level 1:colcon.colcon_core.environment:create_file_with_runtime_dependencies(/home/jack/work/install/realsense2_camera/share/colcon-core/packages/realsense2_camera)
[2.938s] DEBUG:colcon.colcon_core.event_handler.log_command:Invoking command in '/home/jack/work/src/pool/center': CMAKE_PREFIX_PATH=/home/jack/work/install/detect_interface:/home/jack/work/install/realsense2_description:/home/jack/work/install/realsense2_camera:/home/jack/work/install/realsense2_camera_msgs:/home/jack/work/install/hiwin_service_client:/home/jack/work/install/hiwin_libmodbus:/home/jack/work/install/hiwin_interfaces LD_LIBRARY_PATH=/home/jack/work/install/detect_interface/lib:/home/jack/work/install/realsense2_camera/lib:/home/jack/work/install/realsense2_camera_msgs/lib:/home/jack/work/install/hiwin_libmodbus/lib:/home/jack/work/install/hiwin_interfaces/lib:/opt/ros/humble/opt/rviz_ogre_vendor/lib:/opt/ros/humble/lib/x86_64-linux-gnu:/opt/ros/humble/lib:/usr/local/nvidia/lib:/usr/local/nvidia/lib64 PYTHONPATH=/home/jack/work/build/center/prefix_override:/usr/lib/python3/dist-packages/colcon_core/task/python/colcon_distutils_commands:/home/jack/work/install/center/lib/python3.10/site-packages:${PYTHONPATH} /usr/bin/python3 -W ignore:setup.py install is deprecated -W ignore:easy_install command is deprecated setup.py egg_info --egg-base ../../../build/center build --build-base /home/jack/work/build/center/build install --record /home/jack/work/build/center/install.log --single-version-externally-managed install_data
[3.025s] Level 1:colcon.colcon_core.environment:checking '/home/jack/work/install/hiwin_example' for CMake module files
[3.026s] DEBUG:colcon.colcon_core.event_handler.log_command:Invoked command in '/home/jack/work/src/Hiwin_libmodbus/hiwin_example' returned '0': PYTHONPATH=/home/jack/work/build/hiwin_example/prefix_override:/usr/lib/python3/dist-packages/colcon_core/task/python/colcon_distutils_commands:/home/jack/work/install/hiwin_example/lib/python3.10/site-packages:${PYTHONPATH} /usr/bin/python3 -W ignore:setup.py install is deprecated -W ignore:easy_install command is deprecated setup.py egg_info --egg-base ../../../build/hiwin_example build --build-base /home/jack/work/build/hiwin_example/build install --record /home/jack/work/build/hiwin_example/install.log --single-version-externally-managed install_data
[3.027s] Level 1:colcon.colcon_core.environment:checking '/home/jack/work/install/hiwin_example' for CMake config files
[3.028s] Level 1:colcon.colcon_core.environment:checking '/home/jack/work/install/hiwin_example/lib'
[3.028s] Level 1:colcon.colcon_core.environment:checking '/home/jack/work/install/hiwin_example/bin'
[3.028s] Level 1:colcon.colcon_core.environment:checking '/home/jack/work/install/hiwin_example/lib/pkgconfig/hiwin_example.pc'
[3.029s] Level 1:colcon.colcon_core.environment:checking '/home/jack/work/install/hiwin_example/lib/python3.10/site-packages'
[3.029s] Level 1:colcon.colcon_core.shell:create_environment_hook('hiwin_example', 'pythonpath')
[3.029s] INFO:colcon.colcon_core.shell:Creating environment hook '/home/jack/work/install/hiwin_example/share/hiwin_example/hook/pythonpath.ps1'
[3.030s] INFO:colcon.colcon_core.shell:Creating environment descriptor '/home/jack/work/install/hiwin_example/share/hiwin_example/hook/pythonpath.dsv'
[3.031s] INFO:colcon.colcon_core.shell:Creating environment hook '/home/jack/work/install/hiwin_example/share/hiwin_example/hook/pythonpath.sh'
[3.032s] Level 1:colcon.colcon_core.environment:checking '/home/jack/work/install/hiwin_example/bin'
[3.032s] Level 1:colcon.colcon_core.environment:create_environment_scripts_only(hiwin_example)
[3.033s] INFO:colcon.colcon_core.shell:Creating package script '/home/jack/work/install/hiwin_example/share/hiwin_example/package.ps1'
[3.034s] INFO:colcon.colcon_core.shell:Creating package descriptor '/home/jack/work/install/hiwin_example/share/hiwin_example/package.dsv'
[3.035s] INFO:colcon.colcon_core.shell:Creating package script '/home/jack/work/install/hiwin_example/share/hiwin_example/package.sh'
[3.036s] INFO:colcon.colcon_core.shell:Creating package script '/home/jack/work/install/hiwin_example/share/hiwin_example/package.bash'
[3.036s] INFO:colcon.colcon_core.shell:Creating package script '/home/jack/work/install/hiwin_example/share/hiwin_example/package.zsh'
[3.037s] Level 1:colcon.colcon_core.environment:create_file_with_runtime_dependencies(/home/jack/work/install/hiwin_example/share/colcon-core/packages/hiwin_example)
[3.087s] DEBUG:colcon.colcon_core.event_handler.log_command:Invoking command in '/home/jack/work/src/hiwin_control': CMAKE_PREFIX_PATH=/home/jack/work/install/detect_interface:/home/jack/work/install/realsense2_description:/home/jack/work/install/realsense2_camera:/home/jack/work/install/realsense2_camera_msgs:/home/jack/work/install/hiwin_service_client:/home/jack/work/install/hiwin_libmodbus:/home/jack/work/install/hiwin_interfaces LD_LIBRARY_PATH=/home/jack/work/install/detect_interface/lib:/home/jack/work/install/realsense2_camera/lib:/home/jack/work/install/realsense2_camera_msgs/lib:/home/jack/work/install/hiwin_libmodbus/lib:/home/jack/work/install/hiwin_interfaces/lib:/opt/ros/humble/opt/rviz_ogre_vendor/lib:/opt/ros/humble/lib/x86_64-linux-gnu:/opt/ros/humble/lib:/usr/local/nvidia/lib:/usr/local/nvidia/lib64 PYTHONPATH=/home/jack/work/build/hiwin_control/prefix_override:/usr/lib/python3/dist-packages/colcon_core/task/python/colcon_distutils_commands:/home/jack/work/install/hiwin_control/lib/python3.10/site-packages:${PYTHONPATH} /usr/bin/python3 -W ignore:setup.py install is deprecated -W ignore:easy_install command is deprecated setup.py egg_info --egg-base ../../build/hiwin_control build --build-base /home/jack/work/build/hiwin_control/build install --record /home/jack/work/build/hiwin_control/install.log --single-version-externally-managed install_data
[3.467s] Level 1:colcon.colcon_core.environment:checking '/home/jack/work/install/center' for CMake module files
[3.468s] DEBUG:colcon.colcon_core.event_handler.log_command:Invoked command in '/home/jack/work/src/pool/center' returned '0': CMAKE_PREFIX_PATH=/home/jack/work/install/detect_interface:/home/jack/work/install/realsense2_description:/home/jack/work/install/realsense2_camera:/home/jack/work/install/realsense2_camera_msgs:/home/jack/work/install/hiwin_service_client:/home/jack/work/install/hiwin_libmodbus:/home/jack/work/install/hiwin_interfaces LD_LIBRARY_PATH=/home/jack/work/install/detect_interface/lib:/home/jack/work/install/realsense2_camera/lib:/home/jack/work/install/realsense2_camera_msgs/lib:/home/jack/work/install/hiwin_libmodbus/lib:/home/jack/work/install/hiwin_interfaces/lib:/opt/ros/humble/opt/rviz_ogre_vendor/lib:/opt/ros/humble/lib/x86_64-linux-gnu:/opt/ros/humble/lib:/usr/local/nvidia/lib:/usr/local/nvidia/lib64 PYTHONPATH=/home/jack/work/build/center/prefix_override:/usr/lib/python3/dist-packages/colcon_core/task/python/colcon_distutils_commands:/home/jack/work/install/center/lib/python3.10/site-packages:${PYTHONPATH} /usr/bin/python3 -W ignore:setup.py install is deprecated -W ignore:easy_install command is deprecated setup.py egg_info --egg-base ../../../build/center build --build-base /home/jack/work/build/center/build install --record /home/jack/work/build/center/install.log --single-version-externally-managed install_data
[3.469s] Level 1:colcon.colcon_core.environment:checking '/home/jack/work/install/center' for CMake config files
[3.470s] Level 1:colcon.colcon_core.environment:checking '/home/jack/work/install/center/lib'
[3.470s] Level 1:colcon.colcon_core.environment:checking '/home/jack/work/install/center/bin'
[3.471s] Level 1:colcon.colcon_core.environment:checking '/home/jack/work/install/center/lib/pkgconfig/center.pc'
[3.471s] Level 1:colcon.colcon_core.environment:checking '/home/jack/work/install/center/lib/python3.10/site-packages'
[3.471s] Level 1:colcon.colcon_core.shell:create_environment_hook('center', 'pythonpath')
[3.471s] INFO:colcon.colcon_core.shell:Creating environment hook '/home/jack/work/install/center/share/center/hook/pythonpath.ps1'
[3.472s] INFO:colcon.colcon_core.shell:Creating environment descriptor '/home/jack/work/install/center/share/center/hook/pythonpath.dsv'
[3.472s] INFO:colcon.colcon_core.shell:Creating environment hook '/home/jack/work/install/center/share/center/hook/pythonpath.sh'
[3.473s] Level 1:colcon.colcon_core.environment:checking '/home/jack/work/install/center/bin'
[3.473s] Level 1:colcon.colcon_core.environment:create_environment_scripts_only(center)
[3.473s] INFO:colcon.colcon_core.shell:Creating package script '/home/jack/work/install/center/share/center/package.ps1'
[3.474s] INFO:colcon.colcon_core.shell:Creating package descriptor '/home/jack/work/install/center/share/center/package.dsv'
[3.474s] INFO:colcon.colcon_core.shell:Creating package script '/home/jack/work/install/center/share/center/package.sh'
[3.474s] INFO:colcon.colcon_core.shell:Creating package script '/home/jack/work/install/center/share/center/package.bash'
[3.475s] INFO:colcon.colcon_core.shell:Creating package script '/home/jack/work/install/center/share/center/package.zsh'
[3.475s] Level 1:colcon.colcon_core.environment:create_file_with_runtime_dependencies(/home/jack/work/install/center/share/colcon-core/packages/center)
[3.511s] Level 1:colcon.colcon_core.environment:checking '/home/jack/work/install/yolov7_obj_detect' for CMake module files
[3.512s] DEBUG:colcon.colcon_core.event_handler.log_command:Invoked command in '/home/jack/work/src/pool/detect/yolov7_obj_detect' returned '0': CMAKE_PREFIX_PATH=/home/jack/work/install/detect_interface:/home/jack/work/install/realsense2_description:/home/jack/work/install/realsense2_camera:/home/jack/work/install/realsense2_camera_msgs:/home/jack/work/install/hiwin_service_client:/home/jack/work/install/hiwin_libmodbus:/home/jack/work/install/hiwin_interfaces LD_LIBRARY_PATH=/home/jack/work/install/detect_interface/lib:/home/jack/work/install/realsense2_camera/lib:/home/jack/work/install/realsense2_camera_msgs/lib:/home/jack/work/install/hiwin_libmodbus/lib:/home/jack/work/install/hiwin_interfaces/lib:/opt/ros/humble/opt/rviz_ogre_vendor/lib:/opt/ros/humble/lib/x86_64-linux-gnu:/opt/ros/humble/lib:/usr/local/nvidia/lib:/usr/local/nvidia/lib64 PYTHONPATH=/home/jack/work/build/yolov7_obj_detect/prefix_override:/usr/lib/python3/dist-packages/colcon_core/task/python/colcon_distutils_commands:/home/jack/work/install/yolov7_obj_detect/lib/python3.10/site-packages:${PYTHONPATH} /usr/bin/python3 -W ignore:setup.py install is deprecated -W ignore:easy_install command is deprecated setup.py egg_info --egg-base ../../../../build/yolov7_obj_detect build --build-base /home/jack/work/build/yolov7_obj_detect/build install --record /home/jack/work/build/yolov7_obj_detect/install.log --single-version-externally-managed install_data
[3.512s] Level 1:colcon.colcon_core.environment:checking '/home/jack/work/install/yolov7_obj_detect' for CMake config files
[3.513s] Level 1:colcon.colcon_core.environment:checking '/home/jack/work/install/yolov7_obj_detect/lib'
[3.513s] Level 1:colcon.colcon_core.environment:checking '/home/jack/work/install/yolov7_obj_detect/bin'
[3.513s] Level 1:colcon.colcon_core.environment:checking '/home/jack/work/install/yolov7_obj_detect/lib/pkgconfig/yolov7_obj_detect.pc'
[3.513s] Level 1:colcon.colcon_core.environment:checking '/home/jack/work/install/yolov7_obj_detect/lib/python3.10/site-packages'
[3.514s] Level 1:colcon.colcon_core.shell:create_environment_hook('yolov7_obj_detect', 'pythonpath')
[3.514s] INFO:colcon.colcon_core.shell:Creating environment hook '/home/jack/work/install/yolov7_obj_detect/share/yolov7_obj_detect/hook/pythonpath.ps1'
[3.514s] INFO:colcon.colcon_core.shell:Creating environment descriptor '/home/jack/work/install/yolov7_obj_detect/share/yolov7_obj_detect/hook/pythonpath.dsv'
[3.515s] INFO:colcon.colcon_core.shell:Creating environment hook '/home/jack/work/install/yolov7_obj_detect/share/yolov7_obj_detect/hook/pythonpath.sh'
[3.516s] Level 1:colcon.colcon_core.environment:checking '/home/jack/work/install/yolov7_obj_detect/bin'
[3.516s] Level 1:colcon.colcon_core.environment:create_environment_scripts_only(yolov7_obj_detect)
[3.516s] INFO:colcon.colcon_core.shell:Creating package script '/home/jack/work/install/yolov7_obj_detect/share/yolov7_obj_detect/package.ps1'
[3.517s] INFO:colcon.colcon_core.shell:Creating package descriptor '/home/jack/work/install/yolov7_obj_detect/share/yolov7_obj_detect/package.dsv'
[3.517s] INFO:colcon.colcon_core.shell:Creating package script '/home/jack/work/install/yolov7_obj_detect/share/yolov7_obj_detect/package.sh'
[3.517s] INFO:colcon.colcon_core.shell:Creating package script '/home/jack/work/install/yolov7_obj_detect/share/yolov7_obj_detect/package.bash'
[3.518s] INFO:colcon.colcon_core.shell:Creating package script '/home/jack/work/install/yolov7_obj_detect/share/yolov7_obj_detect/package.zsh'
[3.518s] Level 1:colcon.colcon_core.environment:create_file_with_runtime_dependencies(/home/jack/work/install/yolov7_obj_detect/share/colcon-core/packages/yolov7_obj_detect)
[3.608s] Level 1:colcon.colcon_core.environment:checking '/home/jack/work/install/hiwin_control' for CMake module files
[3.609s] DEBUG:colcon.colcon_core.event_handler.log_command:Invoked command in '/home/jack/work/src/hiwin_control' returned '0': CMAKE_PREFIX_PATH=/home/jack/work/install/detect_interface:/home/jack/work/install/realsense2_description:/home/jack/work/install/realsense2_camera:/home/jack/work/install/realsense2_camera_msgs:/home/jack/work/install/hiwin_service_client:/home/jack/work/install/hiwin_libmodbus:/home/jack/work/install/hiwin_interfaces LD_LIBRARY_PATH=/home/jack/work/install/detect_interface/lib:/home/jack/work/install/realsense2_camera/lib:/home/jack/work/install/realsense2_camera_msgs/lib:/home/jack/work/install/hiwin_libmodbus/lib:/home/jack/work/install/hiwin_interfaces/lib:/opt/ros/humble/opt/rviz_ogre_vendor/lib:/opt/ros/humble/lib/x86_64-linux-gnu:/opt/ros/humble/lib:/usr/local/nvidia/lib:/usr/local/nvidia/lib64 PYTHONPATH=/home/jack/work/build/hiwin_control/prefix_override:/usr/lib/python3/dist-packages/colcon_core/task/python/colcon_distutils_commands:/home/jack/work/install/hiwin_control/lib/python3.10/site-packages:${PYTHONPATH} /usr/bin/python3 -W ignore:setup.py install is deprecated -W ignore:easy_install command is deprecated setup.py egg_info --egg-base ../../build/hiwin_control build --build-base /home/jack/work/build/hiwin_control/build install --record /home/jack/work/build/hiwin_control/install.log --single-version-externally-managed install_data
[3.609s] Level 1:colcon.colcon_core.environment:checking '/home/jack/work/install/hiwin_control' for CMake config files
[3.610s] Level 1:colcon.colcon_core.environment:checking '/home/jack/work/install/hiwin_control/lib'
[3.610s] Level 1:colcon.colcon_core.environment:checking '/home/jack/work/install/hiwin_control/bin'
[3.610s] Level 1:colcon.colcon_core.environment:checking '/home/jack/work/install/hiwin_control/lib/pkgconfig/hiwin_control.pc'
[3.610s] Level 1:colcon.colcon_core.environment:checking '/home/jack/work/install/hiwin_control/lib/python3.10/site-packages'
[3.610s] Level 1:colcon.colcon_core.shell:create_environment_hook('hiwin_control', 'pythonpath')
[3.610s] INFO:colcon.colcon_core.shell:Creating environment hook '/home/jack/work/install/hiwin_control/share/hiwin_control/hook/pythonpath.ps1'
[3.611s] INFO:colcon.colcon_core.shell:Creating environment descriptor '/home/jack/work/install/hiwin_control/share/hiwin_control/hook/pythonpath.dsv'
[3.611s] INFO:colcon.colcon_core.shell:Creating environment hook '/home/jack/work/install/hiwin_control/share/hiwin_control/hook/pythonpath.sh'
[3.611s] Level 1:colcon.colcon_core.environment:checking '/home/jack/work/install/hiwin_control/bin'
[3.611s] Level 1:colcon.colcon_core.environment:create_environment_scripts_only(hiwin_control)
[3.612s] INFO:colcon.colcon_core.shell:Creating package script '/home/jack/work/install/hiwin_control/share/hiwin_control/package.ps1'
[3.612s] INFO:colcon.colcon_core.shell:Creating package descriptor '/home/jack/work/install/hiwin_control/share/hiwin_control/package.dsv'
[3.613s] INFO:colcon.colcon_core.shell:Creating package script '/home/jack/work/install/hiwin_control/share/hiwin_control/package.sh'
[3.613s] INFO:colcon.colcon_core.shell:Creating package script '/home/jack/work/install/hiwin_control/share/hiwin_control/package.bash'
[3.613s] INFO:colcon.colcon_core.shell:Creating package script '/home/jack/work/install/hiwin_control/share/hiwin_control/package.zsh'
[3.614s] Level 1:colcon.colcon_core.environment:create_file_with_runtime_dependencies(/home/jack/work/install/hiwin_control/share/colcon-core/packages/hiwin_control)
[3.614s] DEBUG:colcon.colcon_parallel_executor.executor.parallel:closing loop
[3.614s] DEBUG:colcon.colcon_parallel_executor.executor.parallel:loop closed
[3.614s] DEBUG:colcon.colcon_parallel_executor.executor.parallel:run_until_complete finished with '0'
[3.614s] DEBUG:colcon.colcon_core.event_reactor:joining thread
[3.621s] INFO:colcon.colcon_core.plugin_system:Skipping extension 'colcon_notification.desktop_notification.notify_send': Could not find 'notify-send'
[3.621s] INFO:colcon.colcon_core.plugin_system:Skipping extension 'colcon_notification.desktop_notification.terminal_notifier': Not used on non-Darwin systems
[3.621s] INFO:colcon.colcon_core.plugin_system:Skipping extension 'colcon_notification.desktop_notification.win32': Not used on non-Windows systems
[3.621s] INFO:colcon.colcon_notification.desktop_notification:Sending desktop notification using 'notify2'
[3.623s] DEBUG:colcon.colcon_notification.desktop_notification.notify2:Failed to initialize notify2: org.freedesktop.DBus.Error.Spawn.ExecFailed: /usr/bin/dbus-launch terminated abnormally without any error message
[3.623s] DEBUG:colcon.colcon_core.event_reactor:joined thread
[3.624s] INFO:colcon.colcon_core.shell:Creating prefix script '/home/jack/work/install/local_setup.ps1'
[3.625s] INFO:colcon.colcon_core.shell:Creating prefix util module '/home/jack/work/install/_local_setup_util_ps1.py'
[3.626s] INFO:colcon.colcon_core.shell:Creating prefix chain script '/home/jack/work/install/setup.ps1'
[3.627s] INFO:colcon.colcon_core.shell:Creating prefix script '/home/jack/work/install/local_setup.sh'
[3.627s] INFO:colcon.colcon_core.shell:Creating prefix util module '/home/jack/work/install/_local_setup_util_sh.py'
[3.628s] INFO:colcon.colcon_core.shell:Creating prefix chain script '/home/jack/work/install/setup.sh'
[3.629s] INFO:colcon.colcon_core.shell:Creating prefix script '/home/jack/work/install/local_setup.bash'
[3.629s] INFO:colcon.colcon_core.shell:Creating prefix chain script '/home/jack/work/install/setup.bash'
[3.630s] INFO:colcon.colcon_core.shell:Creating prefix script '/home/jack/work/install/local_setup.zsh'
[3.630s] INFO:colcon.colcon_core.shell:Creating prefix chain script '/home/jack/work/install/setup.zsh'
