[0.113s] DEBUG:colcon:Command line arguments: ['/usr/bin/colcon', 'build', '--symlink-install', '--packages-select', 'hiwin_controller']
[0.113s] DEBUG:colcon:Parsed command line arguments: Namespace(log_base=None, log_level=None, verb_name='build', build_base='build', install_base='install', merge_install=False, symlink_install=True, test_result_base=None, continue_on_error=False, executor='parallel', parallel_workers=16, event_handlers=None, ignore_user_meta=False, metas=['./colcon.meta'], base_paths=['.'], packages_ignore=None, packages_ignore_regex=None, paths=None, packages_up_to=None, packages_up_to_regex=None, packages_above=None, packages_above_and_dependencies=None, packages_above_depth=None, packages_select_by_dep=None, packages_skip_by_dep=None, packages_skip_up_to=None, packages_select_build_failed=False, packages_skip_build_finished=False, packages_select_test_failures=False, packages_skip_test_passed=False, packages_select=['hiwin_controller'], packages_skip=None, packages_select_regex=None, packages_skip_regex=None, packages_start=None, packages_end=None, allow_overriding=[], cmake_args=None, cmake_target=None, cmake_target_skip_unavailable=False, cmake_clean_cache=False, cmake_clean_first=False, cmake_force_configure=False, ament_cmake_args=None, catkin_cmake_args=None, catkin_skip_building_tests=False, verb_parser=<colcon_defaults.argument_parser.defaults.DefaultArgumentsDecorator object at 0x72a86c1852a0>, verb_extension=<colcon_core.verb.build.BuildVerb object at 0x72a86c184cd0>, main=<bound method BuildVerb.main of <colcon_core.verb.build.BuildVerb object at 0x72a86c184cd0>>)
[0.152s] Level 1:colcon.colcon_core.package_discovery:discover_packages(colcon_meta) check parameters
[0.152s] Level 1:colcon.colcon_core.package_discovery:discover_packages(recursive) check parameters
[0.153s] Level 1:colcon.colcon_core.package_discovery:discover_packages(ignore) check parameters
[0.153s] Level 1:colcon.colcon_core.package_discovery:discover_packages(path) check parameters
[0.153s] Level 1:colcon.colcon_core.package_discovery:discover_packages(colcon_meta) discover
[0.153s] Level 1:colcon.colcon_core.package_discovery:discover_packages(recursive) discover
[0.153s] INFO:colcon.colcon_core.package_discovery:Crawling recursively for packages in '/home/jack/work'
[0.153s] Level 1:colcon.colcon_core.package_identification:_identify(.) by extensions ['ignore', 'ignore_ament_install']
[0.153s] Level 1:colcon.colcon_core.package_identification:_identify(.) by extension 'ignore'
[0.153s] Level 1:colcon.colcon_core.package_identification:_identify(.) by extension 'ignore_ament_install'
[0.153s] Level 1:colcon.colcon_core.package_identification:_identify(.) by extensions ['colcon_pkg']
[0.153s] Level 1:colcon.colcon_core.package_identification:_identify(.) by extension 'colcon_pkg'
[0.153s] Level 1:colcon.colcon_core.package_identification:_identify(.) by extensions ['colcon_meta']
[0.153s] Level 1:colcon.colcon_core.package_identification:_identify(.) by extension 'colcon_meta'
[0.153s] Level 1:colcon.colcon_core.package_identification:_identify(.) by extensions ['ros']
[0.153s] Level 1:colcon.colcon_core.package_identification:_identify(.) by extension 'ros'
[0.168s] Level 1:colcon.colcon_core.package_identification:_identify(.) by extensions ['cmake', 'python']
[0.169s] Level 1:colcon.colcon_core.package_identification:_identify(.) by extension 'cmake'
[0.169s] Level 1:colcon.colcon_core.package_identification:_identify(.) by extension 'python'
[0.169s] Level 1:colcon.colcon_core.package_identification:_identify(.) by extensions ['python_setup_py']
[0.169s] Level 1:colcon.colcon_core.package_identification:_identify(.) by extension 'python_setup_py'
[0.169s] Level 1:colcon.colcon_core.package_identification:_identify(build) by extensions ['ignore', 'ignore_ament_install']
[0.169s] Level 1:colcon.colcon_core.package_identification:_identify(build) by extension 'ignore'
[0.169s] Level 1:colcon.colcon_core.package_identification:_identify(build) ignored
[0.169s] Level 1:colcon.colcon_core.package_identification:_identify(docker) by extensions ['ignore', 'ignore_ament_install']
[0.169s] Level 1:colcon.colcon_core.package_identification:_identify(docker) by extension 'ignore'
[0.169s] Level 1:colcon.colcon_core.package_identification:_identify(docker) by extension 'ignore_ament_install'
[0.169s] Level 1:colcon.colcon_core.package_identification:_identify(docker) by extensions ['colcon_pkg']
[0.169s] Level 1:colcon.colcon_core.package_identification:_identify(docker) by extension 'colcon_pkg'
[0.169s] Level 1:colcon.colcon_core.package_identification:_identify(docker) by extensions ['colcon_meta']
[0.169s] Level 1:colcon.colcon_core.package_identification:_identify(docker) by extension 'colcon_meta'
[0.169s] Level 1:colcon.colcon_core.package_identification:_identify(docker) by extensions ['ros']
[0.169s] Level 1:colcon.colcon_core.package_identification:_identify(docker) by extension 'ros'
[0.170s] Level 1:colcon.colcon_core.package_identification:_identify(docker) by extensions ['cmake', 'python']
[0.170s] Level 1:colcon.colcon_core.package_identification:_identify(docker) by extension 'cmake'
[0.170s] Level 1:colcon.colcon_core.package_identification:_identify(docker) by extension 'python'
[0.170s] Level 1:colcon.colcon_core.package_identification:_identify(docker) by extensions ['python_setup_py']
[0.170s] Level 1:colcon.colcon_core.package_identification:_identify(docker) by extension 'python_setup_py'
[0.170s] Level 1:colcon.colcon_core.package_identification:_identify(docker/compose) by extensions ['ignore', 'ignore_ament_install']
[0.170s] Level 1:colcon.colcon_core.package_identification:_identify(docker/compose) by extension 'ignore'
[0.170s] Level 1:colcon.colcon_core.package_identification:_identify(docker/compose) by extension 'ignore_ament_install'
[0.170s] Level 1:colcon.colcon_core.package_identification:_identify(docker/compose) by extensions ['colcon_pkg']
[0.170s] Level 1:colcon.colcon_core.package_identification:_identify(docker/compose) by extension 'colcon_pkg'
[0.170s] Level 1:colcon.colcon_core.package_identification:_identify(docker/compose) by extensions ['colcon_meta']
[0.170s] Level 1:colcon.colcon_core.package_identification:_identify(docker/compose) by extension 'colcon_meta'
[0.170s] Level 1:colcon.colcon_core.package_identification:_identify(docker/compose) by extensions ['ros']
[0.170s] Level 1:colcon.colcon_core.package_identification:_identify(docker/compose) by extension 'ros'
[0.170s] Level 1:colcon.colcon_core.package_identification:_identify(docker/compose) by extensions ['cmake', 'python']
[0.170s] Level 1:colcon.colcon_core.package_identification:_identify(docker/compose) by extension 'cmake'
[0.170s] Level 1:colcon.colcon_core.package_identification:_identify(docker/compose) by extension 'python'
[0.170s] Level 1:colcon.colcon_core.package_identification:_identify(docker/compose) by extensions ['python_setup_py']
[0.170s] Level 1:colcon.colcon_core.package_identification:_identify(docker/compose) by extension 'python_setup_py'
[0.170s] Level 1:colcon.colcon_core.package_identification:_identify(docker/compose/config) by extensions ['ignore', 'ignore_ament_install']
[0.170s] Level 1:colcon.colcon_core.package_identification:_identify(docker/compose/config) by extension 'ignore'
[0.170s] Level 1:colcon.colcon_core.package_identification:_identify(docker/compose/config) by extension 'ignore_ament_install'
[0.170s] Level 1:colcon.colcon_core.package_identification:_identify(docker/compose/config) by extensions ['colcon_pkg']
[0.171s] Level 1:colcon.colcon_core.package_identification:_identify(docker/compose/config) by extension 'colcon_pkg'
[0.171s] Level 1:colcon.colcon_core.package_identification:_identify(docker/compose/config) by extensions ['colcon_meta']
[0.171s] Level 1:colcon.colcon_core.package_identification:_identify(docker/compose/config) by extension 'colcon_meta'
[0.171s] Level 1:colcon.colcon_core.package_identification:_identify(docker/compose/config) by extensions ['ros']
[0.171s] Level 1:colcon.colcon_core.package_identification:_identify(docker/compose/config) by extension 'ros'
[0.171s] Level 1:colcon.colcon_core.package_identification:_identify(docker/compose/config) by extensions ['cmake', 'python']
[0.171s] Level 1:colcon.colcon_core.package_identification:_identify(docker/compose/config) by extension 'cmake'
[0.171s] Level 1:colcon.colcon_core.package_identification:_identify(docker/compose/config) by extension 'python'
[0.171s] Level 1:colcon.colcon_core.package_identification:_identify(docker/compose/config) by extensions ['python_setup_py']
[0.171s] Level 1:colcon.colcon_core.package_identification:_identify(docker/compose/config) by extension 'python_setup_py'
[0.171s] Level 1:colcon.colcon_core.package_identification:_identify(docker/compose/config/pip) by extensions ['ignore', 'ignore_ament_install']
[0.171s] Level 1:colcon.colcon_core.package_identification:_identify(docker/compose/config/pip) by extension 'ignore'
[0.171s] Level 1:colcon.colcon_core.package_identification:_identify(docker/compose/config/pip) by extension 'ignore_ament_install'
[0.171s] Level 1:colcon.colcon_core.package_identification:_identify(docker/compose/config/pip) by extensions ['colcon_pkg']
[0.171s] Level 1:colcon.colcon_core.package_identification:_identify(docker/compose/config/pip) by extension 'colcon_pkg'
[0.171s] Level 1:colcon.colcon_core.package_identification:_identify(docker/compose/config/pip) by extensions ['colcon_meta']
[0.171s] Level 1:colcon.colcon_core.package_identification:_identify(docker/compose/config/pip) by extension 'colcon_meta'
[0.171s] Level 1:colcon.colcon_core.package_identification:_identify(docker/compose/config/pip) by extensions ['ros']
[0.171s] Level 1:colcon.colcon_core.package_identification:_identify(docker/compose/config/pip) by extension 'ros'
[0.171s] Level 1:colcon.colcon_core.package_identification:_identify(docker/compose/config/pip) by extensions ['cmake', 'python']
[0.171s] Level 1:colcon.colcon_core.package_identification:_identify(docker/compose/config/pip) by extension 'cmake'
[0.171s] Level 1:colcon.colcon_core.package_identification:_identify(docker/compose/config/pip) by extension 'python'
[0.171s] Level 1:colcon.colcon_core.package_identification:_identify(docker/compose/config/pip) by extensions ['python_setup_py']
[0.171s] Level 1:colcon.colcon_core.package_identification:_identify(docker/compose/config/pip) by extension 'python_setup_py'
[0.172s] Level 1:colcon.colcon_core.package_identification:_identify(docker/compose/config/shell) by extensions ['ignore', 'ignore_ament_install']
[0.172s] Level 1:colcon.colcon_core.package_identification:_identify(docker/compose/config/shell) by extension 'ignore'
[0.172s] Level 1:colcon.colcon_core.package_identification:_identify(docker/compose/config/shell) by extension 'ignore_ament_install'
[0.172s] Level 1:colcon.colcon_core.package_identification:_identify(docker/compose/config/shell) by extensions ['colcon_pkg']
[0.172s] Level 1:colcon.colcon_core.package_identification:_identify(docker/compose/config/shell) by extension 'colcon_pkg'
[0.172s] Level 1:colcon.colcon_core.package_identification:_identify(docker/compose/config/shell) by extensions ['colcon_meta']
[0.172s] Level 1:colcon.colcon_core.package_identification:_identify(docker/compose/config/shell) by extension 'colcon_meta'
[0.172s] Level 1:colcon.colcon_core.package_identification:_identify(docker/compose/config/shell) by extensions ['ros']
[0.172s] Level 1:colcon.colcon_core.package_identification:_identify(docker/compose/config/shell) by extension 'ros'
[0.172s] Level 1:colcon.colcon_core.package_identification:_identify(docker/compose/config/shell) by extensions ['cmake', 'python']
[0.172s] Level 1:colcon.colcon_core.package_identification:_identify(docker/compose/config/shell) by extension 'cmake'
[0.172s] Level 1:colcon.colcon_core.package_identification:_identify(docker/compose/config/shell) by extension 'python'
[0.172s] Level 1:colcon.colcon_core.package_identification:_identify(docker/compose/config/shell) by extensions ['python_setup_py']
[0.172s] Level 1:colcon.colcon_core.package_identification:_identify(docker/compose/config/shell) by extension 'python_setup_py'
[0.172s] Level 1:colcon.colcon_core.package_identification:_identify(docker/compose/config/shell/terminator) by extensions ['ignore', 'ignore_ament_install']
[0.172s] Level 1:colcon.colcon_core.package_identification:_identify(docker/compose/config/shell/terminator) by extension 'ignore'
[0.172s] Level 1:colcon.colcon_core.package_identification:_identify(docker/compose/config/shell/terminator) by extension 'ignore_ament_install'
[0.172s] Level 1:colcon.colcon_core.package_identification:_identify(docker/compose/config/shell/terminator) by extensions ['colcon_pkg']
[0.172s] Level 1:colcon.colcon_core.package_identification:_identify(docker/compose/config/shell/terminator) by extension 'colcon_pkg'
[0.172s] Level 1:colcon.colcon_core.package_identification:_identify(docker/compose/config/shell/terminator) by extensions ['colcon_meta']
[0.172s] Level 1:colcon.colcon_core.package_identification:_identify(docker/compose/config/shell/terminator) by extension 'colcon_meta'
[0.172s] Level 1:colcon.colcon_core.package_identification:_identify(docker/compose/config/shell/terminator) by extensions ['ros']
[0.172s] Level 1:colcon.colcon_core.package_identification:_identify(docker/compose/config/shell/terminator) by extension 'ros'
[0.173s] Level 1:colcon.colcon_core.package_identification:_identify(docker/compose/config/shell/terminator) by extensions ['cmake', 'python']
[0.173s] Level 1:colcon.colcon_core.package_identification:_identify(docker/compose/config/shell/terminator) by extension 'cmake'
[0.173s] Level 1:colcon.colcon_core.package_identification:_identify(docker/compose/config/shell/terminator) by extension 'python'
[0.173s] Level 1:colcon.colcon_core.package_identification:_identify(docker/compose/config/shell/terminator) by extensions ['python_setup_py']
[0.173s] Level 1:colcon.colcon_core.package_identification:_identify(docker/compose/config/shell/terminator) by extension 'python_setup_py'
[0.173s] Level 1:colcon.colcon_core.package_identification:_identify(docker/compose/config/shell/tmux) by extensions ['ignore', 'ignore_ament_install']
[0.173s] Level 1:colcon.colcon_core.package_identification:_identify(docker/compose/config/shell/tmux) by extension 'ignore'
[0.173s] Level 1:colcon.colcon_core.package_identification:_identify(docker/compose/config/shell/tmux) by extension 'ignore_ament_install'
[0.173s] Level 1:colcon.colcon_core.package_identification:_identify(docker/compose/config/shell/tmux) by extensions ['colcon_pkg']
[0.173s] Level 1:colcon.colcon_core.package_identification:_identify(docker/compose/config/shell/tmux) by extension 'colcon_pkg'
[0.173s] Level 1:colcon.colcon_core.package_identification:_identify(docker/compose/config/shell/tmux) by extensions ['colcon_meta']
[0.173s] Level 1:colcon.colcon_core.package_identification:_identify(docker/compose/config/shell/tmux) by extension 'colcon_meta'
[0.173s] Level 1:colcon.colcon_core.package_identification:_identify(docker/compose/config/shell/tmux) by extensions ['ros']
[0.173s] Level 1:colcon.colcon_core.package_identification:_identify(docker/compose/config/shell/tmux) by extension 'ros'
[0.173s] Level 1:colcon.colcon_core.package_identification:_identify(docker/compose/config/shell/tmux) by extensions ['cmake', 'python']
[0.173s] Level 1:colcon.colcon_core.package_identification:_identify(docker/compose/config/shell/tmux) by extension 'cmake'
[0.173s] Level 1:colcon.colcon_core.package_identification:_identify(docker/compose/config/shell/tmux) by extension 'python'
[0.173s] Level 1:colcon.colcon_core.package_identification:_identify(docker/compose/config/shell/tmux) by extensions ['python_setup_py']
[0.173s] Level 1:colcon.colcon_core.package_identification:_identify(docker/compose/config/shell/tmux) by extension 'python_setup_py'
[0.173s] Level 1:colcon.colcon_core.package_identification:_identify(docker/config) by extensions ['ignore', 'ignore_ament_install']
[0.173s] Level 1:colcon.colcon_core.package_identification:_identify(docker/config) by extension 'ignore'
[0.174s] Level 1:colcon.colcon_core.package_identification:_identify(docker/config) by extension 'ignore_ament_install'
[0.174s] Level 1:colcon.colcon_core.package_identification:_identify(docker/config) by extensions ['colcon_pkg']
[0.174s] Level 1:colcon.colcon_core.package_identification:_identify(docker/config) by extension 'colcon_pkg'
[0.174s] Level 1:colcon.colcon_core.package_identification:_identify(docker/config) by extensions ['colcon_meta']
[0.174s] Level 1:colcon.colcon_core.package_identification:_identify(docker/config) by extension 'colcon_meta'
[0.174s] Level 1:colcon.colcon_core.package_identification:_identify(docker/config) by extensions ['ros']
[0.174s] Level 1:colcon.colcon_core.package_identification:_identify(docker/config) by extension 'ros'
[0.174s] Level 1:colcon.colcon_core.package_identification:_identify(docker/config) by extensions ['cmake', 'python']
[0.174s] Level 1:colcon.colcon_core.package_identification:_identify(docker/config) by extension 'cmake'
[0.174s] Level 1:colcon.colcon_core.package_identification:_identify(docker/config) by extension 'python'
[0.174s] Level 1:colcon.colcon_core.package_identification:_identify(docker/config) by extensions ['python_setup_py']
[0.174s] Level 1:colcon.colcon_core.package_identification:_identify(docker/config) by extension 'python_setup_py'
[0.174s] Level 1:colcon.colcon_core.package_identification:_identify(docker/config/pip) by extensions ['ignore', 'ignore_ament_install']
[0.174s] Level 1:colcon.colcon_core.package_identification:_identify(docker/config/pip) by extension 'ignore'
[0.174s] Level 1:colcon.colcon_core.package_identification:_identify(docker/config/pip) by extension 'ignore_ament_install'
[0.174s] Level 1:colcon.colcon_core.package_identification:_identify(docker/config/pip) by extensions ['colcon_pkg']
[0.174s] Level 1:colcon.colcon_core.package_identification:_identify(docker/config/pip) by extension 'colcon_pkg'
[0.174s] Level 1:colcon.colcon_core.package_identification:_identify(docker/config/pip) by extensions ['colcon_meta']
[0.174s] Level 1:colcon.colcon_core.package_identification:_identify(docker/config/pip) by extension 'colcon_meta'
[0.174s] Level 1:colcon.colcon_core.package_identification:_identify(docker/config/pip) by extensions ['ros']
[0.174s] Level 1:colcon.colcon_core.package_identification:_identify(docker/config/pip) by extension 'ros'
[0.174s] Level 1:colcon.colcon_core.package_identification:_identify(docker/config/pip) by extensions ['cmake', 'python']
[0.175s] Level 1:colcon.colcon_core.package_identification:_identify(docker/config/pip) by extension 'cmake'
[0.175s] Level 1:colcon.colcon_core.package_identification:_identify(docker/config/pip) by extension 'python'
[0.175s] Level 1:colcon.colcon_core.package_identification:_identify(docker/config/pip) by extensions ['python_setup_py']
[0.175s] Level 1:colcon.colcon_core.package_identification:_identify(docker/config/pip) by extension 'python_setup_py'
[0.175s] Level 1:colcon.colcon_core.package_identification:_identify(docker/config/shell) by extensions ['ignore', 'ignore_ament_install']
[0.175s] Level 1:colcon.colcon_core.package_identification:_identify(docker/config/shell) by extension 'ignore'
[0.175s] Level 1:colcon.colcon_core.package_identification:_identify(docker/config/shell) by extension 'ignore_ament_install'
[0.175s] Level 1:colcon.colcon_core.package_identification:_identify(docker/config/shell) by extensions ['colcon_pkg']
[0.175s] Level 1:colcon.colcon_core.package_identification:_identify(docker/config/shell) by extension 'colcon_pkg'
[0.175s] Level 1:colcon.colcon_core.package_identification:_identify(docker/config/shell) by extensions ['colcon_meta']
[0.175s] Level 1:colcon.colcon_core.package_identification:_identify(docker/config/shell) by extension 'colcon_meta'
[0.175s] Level 1:colcon.colcon_core.package_identification:_identify(docker/config/shell) by extensions ['ros']
[0.175s] Level 1:colcon.colcon_core.package_identification:_identify(docker/config/shell) by extension 'ros'
[0.175s] Level 1:colcon.colcon_core.package_identification:_identify(docker/config/shell) by extensions ['cmake', 'python']
[0.175s] Level 1:colcon.colcon_core.package_identification:_identify(docker/config/shell) by extension 'cmake'
[0.175s] Level 1:colcon.colcon_core.package_identification:_identify(docker/config/shell) by extension 'python'
[0.175s] Level 1:colcon.colcon_core.package_identification:_identify(docker/config/shell) by extensions ['python_setup_py']
[0.175s] Level 1:colcon.colcon_core.package_identification:_identify(docker/config/shell) by extension 'python_setup_py'
[0.175s] Level 1:colcon.colcon_core.package_identification:_identify(docker/config/shell/terminator) by extensions ['ignore', 'ignore_ament_install']
[0.175s] Level 1:colcon.colcon_core.package_identification:_identify(docker/config/shell/terminator) by extension 'ignore'
[0.176s] Level 1:colcon.colcon_core.package_identification:_identify(docker/config/shell/terminator) by extension 'ignore_ament_install'
[0.176s] Level 1:colcon.colcon_core.package_identification:_identify(docker/config/shell/terminator) by extensions ['colcon_pkg']
[0.176s] Level 1:colcon.colcon_core.package_identification:_identify(docker/config/shell/terminator) by extension 'colcon_pkg'
[0.176s] Level 1:colcon.colcon_core.package_identification:_identify(docker/config/shell/terminator) by extensions ['colcon_meta']
[0.176s] Level 1:colcon.colcon_core.package_identification:_identify(docker/config/shell/terminator) by extension 'colcon_meta'
[0.176s] Level 1:colcon.colcon_core.package_identification:_identify(docker/config/shell/terminator) by extensions ['ros']
[0.176s] Level 1:colcon.colcon_core.package_identification:_identify(docker/config/shell/terminator) by extension 'ros'
[0.176s] Level 1:colcon.colcon_core.package_identification:_identify(docker/config/shell/terminator) by extensions ['cmake', 'python']
[0.176s] Level 1:colcon.colcon_core.package_identification:_identify(docker/config/shell/terminator) by extension 'cmake'
[0.176s] Level 1:colcon.colcon_core.package_identification:_identify(docker/config/shell/terminator) by extension 'python'
[0.176s] Level 1:colcon.colcon_core.package_identification:_identify(docker/config/shell/terminator) by extensions ['python_setup_py']
[0.176s] Level 1:colcon.colcon_core.package_identification:_identify(docker/config/shell/terminator) by extension 'python_setup_py'
[0.176s] Level 1:colcon.colcon_core.package_identification:_identify(docker/config/shell/tmux) by extensions ['ignore', 'ignore_ament_install']
[0.176s] Level 1:colcon.colcon_core.package_identification:_identify(docker/config/shell/tmux) by extension 'ignore'
[0.176s] Level 1:colcon.colcon_core.package_identification:_identify(docker/config/shell/tmux) by extension 'ignore_ament_install'
[0.176s] Level 1:colcon.colcon_core.package_identification:_identify(docker/config/shell/tmux) by extensions ['colcon_pkg']
[0.176s] Level 1:colcon.colcon_core.package_identification:_identify(docker/config/shell/tmux) by extension 'colcon_pkg'
[0.176s] Level 1:colcon.colcon_core.package_identification:_identify(docker/config/shell/tmux) by extensions ['colcon_meta']
[0.176s] Level 1:colcon.colcon_core.package_identification:_identify(docker/config/shell/tmux) by extension 'colcon_meta'
[0.176s] Level 1:colcon.colcon_core.package_identification:_identify(docker/config/shell/tmux) by extensions ['ros']
[0.176s] Level 1:colcon.colcon_core.package_identification:_identify(docker/config/shell/tmux) by extension 'ros'
[0.176s] Level 1:colcon.colcon_core.package_identification:_identify(docker/config/shell/tmux) by extensions ['cmake', 'python']
[0.176s] Level 1:colcon.colcon_core.package_identification:_identify(docker/config/shell/tmux) by extension 'cmake'
[0.176s] Level 1:colcon.colcon_core.package_identification:_identify(docker/config/shell/tmux) by extension 'python'
[0.177s] Level 1:colcon.colcon_core.package_identification:_identify(docker/config/shell/tmux) by extensions ['python_setup_py']
[0.177s] Level 1:colcon.colcon_core.package_identification:_identify(docker/config/shell/tmux) by extension 'python_setup_py'
[0.177s] Level 1:colcon.colcon_core.package_identification:_identify(docker_hiwin) by extensions ['ignore', 'ignore_ament_install']
[0.177s] Level 1:colcon.colcon_core.package_identification:_identify(docker_hiwin) by extension 'ignore'
[0.177s] Level 1:colcon.colcon_core.package_identification:_identify(docker_hiwin) by extension 'ignore_ament_install'
[0.177s] Level 1:colcon.colcon_core.package_identification:_identify(docker_hiwin) by extensions ['colcon_pkg']
[0.177s] Level 1:colcon.colcon_core.package_identification:_identify(docker_hiwin) by extension 'colcon_pkg'
[0.177s] Level 1:colcon.colcon_core.package_identification:_identify(docker_hiwin) by extensions ['colcon_meta']
[0.177s] Level 1:colcon.colcon_core.package_identification:_identify(docker_hiwin) by extension 'colcon_meta'
[0.177s] Level 1:colcon.colcon_core.package_identification:_identify(docker_hiwin) by extensions ['ros']
[0.177s] Level 1:colcon.colcon_core.package_identification:_identify(docker_hiwin) by extension 'ros'
[0.177s] Level 1:colcon.colcon_core.package_identification:_identify(docker_hiwin) by extensions ['cmake', 'python']
[0.177s] Level 1:colcon.colcon_core.package_identification:_identify(docker_hiwin) by extension 'cmake'
[0.177s] Level 1:colcon.colcon_core.package_identification:_identify(docker_hiwin) by extension 'python'
[0.177s] Level 1:colcon.colcon_core.package_identification:_identify(docker_hiwin) by extensions ['python_setup_py']
[0.177s] Level 1:colcon.colcon_core.package_identification:_identify(docker_hiwin) by extension 'python_setup_py'
[0.177s] Level 1:colcon.colcon_core.package_identification:_identify(docker_hiwin/compose) by extensions ['ignore', 'ignore_ament_install']
[0.177s] Level 1:colcon.colcon_core.package_identification:_identify(docker_hiwin/compose) by extension 'ignore'
[0.177s] Level 1:colcon.colcon_core.package_identification:_identify(docker_hiwin/compose) by extension 'ignore_ament_install'
[0.177s] Level 1:colcon.colcon_core.package_identification:_identify(docker_hiwin/compose) by extensions ['colcon_pkg']
[0.177s] Level 1:colcon.colcon_core.package_identification:_identify(docker_hiwin/compose) by extension 'colcon_pkg'
[0.177s] Level 1:colcon.colcon_core.package_identification:_identify(docker_hiwin/compose) by extensions ['colcon_meta']
[0.177s] Level 1:colcon.colcon_core.package_identification:_identify(docker_hiwin/compose) by extension 'colcon_meta'
[0.177s] Level 1:colcon.colcon_core.package_identification:_identify(docker_hiwin/compose) by extensions ['ros']
[0.177s] Level 1:colcon.colcon_core.package_identification:_identify(docker_hiwin/compose) by extension 'ros'
[0.177s] Level 1:colcon.colcon_core.package_identification:_identify(docker_hiwin/compose) by extensions ['cmake', 'python']
[0.177s] Level 1:colcon.colcon_core.package_identification:_identify(docker_hiwin/compose) by extension 'cmake'
[0.177s] Level 1:colcon.colcon_core.package_identification:_identify(docker_hiwin/compose) by extension 'python'
[0.177s] Level 1:colcon.colcon_core.package_identification:_identify(docker_hiwin/compose) by extensions ['python_setup_py']
[0.177s] Level 1:colcon.colcon_core.package_identification:_identify(docker_hiwin/compose) by extension 'python_setup_py'
[0.178s] Level 1:colcon.colcon_core.package_identification:_identify(docker_hiwin/compose/config) by extensions ['ignore', 'ignore_ament_install']
[0.178s] Level 1:colcon.colcon_core.package_identification:_identify(docker_hiwin/compose/config) by extension 'ignore'
[0.178s] Level 1:colcon.colcon_core.package_identification:_identify(docker_hiwin/compose/config) by extension 'ignore_ament_install'
[0.178s] Level 1:colcon.colcon_core.package_identification:_identify(docker_hiwin/compose/config) by extensions ['colcon_pkg']
[0.178s] Level 1:colcon.colcon_core.package_identification:_identify(docker_hiwin/compose/config) by extension 'colcon_pkg'
[0.178s] Level 1:colcon.colcon_core.package_identification:_identify(docker_hiwin/compose/config) by extensions ['colcon_meta']
[0.178s] Level 1:colcon.colcon_core.package_identification:_identify(docker_hiwin/compose/config) by extension 'colcon_meta'
[0.178s] Level 1:colcon.colcon_core.package_identification:_identify(docker_hiwin/compose/config) by extensions ['ros']
[0.178s] Level 1:colcon.colcon_core.package_identification:_identify(docker_hiwin/compose/config) by extension 'ros'
[0.178s] Level 1:colcon.colcon_core.package_identification:_identify(docker_hiwin/compose/config) by extensions ['cmake', 'python']
[0.178s] Level 1:colcon.colcon_core.package_identification:_identify(docker_hiwin/compose/config) by extension 'cmake'
[0.178s] Level 1:colcon.colcon_core.package_identification:_identify(docker_hiwin/compose/config) by extension 'python'
[0.178s] Level 1:colcon.colcon_core.package_identification:_identify(docker_hiwin/compose/config) by extensions ['python_setup_py']
[0.178s] Level 1:colcon.colcon_core.package_identification:_identify(docker_hiwin/compose/config) by extension 'python_setup_py'
[0.178s] Level 1:colcon.colcon_core.package_identification:_identify(docker_hiwin/compose/config/pip) by extensions ['ignore', 'ignore_ament_install']
[0.178s] Level 1:colcon.colcon_core.package_identification:_identify(docker_hiwin/compose/config/pip) by extension 'ignore'
[0.178s] Level 1:colcon.colcon_core.package_identification:_identify(docker_hiwin/compose/config/pip) by extension 'ignore_ament_install'
[0.178s] Level 1:colcon.colcon_core.package_identification:_identify(docker_hiwin/compose/config/pip) by extensions ['colcon_pkg']
[0.178s] Level 1:colcon.colcon_core.package_identification:_identify(docker_hiwin/compose/config/pip) by extension 'colcon_pkg'
[0.178s] Level 1:colcon.colcon_core.package_identification:_identify(docker_hiwin/compose/config/pip) by extensions ['colcon_meta']
[0.178s] Level 1:colcon.colcon_core.package_identification:_identify(docker_hiwin/compose/config/pip) by extension 'colcon_meta'
[0.178s] Level 1:colcon.colcon_core.package_identification:_identify(docker_hiwin/compose/config/pip) by extensions ['ros']
[0.178s] Level 1:colcon.colcon_core.package_identification:_identify(docker_hiwin/compose/config/pip) by extension 'ros'
[0.178s] Level 1:colcon.colcon_core.package_identification:_identify(docker_hiwin/compose/config/pip) by extensions ['cmake', 'python']
[0.178s] Level 1:colcon.colcon_core.package_identification:_identify(docker_hiwin/compose/config/pip) by extension 'cmake'
[0.178s] Level 1:colcon.colcon_core.package_identification:_identify(docker_hiwin/compose/config/pip) by extension 'python'
[0.178s] Level 1:colcon.colcon_core.package_identification:_identify(docker_hiwin/compose/config/pip) by extensions ['python_setup_py']
[0.178s] Level 1:colcon.colcon_core.package_identification:_identify(docker_hiwin/compose/config/pip) by extension 'python_setup_py'
[0.178s] Level 1:colcon.colcon_core.package_identification:_identify(docker_hiwin/compose/config/shell) by extensions ['ignore', 'ignore_ament_install']
[0.179s] Level 1:colcon.colcon_core.package_identification:_identify(docker_hiwin/compose/config/shell) by extension 'ignore'
[0.179s] Level 1:colcon.colcon_core.package_identification:_identify(docker_hiwin/compose/config/shell) by extension 'ignore_ament_install'
[0.179s] Level 1:colcon.colcon_core.package_identification:_identify(docker_hiwin/compose/config/shell) by extensions ['colcon_pkg']
[0.179s] Level 1:colcon.colcon_core.package_identification:_identify(docker_hiwin/compose/config/shell) by extension 'colcon_pkg'
[0.179s] Level 1:colcon.colcon_core.package_identification:_identify(docker_hiwin/compose/config/shell) by extensions ['colcon_meta']
[0.179s] Level 1:colcon.colcon_core.package_identification:_identify(docker_hiwin/compose/config/shell) by extension 'colcon_meta'
[0.179s] Level 1:colcon.colcon_core.package_identification:_identify(docker_hiwin/compose/config/shell) by extensions ['ros']
[0.179s] Level 1:colcon.colcon_core.package_identification:_identify(docker_hiwin/compose/config/shell) by extension 'ros'
[0.179s] Level 1:colcon.colcon_core.package_identification:_identify(docker_hiwin/compose/config/shell) by extensions ['cmake', 'python']
[0.179s] Level 1:colcon.colcon_core.package_identification:_identify(docker_hiwin/compose/config/shell) by extension 'cmake'
[0.179s] Level 1:colcon.colcon_core.package_identification:_identify(docker_hiwin/compose/config/shell) by extension 'python'
[0.179s] Level 1:colcon.colcon_core.package_identification:_identify(docker_hiwin/compose/config/shell) by extensions ['python_setup_py']
[0.179s] Level 1:colcon.colcon_core.package_identification:_identify(docker_hiwin/compose/config/shell) by extension 'python_setup_py'
[0.179s] Level 1:colcon.colcon_core.package_identification:_identify(docker_hiwin/compose/config/shell/terminator) by extensions ['ignore', 'ignore_ament_install']
[0.179s] Level 1:colcon.colcon_core.package_identification:_identify(docker_hiwin/compose/config/shell/terminator) by extension 'ignore'
[0.179s] Level 1:colcon.colcon_core.package_identification:_identify(docker_hiwin/compose/config/shell/terminator) by extension 'ignore_ament_install'
[0.179s] Level 1:colcon.colcon_core.package_identification:_identify(docker_hiwin/compose/config/shell/terminator) by extensions ['colcon_pkg']
[0.179s] Level 1:colcon.colcon_core.package_identification:_identify(docker_hiwin/compose/config/shell/terminator) by extension 'colcon_pkg'
[0.179s] Level 1:colcon.colcon_core.package_identification:_identify(docker_hiwin/compose/config/shell/terminator) by extensions ['colcon_meta']
[0.179s] Level 1:colcon.colcon_core.package_identification:_identify(docker_hiwin/compose/config/shell/terminator) by extension 'colcon_meta'
[0.179s] Level 1:colcon.colcon_core.package_identification:_identify(docker_hiwin/compose/config/shell/terminator) by extensions ['ros']
[0.179s] Level 1:colcon.colcon_core.package_identification:_identify(docker_hiwin/compose/config/shell/terminator) by extension 'ros'
[0.179s] Level 1:colcon.colcon_core.package_identification:_identify(docker_hiwin/compose/config/shell/terminator) by extensions ['cmake', 'python']
[0.179s] Level 1:colcon.colcon_core.package_identification:_identify(docker_hiwin/compose/config/shell/terminator) by extension 'cmake'
[0.179s] Level 1:colcon.colcon_core.package_identification:_identify(docker_hiwin/compose/config/shell/terminator) by extension 'python'
[0.179s] Level 1:colcon.colcon_core.package_identification:_identify(docker_hiwin/compose/config/shell/terminator) by extensions ['python_setup_py']
[0.179s] Level 1:colcon.colcon_core.package_identification:_identify(docker_hiwin/compose/config/shell/terminator) by extension 'python_setup_py'
[0.179s] Level 1:colcon.colcon_core.package_identification:_identify(docker_hiwin/compose/config/shell/tmux) by extensions ['ignore', 'ignore_ament_install']
[0.180s] Level 1:colcon.colcon_core.package_identification:_identify(docker_hiwin/compose/config/shell/tmux) by extension 'ignore'
[0.180s] Level 1:colcon.colcon_core.package_identification:_identify(docker_hiwin/compose/config/shell/tmux) by extension 'ignore_ament_install'
[0.180s] Level 1:colcon.colcon_core.package_identification:_identify(docker_hiwin/compose/config/shell/tmux) by extensions ['colcon_pkg']
[0.180s] Level 1:colcon.colcon_core.package_identification:_identify(docker_hiwin/compose/config/shell/tmux) by extension 'colcon_pkg'
[0.180s] Level 1:colcon.colcon_core.package_identification:_identify(docker_hiwin/compose/config/shell/tmux) by extensions ['colcon_meta']
[0.180s] Level 1:colcon.colcon_core.package_identification:_identify(docker_hiwin/compose/config/shell/tmux) by extension 'colcon_meta'
[0.180s] Level 1:colcon.colcon_core.package_identification:_identify(docker_hiwin/compose/config/shell/tmux) by extensions ['ros']
[0.180s] Level 1:colcon.colcon_core.package_identification:_identify(docker_hiwin/compose/config/shell/tmux) by extension 'ros'
[0.180s] Level 1:colcon.colcon_core.package_identification:_identify(docker_hiwin/compose/config/shell/tmux) by extensions ['cmake', 'python']
[0.180s] Level 1:colcon.colcon_core.package_identification:_identify(docker_hiwin/compose/config/shell/tmux) by extension 'cmake'
[0.180s] Level 1:colcon.colcon_core.package_identification:_identify(docker_hiwin/compose/config/shell/tmux) by extension 'python'
[0.180s] Level 1:colcon.colcon_core.package_identification:_identify(docker_hiwin/compose/config/shell/tmux) by extensions ['python_setup_py']
[0.180s] Level 1:colcon.colcon_core.package_identification:_identify(docker_hiwin/compose/config/shell/tmux) by extension 'python_setup_py'
[0.180s] Level 1:colcon.colcon_core.package_identification:_identify(docker_hiwin/config) by extensions ['ignore', 'ignore_ament_install']
[0.180s] Level 1:colcon.colcon_core.package_identification:_identify(docker_hiwin/config) by extension 'ignore'
[0.180s] Level 1:colcon.colcon_core.package_identification:_identify(docker_hiwin/config) by extension 'ignore_ament_install'
[0.180s] Level 1:colcon.colcon_core.package_identification:_identify(docker_hiwin/config) by extensions ['colcon_pkg']
[0.180s] Level 1:colcon.colcon_core.package_identification:_identify(docker_hiwin/config) by extension 'colcon_pkg'
[0.180s] Level 1:colcon.colcon_core.package_identification:_identify(docker_hiwin/config) by extensions ['colcon_meta']
[0.180s] Level 1:colcon.colcon_core.package_identification:_identify(docker_hiwin/config) by extension 'colcon_meta'
[0.180s] Level 1:colcon.colcon_core.package_identification:_identify(docker_hiwin/config) by extensions ['ros']
[0.180s] Level 1:colcon.colcon_core.package_identification:_identify(docker_hiwin/config) by extension 'ros'
[0.180s] Level 1:colcon.colcon_core.package_identification:_identify(docker_hiwin/config) by extensions ['cmake', 'python']
[0.180s] Level 1:colcon.colcon_core.package_identification:_identify(docker_hiwin/config) by extension 'cmake'
[0.180s] Level 1:colcon.colcon_core.package_identification:_identify(docker_hiwin/config) by extension 'python'
[0.180s] Level 1:colcon.colcon_core.package_identification:_identify(docker_hiwin/config) by extensions ['python_setup_py']
[0.180s] Level 1:colcon.colcon_core.package_identification:_identify(docker_hiwin/config) by extension 'python_setup_py'
[0.180s] Level 1:colcon.colcon_core.package_identification:_identify(docker_hiwin/config/pip) by extensions ['ignore', 'ignore_ament_install']
[0.180s] Level 1:colcon.colcon_core.package_identification:_identify(docker_hiwin/config/pip) by extension 'ignore'
[0.180s] Level 1:colcon.colcon_core.package_identification:_identify(docker_hiwin/config/pip) by extension 'ignore_ament_install'
[0.180s] Level 1:colcon.colcon_core.package_identification:_identify(docker_hiwin/config/pip) by extensions ['colcon_pkg']
[0.180s] Level 1:colcon.colcon_core.package_identification:_identify(docker_hiwin/config/pip) by extension 'colcon_pkg'
[0.181s] Level 1:colcon.colcon_core.package_identification:_identify(docker_hiwin/config/pip) by extensions ['colcon_meta']
[0.181s] Level 1:colcon.colcon_core.package_identification:_identify(docker_hiwin/config/pip) by extension 'colcon_meta'
[0.181s] Level 1:colcon.colcon_core.package_identification:_identify(docker_hiwin/config/pip) by extensions ['ros']
[0.181s] Level 1:colcon.colcon_core.package_identification:_identify(docker_hiwin/config/pip) by extension 'ros'
[0.181s] Level 1:colcon.colcon_core.package_identification:_identify(docker_hiwin/config/pip) by extensions ['cmake', 'python']
[0.181s] Level 1:colcon.colcon_core.package_identification:_identify(docker_hiwin/config/pip) by extension 'cmake'
[0.181s] Level 1:colcon.colcon_core.package_identification:_identify(docker_hiwin/config/pip) by extension 'python'
[0.181s] Level 1:colcon.colcon_core.package_identification:_identify(docker_hiwin/config/pip) by extensions ['python_setup_py']
[0.181s] Level 1:colcon.colcon_core.package_identification:_identify(docker_hiwin/config/pip) by extension 'python_setup_py'
[0.181s] Level 1:colcon.colcon_core.package_identification:_identify(docker_hiwin/config/shell) by extensions ['ignore', 'ignore_ament_install']
[0.181s] Level 1:colcon.colcon_core.package_identification:_identify(docker_hiwin/config/shell) by extension 'ignore'
[0.181s] Level 1:colcon.colcon_core.package_identification:_identify(docker_hiwin/config/shell) by extension 'ignore_ament_install'
[0.181s] Level 1:colcon.colcon_core.package_identification:_identify(docker_hiwin/config/shell) by extensions ['colcon_pkg']
[0.181s] Level 1:colcon.colcon_core.package_identification:_identify(docker_hiwin/config/shell) by extension 'colcon_pkg'
[0.181s] Level 1:colcon.colcon_core.package_identification:_identify(docker_hiwin/config/shell) by extensions ['colcon_meta']
[0.181s] Level 1:colcon.colcon_core.package_identification:_identify(docker_hiwin/config/shell) by extension 'colcon_meta'
[0.181s] Level 1:colcon.colcon_core.package_identification:_identify(docker_hiwin/config/shell) by extensions ['ros']
[0.181s] Level 1:colcon.colcon_core.package_identification:_identify(docker_hiwin/config/shell) by extension 'ros'
[0.181s] Level 1:colcon.colcon_core.package_identification:_identify(docker_hiwin/config/shell) by extensions ['cmake', 'python']
[0.181s] Level 1:colcon.colcon_core.package_identification:_identify(docker_hiwin/config/shell) by extension 'cmake'
[0.181s] Level 1:colcon.colcon_core.package_identification:_identify(docker_hiwin/config/shell) by extension 'python'
[0.181s] Level 1:colcon.colcon_core.package_identification:_identify(docker_hiwin/config/shell) by extensions ['python_setup_py']
[0.181s] Level 1:colcon.colcon_core.package_identification:_identify(docker_hiwin/config/shell) by extension 'python_setup_py'
[0.181s] Level 1:colcon.colcon_core.package_identification:_identify(docker_hiwin/config/shell/terminator) by extensions ['ignore', 'ignore_ament_install']
[0.181s] Level 1:colcon.colcon_core.package_identification:_identify(docker_hiwin/config/shell/terminator) by extension 'ignore'
[0.181s] Level 1:colcon.colcon_core.package_identification:_identify(docker_hiwin/config/shell/terminator) by extension 'ignore_ament_install'
[0.181s] Level 1:colcon.colcon_core.package_identification:_identify(docker_hiwin/config/shell/terminator) by extensions ['colcon_pkg']
[0.181s] Level 1:colcon.colcon_core.package_identification:_identify(docker_hiwin/config/shell/terminator) by extension 'colcon_pkg'
[0.181s] Level 1:colcon.colcon_core.package_identification:_identify(docker_hiwin/config/shell/terminator) by extensions ['colcon_meta']
[0.181s] Level 1:colcon.colcon_core.package_identification:_identify(docker_hiwin/config/shell/terminator) by extension 'colcon_meta'
[0.182s] Level 1:colcon.colcon_core.package_identification:_identify(docker_hiwin/config/shell/terminator) by extensions ['ros']
[0.182s] Level 1:colcon.colcon_core.package_identification:_identify(docker_hiwin/config/shell/terminator) by extension 'ros'
[0.182s] Level 1:colcon.colcon_core.package_identification:_identify(docker_hiwin/config/shell/terminator) by extensions ['cmake', 'python']
[0.182s] Level 1:colcon.colcon_core.package_identification:_identify(docker_hiwin/config/shell/terminator) by extension 'cmake'
[0.182s] Level 1:colcon.colcon_core.package_identification:_identify(docker_hiwin/config/shell/terminator) by extension 'python'
[0.182s] Level 1:colcon.colcon_core.package_identification:_identify(docker_hiwin/config/shell/terminator) by extensions ['python_setup_py']
[0.182s] Level 1:colcon.colcon_core.package_identification:_identify(docker_hiwin/config/shell/terminator) by extension 'python_setup_py'
[0.182s] Level 1:colcon.colcon_core.package_identification:_identify(docker_hiwin/config/shell/tmux) by extensions ['ignore', 'ignore_ament_install']
[0.182s] Level 1:colcon.colcon_core.package_identification:_identify(docker_hiwin/config/shell/tmux) by extension 'ignore'
[0.182s] Level 1:colcon.colcon_core.package_identification:_identify(docker_hiwin/config/shell/tmux) by extension 'ignore_ament_install'
[0.182s] Level 1:colcon.colcon_core.package_identification:_identify(docker_hiwin/config/shell/tmux) by extensions ['colcon_pkg']
[0.182s] Level 1:colcon.colcon_core.package_identification:_identify(docker_hiwin/config/shell/tmux) by extension 'colcon_pkg'
[0.182s] Level 1:colcon.colcon_core.package_identification:_identify(docker_hiwin/config/shell/tmux) by extensions ['colcon_meta']
[0.182s] Level 1:colcon.colcon_core.package_identification:_identify(docker_hiwin/config/shell/tmux) by extension 'colcon_meta'
[0.182s] Level 1:colcon.colcon_core.package_identification:_identify(docker_hiwin/config/shell/tmux) by extensions ['ros']
[0.182s] Level 1:colcon.colcon_core.package_identification:_identify(docker_hiwin/config/shell/tmux) by extension 'ros'
[0.182s] Level 1:colcon.colcon_core.package_identification:_identify(docker_hiwin/config/shell/tmux) by extensions ['cmake', 'python']
[0.182s] Level 1:colcon.colcon_core.package_identification:_identify(docker_hiwin/config/shell/tmux) by extension 'cmake'
[0.182s] Level 1:colcon.colcon_core.package_identification:_identify(docker_hiwin/config/shell/tmux) by extension 'python'
[0.182s] Level 1:colcon.colcon_core.package_identification:_identify(docker_hiwin/config/shell/tmux) by extensions ['python_setup_py']
[0.182s] Level 1:colcon.colcon_core.package_identification:_identify(docker_hiwin/config/shell/tmux) by extension 'python_setup_py'
[0.182s] Level 1:colcon.colcon_core.package_identification:_identify(install) by extensions ['ignore', 'ignore_ament_install']
[0.182s] Level 1:colcon.colcon_core.package_identification:_identify(install) by extension 'ignore'
[0.182s] Level 1:colcon.colcon_core.package_identification:_identify(install) ignored
[0.182s] Level 1:colcon.colcon_core.package_identification:_identify(log) by extensions ['ignore', 'ignore_ament_install']
[0.182s] Level 1:colcon.colcon_core.package_identification:_identify(log) by extension 'ignore'
[0.182s] Level 1:colcon.colcon_core.package_identification:_identify(log) ignored
[0.183s] Level 1:colcon.colcon_core.package_identification:_identify(src) by extensions ['ignore', 'ignore_ament_install']
[0.183s] Level 1:colcon.colcon_core.package_identification:_identify(src) by extension 'ignore'
[0.183s] Level 1:colcon.colcon_core.package_identification:_identify(src) by extension 'ignore_ament_install'
[0.183s] Level 1:colcon.colcon_core.package_identification:_identify(src) by extensions ['colcon_pkg']
[0.183s] Level 1:colcon.colcon_core.package_identification:_identify(src) by extension 'colcon_pkg'
[0.183s] Level 1:colcon.colcon_core.package_identification:_identify(src) by extensions ['colcon_meta']
[0.183s] Level 1:colcon.colcon_core.package_identification:_identify(src) by extension 'colcon_meta'
[0.183s] Level 1:colcon.colcon_core.package_identification:_identify(src) by extensions ['ros']
[0.183s] Level 1:colcon.colcon_core.package_identification:_identify(src) by extension 'ros'
[0.183s] Level 1:colcon.colcon_core.package_identification:_identify(src) by extensions ['cmake', 'python']
[0.183s] Level 1:colcon.colcon_core.package_identification:_identify(src) by extension 'cmake'
[0.183s] Level 1:colcon.colcon_core.package_identification:_identify(src) by extension 'python'
[0.183s] Level 1:colcon.colcon_core.package_identification:_identify(src) by extensions ['python_setup_py']
[0.183s] Level 1:colcon.colcon_core.package_identification:_identify(src) by extension 'python_setup_py'
[0.183s] Level 1:colcon.colcon_core.package_identification:_identify(src/Hiwin_libmodbus) by extensions ['ignore', 'ignore_ament_install']
[0.183s] Level 1:colcon.colcon_core.package_identification:_identify(src/Hiwin_libmodbus) by extension 'ignore'
[0.183s] Level 1:colcon.colcon_core.package_identification:_identify(src/Hiwin_libmodbus) by extension 'ignore_ament_install'
[0.183s] Level 1:colcon.colcon_core.package_identification:_identify(src/Hiwin_libmodbus) by extensions ['colcon_pkg']
[0.183s] Level 1:colcon.colcon_core.package_identification:_identify(src/Hiwin_libmodbus) by extension 'colcon_pkg'
[0.183s] Level 1:colcon.colcon_core.package_identification:_identify(src/Hiwin_libmodbus) by extensions ['colcon_meta']
[0.183s] Level 1:colcon.colcon_core.package_identification:_identify(src/Hiwin_libmodbus) by extension 'colcon_meta'
[0.183s] Level 1:colcon.colcon_core.package_identification:_identify(src/Hiwin_libmodbus) by extensions ['ros']
[0.183s] Level 1:colcon.colcon_core.package_identification:_identify(src/Hiwin_libmodbus) by extension 'ros'
[0.183s] Level 1:colcon.colcon_core.package_identification:_identify(src/Hiwin_libmodbus) by extensions ['cmake', 'python']
[0.183s] Level 1:colcon.colcon_core.package_identification:_identify(src/Hiwin_libmodbus) by extension 'cmake'
[0.183s] Level 1:colcon.colcon_core.package_identification:_identify(src/Hiwin_libmodbus) by extension 'python'
[0.183s] Level 1:colcon.colcon_core.package_identification:_identify(src/Hiwin_libmodbus) by extensions ['python_setup_py']
[0.183s] Level 1:colcon.colcon_core.package_identification:_identify(src/Hiwin_libmodbus) by extension 'python_setup_py'
[0.183s] Level 1:colcon.colcon_core.package_identification:_identify(src/Hiwin_libmodbus/hiwin_example) by extensions ['ignore', 'ignore_ament_install']
[0.183s] Level 1:colcon.colcon_core.package_identification:_identify(src/Hiwin_libmodbus/hiwin_example) by extension 'ignore'
[0.183s] Level 1:colcon.colcon_core.package_identification:_identify(src/Hiwin_libmodbus/hiwin_example) by extension 'ignore_ament_install'
[0.184s] Level 1:colcon.colcon_core.package_identification:_identify(src/Hiwin_libmodbus/hiwin_example) by extensions ['colcon_pkg']
[0.184s] Level 1:colcon.colcon_core.package_identification:_identify(src/Hiwin_libmodbus/hiwin_example) by extension 'colcon_pkg'
[0.184s] Level 1:colcon.colcon_core.package_identification:_identify(src/Hiwin_libmodbus/hiwin_example) by extensions ['colcon_meta']
[0.184s] Level 1:colcon.colcon_core.package_identification:_identify(src/Hiwin_libmodbus/hiwin_example) by extension 'colcon_meta'
[0.184s] Level 1:colcon.colcon_core.package_identification:_identify(src/Hiwin_libmodbus/hiwin_example) by extensions ['ros']
[0.184s] Level 1:colcon.colcon_core.package_identification:_identify(src/Hiwin_libmodbus/hiwin_example) by extension 'ros'
[0.186s] DEBUG:colcon.colcon_core.package_identification:Package 'src/Hiwin_libmodbus/hiwin_example' with type 'ros.ament_python' and name 'hiwin_example'
[0.186s] Level 1:colcon.colcon_core.package_identification:_identify(src/Hiwin_libmodbus/hiwin_interfaces) by extensions ['ignore', 'ignore_ament_install']
[0.186s] Level 1:colcon.colcon_core.package_identification:_identify(src/Hiwin_libmodbus/hiwin_interfaces) by extension 'ignore'
[0.186s] Level 1:colcon.colcon_core.package_identification:_identify(src/Hiwin_libmodbus/hiwin_interfaces) by extension 'ignore_ament_install'
[0.186s] Level 1:colcon.colcon_core.package_identification:_identify(src/Hiwin_libmodbus/hiwin_interfaces) by extensions ['colcon_pkg']
[0.186s] Level 1:colcon.colcon_core.package_identification:_identify(src/Hiwin_libmodbus/hiwin_interfaces) by extension 'colcon_pkg'
[0.186s] Level 1:colcon.colcon_core.package_identification:_identify(src/Hiwin_libmodbus/hiwin_interfaces) by extensions ['colcon_meta']
[0.186s] Level 1:colcon.colcon_core.package_identification:_identify(src/Hiwin_libmodbus/hiwin_interfaces) by extension 'colcon_meta'
[0.186s] Level 1:colcon.colcon_core.package_identification:_identify(src/Hiwin_libmodbus/hiwin_interfaces) by extensions ['ros']
[0.186s] Level 1:colcon.colcon_core.package_identification:_identify(src/Hiwin_libmodbus/hiwin_interfaces) by extension 'ros'
[0.187s] DEBUG:colcon.colcon_core.package_identification:Package 'src/Hiwin_libmodbus/hiwin_interfaces' with type 'ros.ament_cmake' and name 'hiwin_interfaces'
[0.187s] Level 1:colcon.colcon_core.package_identification:_identify(src/Hiwin_libmodbus/hiwin_libmodbus) by extensions ['ignore', 'ignore_ament_install']
[0.187s] Level 1:colcon.colcon_core.package_identification:_identify(src/Hiwin_libmodbus/hiwin_libmodbus) by extension 'ignore'
[0.187s] Level 1:colcon.colcon_core.package_identification:_identify(src/Hiwin_libmodbus/hiwin_libmodbus) by extension 'ignore_ament_install'
[0.187s] Level 1:colcon.colcon_core.package_identification:_identify(src/Hiwin_libmodbus/hiwin_libmodbus) by extensions ['colcon_pkg']
[0.187s] Level 1:colcon.colcon_core.package_identification:_identify(src/Hiwin_libmodbus/hiwin_libmodbus) by extension 'colcon_pkg'
[0.187s] Level 1:colcon.colcon_core.package_identification:_identify(src/Hiwin_libmodbus/hiwin_libmodbus) by extensions ['colcon_meta']
[0.187s] Level 1:colcon.colcon_core.package_identification:_identify(src/Hiwin_libmodbus/hiwin_libmodbus) by extension 'colcon_meta'
[0.187s] Level 1:colcon.colcon_core.package_identification:_identify(src/Hiwin_libmodbus/hiwin_libmodbus) by extensions ['ros']
[0.187s] Level 1:colcon.colcon_core.package_identification:_identify(src/Hiwin_libmodbus/hiwin_libmodbus) by extension 'ros'
[0.188s] DEBUG:colcon.colcon_core.package_identification:Package 'src/Hiwin_libmodbus/hiwin_libmodbus' with type 'ros.ament_cmake' and name 'hiwin_libmodbus'
[0.188s] Level 1:colcon.colcon_core.package_identification:_identify(src/Hiwin_libmodbus/hiwin_service_client) by extensions ['ignore', 'ignore_ament_install']
[0.188s] Level 1:colcon.colcon_core.package_identification:_identify(src/Hiwin_libmodbus/hiwin_service_client) by extension 'ignore'
[0.188s] Level 1:colcon.colcon_core.package_identification:_identify(src/Hiwin_libmodbus/hiwin_service_client) by extension 'ignore_ament_install'
[0.188s] Level 1:colcon.colcon_core.package_identification:_identify(src/Hiwin_libmodbus/hiwin_service_client) by extensions ['colcon_pkg']
[0.188s] Level 1:colcon.colcon_core.package_identification:_identify(src/Hiwin_libmodbus/hiwin_service_client) by extension 'colcon_pkg'
[0.188s] Level 1:colcon.colcon_core.package_identification:_identify(src/Hiwin_libmodbus/hiwin_service_client) by extensions ['colcon_meta']
[0.188s] Level 1:colcon.colcon_core.package_identification:_identify(src/Hiwin_libmodbus/hiwin_service_client) by extension 'colcon_meta'
[0.188s] Level 1:colcon.colcon_core.package_identification:_identify(src/Hiwin_libmodbus/hiwin_service_client) by extensions ['ros']
[0.188s] Level 1:colcon.colcon_core.package_identification:_identify(src/Hiwin_libmodbus/hiwin_service_client) by extension 'ros'
[0.189s] DEBUG:colcon.colcon_core.package_identification:Package 'src/Hiwin_libmodbus/hiwin_service_client' with type 'ros.ament_cmake' and name 'hiwin_service_client'
[0.189s] Level 1:colcon.colcon_core.package_identification:_identify(src/Hiwin_libmodbus/libmodbus) by extensions ['ignore', 'ignore_ament_install']
[0.189s] Level 1:colcon.colcon_core.package_identification:_identify(src/Hiwin_libmodbus/libmodbus) by extension 'ignore'
[0.189s] Level 1:colcon.colcon_core.package_identification:_identify(src/Hiwin_libmodbus/libmodbus) by extension 'ignore_ament_install'
[0.189s] Level 1:colcon.colcon_core.package_identification:_identify(src/Hiwin_libmodbus/libmodbus) by extensions ['colcon_pkg']
[0.189s] Level 1:colcon.colcon_core.package_identification:_identify(src/Hiwin_libmodbus/libmodbus) by extension 'colcon_pkg'
[0.189s] Level 1:colcon.colcon_core.package_identification:_identify(src/Hiwin_libmodbus/libmodbus) by extensions ['colcon_meta']
[0.189s] Level 1:colcon.colcon_core.package_identification:_identify(src/Hiwin_libmodbus/libmodbus) by extension 'colcon_meta'
[0.189s] Level 1:colcon.colcon_core.package_identification:_identify(src/Hiwin_libmodbus/libmodbus) by extensions ['ros']
[0.189s] Level 1:colcon.colcon_core.package_identification:_identify(src/Hiwin_libmodbus/libmodbus) by extension 'ros'
[0.189s] Level 1:colcon.colcon_core.package_identification:_identify(src/Hiwin_libmodbus/libmodbus) by extensions ['cmake', 'python']
[0.189s] Level 1:colcon.colcon_core.package_identification:_identify(src/Hiwin_libmodbus/libmodbus) by extension 'cmake'
[0.189s] Level 1:colcon.colcon_core.package_identification:_identify(src/Hiwin_libmodbus/libmodbus) by extension 'python'
[0.189s] Level 1:colcon.colcon_core.package_identification:_identify(src/Hiwin_libmodbus/libmodbus) by extensions ['python_setup_py']
[0.189s] Level 1:colcon.colcon_core.package_identification:_identify(src/Hiwin_libmodbus/libmodbus) by extension 'python_setup_py'
[0.189s] Level 1:colcon.colcon_core.package_identification:_identify(src/Hiwin_libmodbus/libmodbus/autom4te.cache) by extensions ['ignore', 'ignore_ament_install']
[0.190s] Level 1:colcon.colcon_core.package_identification:_identify(src/Hiwin_libmodbus/libmodbus/autom4te.cache) by extension 'ignore'
[0.190s] Level 1:colcon.colcon_core.package_identification:_identify(src/Hiwin_libmodbus/libmodbus/autom4te.cache) by extension 'ignore_ament_install'
[0.190s] Level 1:colcon.colcon_core.package_identification:_identify(src/Hiwin_libmodbus/libmodbus/autom4te.cache) by extensions ['colcon_pkg']
[0.190s] Level 1:colcon.colcon_core.package_identification:_identify(src/Hiwin_libmodbus/libmodbus/autom4te.cache) by extension 'colcon_pkg'
[0.190s] Level 1:colcon.colcon_core.package_identification:_identify(src/Hiwin_libmodbus/libmodbus/autom4te.cache) by extensions ['colcon_meta']
[0.190s] Level 1:colcon.colcon_core.package_identification:_identify(src/Hiwin_libmodbus/libmodbus/autom4te.cache) by extension 'colcon_meta'
[0.190s] Level 1:colcon.colcon_core.package_identification:_identify(src/Hiwin_libmodbus/libmodbus/autom4te.cache) by extensions ['ros']
[0.190s] Level 1:colcon.colcon_core.package_identification:_identify(src/Hiwin_libmodbus/libmodbus/autom4te.cache) by extension 'ros'
[0.190s] Level 1:colcon.colcon_core.package_identification:_identify(src/Hiwin_libmodbus/libmodbus/autom4te.cache) by extensions ['cmake', 'python']
[0.190s] Level 1:colcon.colcon_core.package_identification:_identify(src/Hiwin_libmodbus/libmodbus/autom4te.cache) by extension 'cmake'
[0.190s] Level 1:colcon.colcon_core.package_identification:_identify(src/Hiwin_libmodbus/libmodbus/autom4te.cache) by extension 'python'
[0.190s] Level 1:colcon.colcon_core.package_identification:_identify(src/Hiwin_libmodbus/libmodbus/autom4te.cache) by extensions ['python_setup_py']
[0.190s] Level 1:colcon.colcon_core.package_identification:_identify(src/Hiwin_libmodbus/libmodbus/autom4te.cache) by extension 'python_setup_py'
[0.190s] Level 1:colcon.colcon_core.package_identification:_identify(src/Hiwin_libmodbus/libmodbus/build-aux) by extensions ['ignore', 'ignore_ament_install']
[0.190s] Level 1:colcon.colcon_core.package_identification:_identify(src/Hiwin_libmodbus/libmodbus/build-aux) by extension 'ignore'
[0.190s] Level 1:colcon.colcon_core.package_identification:_identify(src/Hiwin_libmodbus/libmodbus/build-aux) by extension 'ignore_ament_install'
[0.190s] Level 1:colcon.colcon_core.package_identification:_identify(src/Hiwin_libmodbus/libmodbus/build-aux) by extensions ['colcon_pkg']
[0.190s] Level 1:colcon.colcon_core.package_identification:_identify(src/Hiwin_libmodbus/libmodbus/build-aux) by extension 'colcon_pkg'
[0.191s] Level 1:colcon.colcon_core.package_identification:_identify(src/Hiwin_libmodbus/libmodbus/build-aux) by extensions ['colcon_meta']
[0.191s] Level 1:colcon.colcon_core.package_identification:_identify(src/Hiwin_libmodbus/libmodbus/build-aux) by extension 'colcon_meta'
[0.191s] Level 1:colcon.colcon_core.package_identification:_identify(src/Hiwin_libmodbus/libmodbus/build-aux) by extensions ['ros']
[0.191s] Level 1:colcon.colcon_core.package_identification:_identify(src/Hiwin_libmodbus/libmodbus/build-aux) by extension 'ros'
[0.191s] Level 1:colcon.colcon_core.package_identification:_identify(src/Hiwin_libmodbus/libmodbus/build-aux) by extensions ['cmake', 'python']
[0.191s] Level 1:colcon.colcon_core.package_identification:_identify(src/Hiwin_libmodbus/libmodbus/build-aux) by extension 'cmake'
[0.191s] Level 1:colcon.colcon_core.package_identification:_identify(src/Hiwin_libmodbus/libmodbus/build-aux) by extension 'python'
[0.191s] Level 1:colcon.colcon_core.package_identification:_identify(src/Hiwin_libmodbus/libmodbus/build-aux) by extensions ['python_setup_py']
[0.191s] Level 1:colcon.colcon_core.package_identification:_identify(src/Hiwin_libmodbus/libmodbus/build-aux) by extension 'python_setup_py'
[0.191s] Level 1:colcon.colcon_core.package_identification:_identify(src/Hiwin_libmodbus/libmodbus/docs) by extensions ['ignore', 'ignore_ament_install']
[0.191s] Level 1:colcon.colcon_core.package_identification:_identify(src/Hiwin_libmodbus/libmodbus/docs) by extension 'ignore'
[0.191s] Level 1:colcon.colcon_core.package_identification:_identify(src/Hiwin_libmodbus/libmodbus/docs) by extension 'ignore_ament_install'
[0.191s] Level 1:colcon.colcon_core.package_identification:_identify(src/Hiwin_libmodbus/libmodbus/docs) by extensions ['colcon_pkg']
[0.191s] Level 1:colcon.colcon_core.package_identification:_identify(src/Hiwin_libmodbus/libmodbus/docs) by extension 'colcon_pkg'
[0.191s] Level 1:colcon.colcon_core.package_identification:_identify(src/Hiwin_libmodbus/libmodbus/docs) by extensions ['colcon_meta']
[0.191s] Level 1:colcon.colcon_core.package_identification:_identify(src/Hiwin_libmodbus/libmodbus/docs) by extension 'colcon_meta'
[0.191s] Level 1:colcon.colcon_core.package_identification:_identify(src/Hiwin_libmodbus/libmodbus/docs) by extensions ['ros']
[0.191s] Level 1:colcon.colcon_core.package_identification:_identify(src/Hiwin_libmodbus/libmodbus/docs) by extension 'ros'
[0.192s] Level 1:colcon.colcon_core.package_identification:_identify(src/Hiwin_libmodbus/libmodbus/docs) by extensions ['cmake', 'python']
[0.192s] Level 1:colcon.colcon_core.package_identification:_identify(src/Hiwin_libmodbus/libmodbus/docs) by extension 'cmake'
[0.192s] Level 1:colcon.colcon_core.package_identification:_identify(src/Hiwin_libmodbus/libmodbus/docs) by extension 'python'
[0.192s] Level 1:colcon.colcon_core.package_identification:_identify(src/Hiwin_libmodbus/libmodbus/docs) by extensions ['python_setup_py']
[0.192s] Level 1:colcon.colcon_core.package_identification:_identify(src/Hiwin_libmodbus/libmodbus/docs) by extension 'python_setup_py'
[0.192s] Level 1:colcon.colcon_core.package_identification:_identify(src/Hiwin_libmodbus/libmodbus/docs/assets) by extensions ['ignore', 'ignore_ament_install']
[0.192s] Level 1:colcon.colcon_core.package_identification:_identify(src/Hiwin_libmodbus/libmodbus/docs/assets) by extension 'ignore'
[0.192s] Level 1:colcon.colcon_core.package_identification:_identify(src/Hiwin_libmodbus/libmodbus/docs/assets) by extension 'ignore_ament_install'
[0.192s] Level 1:colcon.colcon_core.package_identification:_identify(src/Hiwin_libmodbus/libmodbus/docs/assets) by extensions ['colcon_pkg']
[0.192s] Level 1:colcon.colcon_core.package_identification:_identify(src/Hiwin_libmodbus/libmodbus/docs/assets) by extension 'colcon_pkg'
[0.192s] Level 1:colcon.colcon_core.package_identification:_identify(src/Hiwin_libmodbus/libmodbus/docs/assets) by extensions ['colcon_meta']
[0.192s] Level 1:colcon.colcon_core.package_identification:_identify(src/Hiwin_libmodbus/libmodbus/docs/assets) by extension 'colcon_meta'
[0.192s] Level 1:colcon.colcon_core.package_identification:_identify(src/Hiwin_libmodbus/libmodbus/docs/assets) by extensions ['ros']
[0.192s] Level 1:colcon.colcon_core.package_identification:_identify(src/Hiwin_libmodbus/libmodbus/docs/assets) by extension 'ros'
[0.192s] Level 1:colcon.colcon_core.package_identification:_identify(src/Hiwin_libmodbus/libmodbus/docs/assets) by extensions ['cmake', 'python']
[0.192s] Level 1:colcon.colcon_core.package_identification:_identify(src/Hiwin_libmodbus/libmodbus/docs/assets) by extension 'cmake'
[0.192s] Level 1:colcon.colcon_core.package_identification:_identify(src/Hiwin_libmodbus/libmodbus/docs/assets) by extension 'python'
[0.192s] Level 1:colcon.colcon_core.package_identification:_identify(src/Hiwin_libmodbus/libmodbus/docs/assets) by extensions ['python_setup_py']
[0.192s] Level 1:colcon.colcon_core.package_identification:_identify(src/Hiwin_libmodbus/libmodbus/docs/assets) by extension 'python_setup_py'
[0.193s] Level 1:colcon.colcon_core.package_identification:_identify(src/Hiwin_libmodbus/libmodbus/m4) by extensions ['ignore', 'ignore_ament_install']
[0.193s] Level 1:colcon.colcon_core.package_identification:_identify(src/Hiwin_libmodbus/libmodbus/m4) by extension 'ignore'
[0.193s] Level 1:colcon.colcon_core.package_identification:_identify(src/Hiwin_libmodbus/libmodbus/m4) by extension 'ignore_ament_install'
[0.193s] Level 1:colcon.colcon_core.package_identification:_identify(src/Hiwin_libmodbus/libmodbus/m4) by extensions ['colcon_pkg']
[0.193s] Level 1:colcon.colcon_core.package_identification:_identify(src/Hiwin_libmodbus/libmodbus/m4) by extension 'colcon_pkg'
[0.193s] Level 1:colcon.colcon_core.package_identification:_identify(src/Hiwin_libmodbus/libmodbus/m4) by extensions ['colcon_meta']
[0.193s] Level 1:colcon.colcon_core.package_identification:_identify(src/Hiwin_libmodbus/libmodbus/m4) by extension 'colcon_meta'
[0.193s] Level 1:colcon.colcon_core.package_identification:_identify(src/Hiwin_libmodbus/libmodbus/m4) by extensions ['ros']
[0.193s] Level 1:colcon.colcon_core.package_identification:_identify(src/Hiwin_libmodbus/libmodbus/m4) by extension 'ros'
[0.193s] Level 1:colcon.colcon_core.package_identification:_identify(src/Hiwin_libmodbus/libmodbus/m4) by extensions ['cmake', 'python']
[0.193s] Level 1:colcon.colcon_core.package_identification:_identify(src/Hiwin_libmodbus/libmodbus/m4) by extension 'cmake'
[0.193s] Level 1:colcon.colcon_core.package_identification:_identify(src/Hiwin_libmodbus/libmodbus/m4) by extension 'python'
[0.193s] Level 1:colcon.colcon_core.package_identification:_identify(src/Hiwin_libmodbus/libmodbus/m4) by extensions ['python_setup_py']
[0.193s] Level 1:colcon.colcon_core.package_identification:_identify(src/Hiwin_libmodbus/libmodbus/m4) by extension 'python_setup_py'
[0.193s] Level 1:colcon.colcon_core.package_identification:_identify(src/Hiwin_libmodbus/libmodbus/src) by extensions ['ignore', 'ignore_ament_install']
[0.193s] Level 1:colcon.colcon_core.package_identification:_identify(src/Hiwin_libmodbus/libmodbus/src) by extension 'ignore'
[0.193s] Level 1:colcon.colcon_core.package_identification:_identify(src/Hiwin_libmodbus/libmodbus/src) by extension 'ignore_ament_install'
[0.194s] Level 1:colcon.colcon_core.package_identification:_identify(src/Hiwin_libmodbus/libmodbus/src) by extensions ['colcon_pkg']
[0.194s] Level 1:colcon.colcon_core.package_identification:_identify(src/Hiwin_libmodbus/libmodbus/src) by extension 'colcon_pkg'
[0.194s] Level 1:colcon.colcon_core.package_identification:_identify(src/Hiwin_libmodbus/libmodbus/src) by extensions ['colcon_meta']
[0.194s] Level 1:colcon.colcon_core.package_identification:_identify(src/Hiwin_libmodbus/libmodbus/src) by extension 'colcon_meta'
[0.194s] Level 1:colcon.colcon_core.package_identification:_identify(src/Hiwin_libmodbus/libmodbus/src) by extensions ['ros']
[0.194s] Level 1:colcon.colcon_core.package_identification:_identify(src/Hiwin_libmodbus/libmodbus/src) by extension 'ros'
[0.194s] Level 1:colcon.colcon_core.package_identification:_identify(src/Hiwin_libmodbus/libmodbus/src) by extensions ['cmake', 'python']
[0.194s] Level 1:colcon.colcon_core.package_identification:_identify(src/Hiwin_libmodbus/libmodbus/src) by extension 'cmake'
[0.194s] Level 1:colcon.colcon_core.package_identification:_identify(src/Hiwin_libmodbus/libmodbus/src) by extension 'python'
[0.194s] Level 1:colcon.colcon_core.package_identification:_identify(src/Hiwin_libmodbus/libmodbus/src) by extensions ['python_setup_py']
[0.194s] Level 1:colcon.colcon_core.package_identification:_identify(src/Hiwin_libmodbus/libmodbus/src) by extension 'python_setup_py'
[0.194s] Level 1:colcon.colcon_core.package_identification:_identify(src/Hiwin_libmodbus/libmodbus/src/win32) by extensions ['ignore', 'ignore_ament_install']
[0.194s] Level 1:colcon.colcon_core.package_identification:_identify(src/Hiwin_libmodbus/libmodbus/src/win32) by extension 'ignore'
[0.194s] Level 1:colcon.colcon_core.package_identification:_identify(src/Hiwin_libmodbus/libmodbus/src/win32) by extension 'ignore_ament_install'
[0.194s] Level 1:colcon.colcon_core.package_identification:_identify(src/Hiwin_libmodbus/libmodbus/src/win32) by extensions ['colcon_pkg']
[0.194s] Level 1:colcon.colcon_core.package_identification:_identify(src/Hiwin_libmodbus/libmodbus/src/win32) by extension 'colcon_pkg'
[0.194s] Level 1:colcon.colcon_core.package_identification:_identify(src/Hiwin_libmodbus/libmodbus/src/win32) by extensions ['colcon_meta']
[0.194s] Level 1:colcon.colcon_core.package_identification:_identify(src/Hiwin_libmodbus/libmodbus/src/win32) by extension 'colcon_meta'
[0.194s] Level 1:colcon.colcon_core.package_identification:_identify(src/Hiwin_libmodbus/libmodbus/src/win32) by extensions ['ros']
[0.194s] Level 1:colcon.colcon_core.package_identification:_identify(src/Hiwin_libmodbus/libmodbus/src/win32) by extension 'ros'
[0.194s] Level 1:colcon.colcon_core.package_identification:_identify(src/Hiwin_libmodbus/libmodbus/src/win32) by extensions ['cmake', 'python']
[0.194s] Level 1:colcon.colcon_core.package_identification:_identify(src/Hiwin_libmodbus/libmodbus/src/win32) by extension 'cmake'
[0.194s] Level 1:colcon.colcon_core.package_identification:_identify(src/Hiwin_libmodbus/libmodbus/src/win32) by extension 'python'
[0.194s] Level 1:colcon.colcon_core.package_identification:_identify(src/Hiwin_libmodbus/libmodbus/src/win32) by extensions ['python_setup_py']
[0.194s] Level 1:colcon.colcon_core.package_identification:_identify(src/Hiwin_libmodbus/libmodbus/src/win32) by extension 'python_setup_py'
[0.195s] Level 1:colcon.colcon_core.package_identification:_identify(src/Hiwin_libmodbus/libmodbus/tests) by extensions ['ignore', 'ignore_ament_install']
[0.195s] Level 1:colcon.colcon_core.package_identification:_identify(src/Hiwin_libmodbus/libmodbus/tests) by extension 'ignore'
[0.195s] Level 1:colcon.colcon_core.package_identification:_identify(src/Hiwin_libmodbus/libmodbus/tests) by extension 'ignore_ament_install'
[0.195s] Level 1:colcon.colcon_core.package_identification:_identify(src/Hiwin_libmodbus/libmodbus/tests) by extensions ['colcon_pkg']
[0.195s] Level 1:colcon.colcon_core.package_identification:_identify(src/Hiwin_libmodbus/libmodbus/tests) by extension 'colcon_pkg'
[0.195s] Level 1:colcon.colcon_core.package_identification:_identify(src/Hiwin_libmodbus/libmodbus/tests) by extensions ['colcon_meta']
[0.195s] Level 1:colcon.colcon_core.package_identification:_identify(src/Hiwin_libmodbus/libmodbus/tests) by extension 'colcon_meta'
[0.195s] Level 1:colcon.colcon_core.package_identification:_identify(src/Hiwin_libmodbus/libmodbus/tests) by extensions ['ros']
[0.195s] Level 1:colcon.colcon_core.package_identification:_identify(src/Hiwin_libmodbus/libmodbus/tests) by extension 'ros'
[0.195s] Level 1:colcon.colcon_core.package_identification:_identify(src/Hiwin_libmodbus/libmodbus/tests) by extensions ['cmake', 'python']
[0.195s] Level 1:colcon.colcon_core.package_identification:_identify(src/Hiwin_libmodbus/libmodbus/tests) by extension 'cmake'
[0.195s] Level 1:colcon.colcon_core.package_identification:_identify(src/Hiwin_libmodbus/libmodbus/tests) by extension 'python'
[0.195s] Level 1:colcon.colcon_core.package_identification:_identify(src/Hiwin_libmodbus/libmodbus/tests) by extensions ['python_setup_py']
[0.195s] Level 1:colcon.colcon_core.package_identification:_identify(src/Hiwin_libmodbus/libmodbus/tests) by extension 'python_setup_py'
[0.195s] Level 1:colcon.colcon_core.package_identification:_identify(src/aruco_marker_pics) by extensions ['ignore', 'ignore_ament_install']
[0.195s] Level 1:colcon.colcon_core.package_identification:_identify(src/aruco_marker_pics) by extension 'ignore'
[0.195s] Level 1:colcon.colcon_core.package_identification:_identify(src/aruco_marker_pics) by extension 'ignore_ament_install'
[0.195s] Level 1:colcon.colcon_core.package_identification:_identify(src/aruco_marker_pics) by extensions ['colcon_pkg']
[0.195s] Level 1:colcon.colcon_core.package_identification:_identify(src/aruco_marker_pics) by extension 'colcon_pkg'
[0.195s] Level 1:colcon.colcon_core.package_identification:_identify(src/aruco_marker_pics) by extensions ['colcon_meta']
[0.195s] Level 1:colcon.colcon_core.package_identification:_identify(src/aruco_marker_pics) by extension 'colcon_meta'
[0.195s] Level 1:colcon.colcon_core.package_identification:_identify(src/aruco_marker_pics) by extensions ['ros']
[0.195s] Level 1:colcon.colcon_core.package_identification:_identify(src/aruco_marker_pics) by extension 'ros'
[0.195s] Level 1:colcon.colcon_core.package_identification:_identify(src/aruco_marker_pics) by extensions ['cmake', 'python']
[0.195s] Level 1:colcon.colcon_core.package_identification:_identify(src/aruco_marker_pics) by extension 'cmake'
[0.195s] Level 1:colcon.colcon_core.package_identification:_identify(src/aruco_marker_pics) by extension 'python'
[0.195s] Level 1:colcon.colcon_core.package_identification:_identify(src/aruco_marker_pics) by extensions ['python_setup_py']
[0.195s] Level 1:colcon.colcon_core.package_identification:_identify(src/aruco_marker_pics) by extension 'python_setup_py'
[0.195s] Level 1:colcon.colcon_core.package_identification:_identify(src/aruco_marker_pics/svgtopng) by extensions ['ignore', 'ignore_ament_install']
[0.196s] Level 1:colcon.colcon_core.package_identification:_identify(src/aruco_marker_pics/svgtopng) by extension 'ignore'
[0.196s] Level 1:colcon.colcon_core.package_identification:_identify(src/aruco_marker_pics/svgtopng) by extension 'ignore_ament_install'
[0.196s] Level 1:colcon.colcon_core.package_identification:_identify(src/aruco_marker_pics/svgtopng) by extensions ['colcon_pkg']
[0.196s] Level 1:colcon.colcon_core.package_identification:_identify(src/aruco_marker_pics/svgtopng) by extension 'colcon_pkg'
[0.196s] Level 1:colcon.colcon_core.package_identification:_identify(src/aruco_marker_pics/svgtopng) by extensions ['colcon_meta']
[0.196s] Level 1:colcon.colcon_core.package_identification:_identify(src/aruco_marker_pics/svgtopng) by extension 'colcon_meta'
[0.196s] Level 1:colcon.colcon_core.package_identification:_identify(src/aruco_marker_pics/svgtopng) by extensions ['ros']
[0.196s] Level 1:colcon.colcon_core.package_identification:_identify(src/aruco_marker_pics/svgtopng) by extension 'ros'
[0.196s] Level 1:colcon.colcon_core.package_identification:_identify(src/aruco_marker_pics/svgtopng) by extensions ['cmake', 'python']
[0.196s] Level 1:colcon.colcon_core.package_identification:_identify(src/aruco_marker_pics/svgtopng) by extension 'cmake'
[0.196s] Level 1:colcon.colcon_core.package_identification:_identify(src/aruco_marker_pics/svgtopng) by extension 'python'
[0.196s] Level 1:colcon.colcon_core.package_identification:_identify(src/aruco_marker_pics/svgtopng) by extensions ['python_setup_py']
[0.196s] Level 1:colcon.colcon_core.package_identification:_identify(src/aruco_marker_pics/svgtopng) by extension 'python_setup_py'
[0.196s] Level 1:colcon.colcon_core.package_identification:_identify(src/hiwin_control) by extensions ['ignore', 'ignore_ament_install']
[0.196s] Level 1:colcon.colcon_core.package_identification:_identify(src/hiwin_control) by extension 'ignore'
[0.196s] Level 1:colcon.colcon_core.package_identification:_identify(src/hiwin_control) by extension 'ignore_ament_install'
[0.196s] Level 1:colcon.colcon_core.package_identification:_identify(src/hiwin_control) by extensions ['colcon_pkg']
[0.196s] Level 1:colcon.colcon_core.package_identification:_identify(src/hiwin_control) by extension 'colcon_pkg'
[0.196s] Level 1:colcon.colcon_core.package_identification:_identify(src/hiwin_control) by extensions ['colcon_meta']
[0.196s] Level 1:colcon.colcon_core.package_identification:_identify(src/hiwin_control) by extension 'colcon_meta'
[0.196s] Level 1:colcon.colcon_core.package_identification:_identify(src/hiwin_control) by extensions ['ros']
[0.196s] Level 1:colcon.colcon_core.package_identification:_identify(src/hiwin_control) by extension 'ros'
[0.197s] DEBUG:colcon.colcon_core.package_identification:Package 'src/hiwin_control' with type 'ros.ament_python' and name 'hiwin_control'
[0.197s] Level 1:colcon.colcon_core.package_identification:_identify(src/picture) by extensions ['ignore', 'ignore_ament_install']
[0.197s] Level 1:colcon.colcon_core.package_identification:_identify(src/picture) by extension 'ignore'
[0.197s] Level 1:colcon.colcon_core.package_identification:_identify(src/picture) by extension 'ignore_ament_install'
[0.197s] Level 1:colcon.colcon_core.package_identification:_identify(src/picture) by extensions ['colcon_pkg']
[0.197s] Level 1:colcon.colcon_core.package_identification:_identify(src/picture) by extension 'colcon_pkg'
[0.197s] Level 1:colcon.colcon_core.package_identification:_identify(src/picture) by extensions ['colcon_meta']
[0.197s] Level 1:colcon.colcon_core.package_identification:_identify(src/picture) by extension 'colcon_meta'
[0.197s] Level 1:colcon.colcon_core.package_identification:_identify(src/picture) by extensions ['ros']
[0.197s] Level 1:colcon.colcon_core.package_identification:_identify(src/picture) by extension 'ros'
[0.197s] Level 1:colcon.colcon_core.package_identification:_identify(src/picture) by extensions ['cmake', 'python']
[0.197s] Level 1:colcon.colcon_core.package_identification:_identify(src/picture) by extension 'cmake'
[0.197s] Level 1:colcon.colcon_core.package_identification:_identify(src/picture) by extension 'python'
[0.197s] Level 1:colcon.colcon_core.package_identification:_identify(src/picture) by extensions ['python_setup_py']
[0.197s] Level 1:colcon.colcon_core.package_identification:_identify(src/picture) by extension 'python_setup_py'
[0.198s] Level 1:colcon.colcon_core.package_identification:_identify(src/pool) by extensions ['ignore', 'ignore_ament_install']
[0.198s] Level 1:colcon.colcon_core.package_identification:_identify(src/pool) by extension 'ignore'
[0.198s] Level 1:colcon.colcon_core.package_identification:_identify(src/pool) by extension 'ignore_ament_install'
[0.198s] Level 1:colcon.colcon_core.package_identification:_identify(src/pool) by extensions ['colcon_pkg']
[0.198s] Level 1:colcon.colcon_core.package_identification:_identify(src/pool) by extension 'colcon_pkg'
[0.198s] Level 1:colcon.colcon_core.package_identification:_identify(src/pool) by extensions ['colcon_meta']
[0.198s] Level 1:colcon.colcon_core.package_identification:_identify(src/pool) by extension 'colcon_meta'
[0.198s] Level 1:colcon.colcon_core.package_identification:_identify(src/pool) by extensions ['ros']
[0.198s] Level 1:colcon.colcon_core.package_identification:_identify(src/pool) by extension 'ros'
[0.198s] Level 1:colcon.colcon_core.package_identification:_identify(src/pool) by extensions ['cmake', 'python']
[0.198s] Level 1:colcon.colcon_core.package_identification:_identify(src/pool) by extension 'cmake'
[0.198s] Level 1:colcon.colcon_core.package_identification:_identify(src/pool) by extension 'python'
[0.198s] Level 1:colcon.colcon_core.package_identification:_identify(src/pool) by extensions ['python_setup_py']
[0.198s] Level 1:colcon.colcon_core.package_identification:_identify(src/pool) by extension 'python_setup_py'
[0.198s] Level 1:colcon.colcon_core.package_identification:_identify(src/pool/center) by extensions ['ignore', 'ignore_ament_install']
[0.198s] Level 1:colcon.colcon_core.package_identification:_identify(src/pool/center) by extension 'ignore'
[0.198s] Level 1:colcon.colcon_core.package_identification:_identify(src/pool/center) by extension 'ignore_ament_install'
[0.198s] Level 1:colcon.colcon_core.package_identification:_identify(src/pool/center) by extensions ['colcon_pkg']
[0.198s] Level 1:colcon.colcon_core.package_identification:_identify(src/pool/center) by extension 'colcon_pkg'
[0.198s] Level 1:colcon.colcon_core.package_identification:_identify(src/pool/center) by extensions ['colcon_meta']
[0.198s] Level 1:colcon.colcon_core.package_identification:_identify(src/pool/center) by extension 'colcon_meta'
[0.198s] Level 1:colcon.colcon_core.package_identification:_identify(src/pool/center) by extensions ['ros']
[0.198s] Level 1:colcon.colcon_core.package_identification:_identify(src/pool/center) by extension 'ros'
[0.199s] DEBUG:colcon.colcon_core.package_identification:Package 'src/pool/center' with type 'ros.ament_python' and name 'center'
[0.199s] Level 1:colcon.colcon_core.package_identification:_identify(src/pool/detect) by extensions ['ignore', 'ignore_ament_install']
[0.199s] Level 1:colcon.colcon_core.package_identification:_identify(src/pool/detect) by extension 'ignore'
[0.199s] Level 1:colcon.colcon_core.package_identification:_identify(src/pool/detect) by extension 'ignore_ament_install'
[0.199s] Level 1:colcon.colcon_core.package_identification:_identify(src/pool/detect) by extensions ['colcon_pkg']
[0.199s] Level 1:colcon.colcon_core.package_identification:_identify(src/pool/detect) by extension 'colcon_pkg'
[0.199s] Level 1:colcon.colcon_core.package_identification:_identify(src/pool/detect) by extensions ['colcon_meta']
[0.199s] Level 1:colcon.colcon_core.package_identification:_identify(src/pool/detect) by extension 'colcon_meta'
[0.199s] Level 1:colcon.colcon_core.package_identification:_identify(src/pool/detect) by extensions ['ros']
[0.199s] Level 1:colcon.colcon_core.package_identification:_identify(src/pool/detect) by extension 'ros'
[0.199s] Level 1:colcon.colcon_core.package_identification:_identify(src/pool/detect) by extensions ['cmake', 'python']
[0.199s] Level 1:colcon.colcon_core.package_identification:_identify(src/pool/detect) by extension 'cmake'
[0.199s] Level 1:colcon.colcon_core.package_identification:_identify(src/pool/detect) by extension 'python'
[0.199s] Level 1:colcon.colcon_core.package_identification:_identify(src/pool/detect) by extensions ['python_setup_py']
[0.199s] Level 1:colcon.colcon_core.package_identification:_identify(src/pool/detect) by extension 'python_setup_py'
[0.199s] Level 1:colcon.colcon_core.package_identification:_identify(src/pool/detect/detect_interface) by extensions ['ignore', 'ignore_ament_install']
[0.199s] Level 1:colcon.colcon_core.package_identification:_identify(src/pool/detect/detect_interface) by extension 'ignore'
[0.199s] Level 1:colcon.colcon_core.package_identification:_identify(src/pool/detect/detect_interface) by extension 'ignore_ament_install'
[0.199s] Level 1:colcon.colcon_core.package_identification:_identify(src/pool/detect/detect_interface) by extensions ['colcon_pkg']
[0.199s] Level 1:colcon.colcon_core.package_identification:_identify(src/pool/detect/detect_interface) by extension 'colcon_pkg'
[0.199s] Level 1:colcon.colcon_core.package_identification:_identify(src/pool/detect/detect_interface) by extensions ['colcon_meta']
[0.199s] Level 1:colcon.colcon_core.package_identification:_identify(src/pool/detect/detect_interface) by extension 'colcon_meta'
[0.199s] Level 1:colcon.colcon_core.package_identification:_identify(src/pool/detect/detect_interface) by extensions ['ros']
[0.200s] Level 1:colcon.colcon_core.package_identification:_identify(src/pool/detect/detect_interface) by extension 'ros'
[0.200s] DEBUG:colcon.colcon_core.package_identification:Package 'src/pool/detect/detect_interface' with type 'ros.ament_cmake' and name 'detect_interface'
[0.200s] Level 1:colcon.colcon_core.package_identification:_identify(src/pool/detect/yolov7_obj_detect) by extensions ['ignore', 'ignore_ament_install']
[0.200s] Level 1:colcon.colcon_core.package_identification:_identify(src/pool/detect/yolov7_obj_detect) by extension 'ignore'
[0.200s] Level 1:colcon.colcon_core.package_identification:_identify(src/pool/detect/yolov7_obj_detect) by extension 'ignore_ament_install'
[0.200s] Level 1:colcon.colcon_core.package_identification:_identify(src/pool/detect/yolov7_obj_detect) by extensions ['colcon_pkg']
[0.200s] Level 1:colcon.colcon_core.package_identification:_identify(src/pool/detect/yolov7_obj_detect) by extension 'colcon_pkg'
[0.200s] Level 1:colcon.colcon_core.package_identification:_identify(src/pool/detect/yolov7_obj_detect) by extensions ['colcon_meta']
[0.200s] Level 1:colcon.colcon_core.package_identification:_identify(src/pool/detect/yolov7_obj_detect) by extension 'colcon_meta'
[0.200s] Level 1:colcon.colcon_core.package_identification:_identify(src/pool/detect/yolov7_obj_detect) by extensions ['ros']
[0.200s] Level 1:colcon.colcon_core.package_identification:_identify(src/pool/detect/yolov7_obj_detect) by extension 'ros'
[0.201s] DEBUG:colcon.colcon_core.package_identification:Package 'src/pool/detect/yolov7_obj_detect' with type 'ros.ament_python' and name 'yolov7_obj_detect'
[0.201s] Level 1:colcon.colcon_core.package_identification:_identify(src/pool/docker) by extensions ['ignore', 'ignore_ament_install']
[0.201s] Level 1:colcon.colcon_core.package_identification:_identify(src/pool/docker) by extension 'ignore'
[0.201s] Level 1:colcon.colcon_core.package_identification:_identify(src/pool/docker) by extension 'ignore_ament_install'
[0.201s] Level 1:colcon.colcon_core.package_identification:_identify(src/pool/docker) by extensions ['colcon_pkg']
[0.201s] Level 1:colcon.colcon_core.package_identification:_identify(src/pool/docker) by extension 'colcon_pkg'
[0.201s] Level 1:colcon.colcon_core.package_identification:_identify(src/pool/docker) by extensions ['colcon_meta']
[0.201s] Level 1:colcon.colcon_core.package_identification:_identify(src/pool/docker) by extension 'colcon_meta'
[0.202s] Level 1:colcon.colcon_core.package_identification:_identify(src/pool/docker) by extensions ['ros']
[0.202s] Level 1:colcon.colcon_core.package_identification:_identify(src/pool/docker) by extension 'ros'
[0.202s] Level 1:colcon.colcon_core.package_identification:_identify(src/pool/docker) by extensions ['cmake', 'python']
[0.202s] Level 1:colcon.colcon_core.package_identification:_identify(src/pool/docker) by extension 'cmake'
[0.202s] Level 1:colcon.colcon_core.package_identification:_identify(src/pool/docker) by extension 'python'
[0.202s] Level 1:colcon.colcon_core.package_identification:_identify(src/pool/docker) by extensions ['python_setup_py']
[0.202s] Level 1:colcon.colcon_core.package_identification:_identify(src/pool/docker) by extension 'python_setup_py'
[0.202s] Level 1:colcon.colcon_core.package_identification:_identify(src/pool/docker/compose) by extensions ['ignore', 'ignore_ament_install']
[0.202s] Level 1:colcon.colcon_core.package_identification:_identify(src/pool/docker/compose) by extension 'ignore'
[0.202s] Level 1:colcon.colcon_core.package_identification:_identify(src/pool/docker/compose) by extension 'ignore_ament_install'
[0.202s] Level 1:colcon.colcon_core.package_identification:_identify(src/pool/docker/compose) by extensions ['colcon_pkg']
[0.202s] Level 1:colcon.colcon_core.package_identification:_identify(src/pool/docker/compose) by extension 'colcon_pkg'
[0.202s] Level 1:colcon.colcon_core.package_identification:_identify(src/pool/docker/compose) by extensions ['colcon_meta']
[0.202s] Level 1:colcon.colcon_core.package_identification:_identify(src/pool/docker/compose) by extension 'colcon_meta'
[0.202s] Level 1:colcon.colcon_core.package_identification:_identify(src/pool/docker/compose) by extensions ['ros']
[0.202s] Level 1:colcon.colcon_core.package_identification:_identify(src/pool/docker/compose) by extension 'ros'
[0.202s] Level 1:colcon.colcon_core.package_identification:_identify(src/pool/docker/compose) by extensions ['cmake', 'python']
[0.202s] Level 1:colcon.colcon_core.package_identification:_identify(src/pool/docker/compose) by extension 'cmake'
[0.202s] Level 1:colcon.colcon_core.package_identification:_identify(src/pool/docker/compose) by extension 'python'
[0.202s] Level 1:colcon.colcon_core.package_identification:_identify(src/pool/docker/compose) by extensions ['python_setup_py']
[0.202s] Level 1:colcon.colcon_core.package_identification:_identify(src/pool/docker/compose) by extension 'python_setup_py'
[0.202s] Level 1:colcon.colcon_core.package_identification:_identify(src/pool/docker/compose/config) by extensions ['ignore', 'ignore_ament_install']
[0.202s] Level 1:colcon.colcon_core.package_identification:_identify(src/pool/docker/compose/config) by extension 'ignore'
[0.202s] Level 1:colcon.colcon_core.package_identification:_identify(src/pool/docker/compose/config) by extension 'ignore_ament_install'
[0.202s] Level 1:colcon.colcon_core.package_identification:_identify(src/pool/docker/compose/config) by extensions ['colcon_pkg']
[0.202s] Level 1:colcon.colcon_core.package_identification:_identify(src/pool/docker/compose/config) by extension 'colcon_pkg'
[0.202s] Level 1:colcon.colcon_core.package_identification:_identify(src/pool/docker/compose/config) by extensions ['colcon_meta']
[0.203s] Level 1:colcon.colcon_core.package_identification:_identify(src/pool/docker/compose/config) by extension 'colcon_meta'
[0.203s] Level 1:colcon.colcon_core.package_identification:_identify(src/pool/docker/compose/config) by extensions ['ros']
[0.203s] Level 1:colcon.colcon_core.package_identification:_identify(src/pool/docker/compose/config) by extension 'ros'
[0.203s] Level 1:colcon.colcon_core.package_identification:_identify(src/pool/docker/compose/config) by extensions ['cmake', 'python']
[0.203s] Level 1:colcon.colcon_core.package_identification:_identify(src/pool/docker/compose/config) by extension 'cmake'
[0.203s] Level 1:colcon.colcon_core.package_identification:_identify(src/pool/docker/compose/config) by extension 'python'
[0.203s] Level 1:colcon.colcon_core.package_identification:_identify(src/pool/docker/compose/config) by extensions ['python_setup_py']
[0.203s] Level 1:colcon.colcon_core.package_identification:_identify(src/pool/docker/compose/config) by extension 'python_setup_py'
[0.203s] Level 1:colcon.colcon_core.package_identification:_identify(src/pool/docker/compose/config/pip) by extensions ['ignore', 'ignore_ament_install']
[0.203s] Level 1:colcon.colcon_core.package_identification:_identify(src/pool/docker/compose/config/pip) by extension 'ignore'
[0.203s] Level 1:colcon.colcon_core.package_identification:_identify(src/pool/docker/compose/config/pip) by extension 'ignore_ament_install'
[0.203s] Level 1:colcon.colcon_core.package_identification:_identify(src/pool/docker/compose/config/pip) by extensions ['colcon_pkg']
[0.203s] Level 1:colcon.colcon_core.package_identification:_identify(src/pool/docker/compose/config/pip) by extension 'colcon_pkg'
[0.203s] Level 1:colcon.colcon_core.package_identification:_identify(src/pool/docker/compose/config/pip) by extensions ['colcon_meta']
[0.203s] Level 1:colcon.colcon_core.package_identification:_identify(src/pool/docker/compose/config/pip) by extension 'colcon_meta'
[0.203s] Level 1:colcon.colcon_core.package_identification:_identify(src/pool/docker/compose/config/pip) by extensions ['ros']
[0.203s] Level 1:colcon.colcon_core.package_identification:_identify(src/pool/docker/compose/config/pip) by extension 'ros'
[0.203s] Level 1:colcon.colcon_core.package_identification:_identify(src/pool/docker/compose/config/pip) by extensions ['cmake', 'python']
[0.204s] Level 1:colcon.colcon_core.package_identification:_identify(src/pool/docker/compose/config/pip) by extension 'cmake'
[0.204s] Level 1:colcon.colcon_core.package_identification:_identify(src/pool/docker/compose/config/pip) by extension 'python'
[0.204s] Level 1:colcon.colcon_core.package_identification:_identify(src/pool/docker/compose/config/pip) by extensions ['python_setup_py']
[0.204s] Level 1:colcon.colcon_core.package_identification:_identify(src/pool/docker/compose/config/pip) by extension 'python_setup_py'
[0.204s] Level 1:colcon.colcon_core.package_identification:_identify(src/pool/docker/compose/config/shell) by extensions ['ignore', 'ignore_ament_install']
[0.204s] Level 1:colcon.colcon_core.package_identification:_identify(src/pool/docker/compose/config/shell) by extension 'ignore'
[0.204s] Level 1:colcon.colcon_core.package_identification:_identify(src/pool/docker/compose/config/shell) by extension 'ignore_ament_install'
[0.204s] Level 1:colcon.colcon_core.package_identification:_identify(src/pool/docker/compose/config/shell) by extensions ['colcon_pkg']
[0.204s] Level 1:colcon.colcon_core.package_identification:_identify(src/pool/docker/compose/config/shell) by extension 'colcon_pkg'
[0.204s] Level 1:colcon.colcon_core.package_identification:_identify(src/pool/docker/compose/config/shell) by extensions ['colcon_meta']
[0.204s] Level 1:colcon.colcon_core.package_identification:_identify(src/pool/docker/compose/config/shell) by extension 'colcon_meta'
[0.204s] Level 1:colcon.colcon_core.package_identification:_identify(src/pool/docker/compose/config/shell) by extensions ['ros']
[0.204s] Level 1:colcon.colcon_core.package_identification:_identify(src/pool/docker/compose/config/shell) by extension 'ros'
[0.204s] Level 1:colcon.colcon_core.package_identification:_identify(src/pool/docker/compose/config/shell) by extensions ['cmake', 'python']
[0.204s] Level 1:colcon.colcon_core.package_identification:_identify(src/pool/docker/compose/config/shell) by extension 'cmake'
[0.204s] Level 1:colcon.colcon_core.package_identification:_identify(src/pool/docker/compose/config/shell) by extension 'python'
[0.204s] Level 1:colcon.colcon_core.package_identification:_identify(src/pool/docker/compose/config/shell) by extensions ['python_setup_py']
[0.204s] Level 1:colcon.colcon_core.package_identification:_identify(src/pool/docker/compose/config/shell) by extension 'python_setup_py'
[0.204s] Level 1:colcon.colcon_core.package_identification:_identify(src/pool/docker/compose/config/shell/terminator) by extensions ['ignore', 'ignore_ament_install']
[0.204s] Level 1:colcon.colcon_core.package_identification:_identify(src/pool/docker/compose/config/shell/terminator) by extension 'ignore'
[0.204s] Level 1:colcon.colcon_core.package_identification:_identify(src/pool/docker/compose/config/shell/terminator) by extension 'ignore_ament_install'
[0.204s] Level 1:colcon.colcon_core.package_identification:_identify(src/pool/docker/compose/config/shell/terminator) by extensions ['colcon_pkg']
[0.204s] Level 1:colcon.colcon_core.package_identification:_identify(src/pool/docker/compose/config/shell/terminator) by extension 'colcon_pkg'
[0.204s] Level 1:colcon.colcon_core.package_identification:_identify(src/pool/docker/compose/config/shell/terminator) by extensions ['colcon_meta']
[0.204s] Level 1:colcon.colcon_core.package_identification:_identify(src/pool/docker/compose/config/shell/terminator) by extension 'colcon_meta'
[0.204s] Level 1:colcon.colcon_core.package_identification:_identify(src/pool/docker/compose/config/shell/terminator) by extensions ['ros']
[0.204s] Level 1:colcon.colcon_core.package_identification:_identify(src/pool/docker/compose/config/shell/terminator) by extension 'ros'
[0.204s] Level 1:colcon.colcon_core.package_identification:_identify(src/pool/docker/compose/config/shell/terminator) by extensions ['cmake', 'python']
[0.205s] Level 1:colcon.colcon_core.package_identification:_identify(src/pool/docker/compose/config/shell/terminator) by extension 'cmake'
[0.205s] Level 1:colcon.colcon_core.package_identification:_identify(src/pool/docker/compose/config/shell/terminator) by extension 'python'
[0.205s] Level 1:colcon.colcon_core.package_identification:_identify(src/pool/docker/compose/config/shell/terminator) by extensions ['python_setup_py']
[0.205s] Level 1:colcon.colcon_core.package_identification:_identify(src/pool/docker/compose/config/shell/terminator) by extension 'python_setup_py'
[0.205s] Level 1:colcon.colcon_core.package_identification:_identify(src/pool/docker/compose/config/shell/tmux) by extensions ['ignore', 'ignore_ament_install']
[0.205s] Level 1:colcon.colcon_core.package_identification:_identify(src/pool/docker/compose/config/shell/tmux) by extension 'ignore'
[0.205s] Level 1:colcon.colcon_core.package_identification:_identify(src/pool/docker/compose/config/shell/tmux) by extension 'ignore_ament_install'
[0.205s] Level 1:colcon.colcon_core.package_identification:_identify(src/pool/docker/compose/config/shell/tmux) by extensions ['colcon_pkg']
[0.205s] Level 1:colcon.colcon_core.package_identification:_identify(src/pool/docker/compose/config/shell/tmux) by extension 'colcon_pkg'
[0.205s] Level 1:colcon.colcon_core.package_identification:_identify(src/pool/docker/compose/config/shell/tmux) by extensions ['colcon_meta']
[0.205s] Level 1:colcon.colcon_core.package_identification:_identify(src/pool/docker/compose/config/shell/tmux) by extension 'colcon_meta'
[0.205s] Level 1:colcon.colcon_core.package_identification:_identify(src/pool/docker/compose/config/shell/tmux) by extensions ['ros']
[0.205s] Level 1:colcon.colcon_core.package_identification:_identify(src/pool/docker/compose/config/shell/tmux) by extension 'ros'
[0.205s] Level 1:colcon.colcon_core.package_identification:_identify(src/pool/docker/compose/config/shell/tmux) by extensions ['cmake', 'python']
[0.205s] Level 1:colcon.colcon_core.package_identification:_identify(src/pool/docker/compose/config/shell/tmux) by extension 'cmake'
[0.205s] Level 1:colcon.colcon_core.package_identification:_identify(src/pool/docker/compose/config/shell/tmux) by extension 'python'
[0.205s] Level 1:colcon.colcon_core.package_identification:_identify(src/pool/docker/compose/config/shell/tmux) by extensions ['python_setup_py']
[0.205s] Level 1:colcon.colcon_core.package_identification:_identify(src/pool/docker/compose/config/shell/tmux) by extension 'python_setup_py'
[0.205s] Level 1:colcon.colcon_core.package_identification:_identify(src/pool/docker/config) by extensions ['ignore', 'ignore_ament_install']
[0.205s] Level 1:colcon.colcon_core.package_identification:_identify(src/pool/docker/config) by extension 'ignore'
[0.205s] Level 1:colcon.colcon_core.package_identification:_identify(src/pool/docker/config) by extension 'ignore_ament_install'
[0.205s] Level 1:colcon.colcon_core.package_identification:_identify(src/pool/docker/config) by extensions ['colcon_pkg']
[0.205s] Level 1:colcon.colcon_core.package_identification:_identify(src/pool/docker/config) by extension 'colcon_pkg'
[0.205s] Level 1:colcon.colcon_core.package_identification:_identify(src/pool/docker/config) by extensions ['colcon_meta']
[0.205s] Level 1:colcon.colcon_core.package_identification:_identify(src/pool/docker/config) by extension 'colcon_meta'
[0.205s] Level 1:colcon.colcon_core.package_identification:_identify(src/pool/docker/config) by extensions ['ros']
[0.205s] Level 1:colcon.colcon_core.package_identification:_identify(src/pool/docker/config) by extension 'ros'
[0.205s] Level 1:colcon.colcon_core.package_identification:_identify(src/pool/docker/config) by extensions ['cmake', 'python']
[0.205s] Level 1:colcon.colcon_core.package_identification:_identify(src/pool/docker/config) by extension 'cmake'
[0.205s] Level 1:colcon.colcon_core.package_identification:_identify(src/pool/docker/config) by extension 'python'
[0.205s] Level 1:colcon.colcon_core.package_identification:_identify(src/pool/docker/config) by extensions ['python_setup_py']
[0.205s] Level 1:colcon.colcon_core.package_identification:_identify(src/pool/docker/config) by extension 'python_setup_py'
[0.206s] Level 1:colcon.colcon_core.package_identification:_identify(src/pool/docker/config/pip) by extensions ['ignore', 'ignore_ament_install']
[0.206s] Level 1:colcon.colcon_core.package_identification:_identify(src/pool/docker/config/pip) by extension 'ignore'
[0.206s] Level 1:colcon.colcon_core.package_identification:_identify(src/pool/docker/config/pip) by extension 'ignore_ament_install'
[0.206s] Level 1:colcon.colcon_core.package_identification:_identify(src/pool/docker/config/pip) by extensions ['colcon_pkg']
[0.206s] Level 1:colcon.colcon_core.package_identification:_identify(src/pool/docker/config/pip) by extension 'colcon_pkg'
[0.206s] Level 1:colcon.colcon_core.package_identification:_identify(src/pool/docker/config/pip) by extensions ['colcon_meta']
[0.206s] Level 1:colcon.colcon_core.package_identification:_identify(src/pool/docker/config/pip) by extension 'colcon_meta'
[0.206s] Level 1:colcon.colcon_core.package_identification:_identify(src/pool/docker/config/pip) by extensions ['ros']
[0.206s] Level 1:colcon.colcon_core.package_identification:_identify(src/pool/docker/config/pip) by extension 'ros'
[0.206s] Level 1:colcon.colcon_core.package_identification:_identify(src/pool/docker/config/pip) by extensions ['cmake', 'python']
[0.206s] Level 1:colcon.colcon_core.package_identification:_identify(src/pool/docker/config/pip) by extension 'cmake'
[0.206s] Level 1:colcon.colcon_core.package_identification:_identify(src/pool/docker/config/pip) by extension 'python'
[0.206s] Level 1:colcon.colcon_core.package_identification:_identify(src/pool/docker/config/pip) by extensions ['python_setup_py']
[0.206s] Level 1:colcon.colcon_core.package_identification:_identify(src/pool/docker/config/pip) by extension 'python_setup_py'
[0.206s] Level 1:colcon.colcon_core.package_identification:_identify(src/pool/docker/config/shell) by extensions ['ignore', 'ignore_ament_install']
[0.206s] Level 1:colcon.colcon_core.package_identification:_identify(src/pool/docker/config/shell) by extension 'ignore'
[0.206s] Level 1:colcon.colcon_core.package_identification:_identify(src/pool/docker/config/shell) by extension 'ignore_ament_install'
[0.206s] Level 1:colcon.colcon_core.package_identification:_identify(src/pool/docker/config/shell) by extensions ['colcon_pkg']
[0.206s] Level 1:colcon.colcon_core.package_identification:_identify(src/pool/docker/config/shell) by extension 'colcon_pkg'
[0.206s] Level 1:colcon.colcon_core.package_identification:_identify(src/pool/docker/config/shell) by extensions ['colcon_meta']
[0.206s] Level 1:colcon.colcon_core.package_identification:_identify(src/pool/docker/config/shell) by extension 'colcon_meta'
[0.206s] Level 1:colcon.colcon_core.package_identification:_identify(src/pool/docker/config/shell) by extensions ['ros']
[0.206s] Level 1:colcon.colcon_core.package_identification:_identify(src/pool/docker/config/shell) by extension 'ros'
[0.207s] Level 1:colcon.colcon_core.package_identification:_identify(src/pool/docker/config/shell) by extensions ['cmake', 'python']
[0.207s] Level 1:colcon.colcon_core.package_identification:_identify(src/pool/docker/config/shell) by extension 'cmake'
[0.207s] Level 1:colcon.colcon_core.package_identification:_identify(src/pool/docker/config/shell) by extension 'python'
[0.207s] Level 1:colcon.colcon_core.package_identification:_identify(src/pool/docker/config/shell) by extensions ['python_setup_py']
[0.207s] Level 1:colcon.colcon_core.package_identification:_identify(src/pool/docker/config/shell) by extension 'python_setup_py'
[0.207s] Level 1:colcon.colcon_core.package_identification:_identify(src/pool/docker/config/shell/terminator) by extensions ['ignore', 'ignore_ament_install']
[0.207s] Level 1:colcon.colcon_core.package_identification:_identify(src/pool/docker/config/shell/terminator) by extension 'ignore'
[0.207s] Level 1:colcon.colcon_core.package_identification:_identify(src/pool/docker/config/shell/terminator) by extension 'ignore_ament_install'
[0.207s] Level 1:colcon.colcon_core.package_identification:_identify(src/pool/docker/config/shell/terminator) by extensions ['colcon_pkg']
[0.207s] Level 1:colcon.colcon_core.package_identification:_identify(src/pool/docker/config/shell/terminator) by extension 'colcon_pkg'
[0.207s] Level 1:colcon.colcon_core.package_identification:_identify(src/pool/docker/config/shell/terminator) by extensions ['colcon_meta']
[0.207s] Level 1:colcon.colcon_core.package_identification:_identify(src/pool/docker/config/shell/terminator) by extension 'colcon_meta'
[0.207s] Level 1:colcon.colcon_core.package_identification:_identify(src/pool/docker/config/shell/terminator) by extensions ['ros']
[0.207s] Level 1:colcon.colcon_core.package_identification:_identify(src/pool/docker/config/shell/terminator) by extension 'ros'
[0.207s] Level 1:colcon.colcon_core.package_identification:_identify(src/pool/docker/config/shell/terminator) by extensions ['cmake', 'python']
[0.207s] Level 1:colcon.colcon_core.package_identification:_identify(src/pool/docker/config/shell/terminator) by extension 'cmake'
[0.207s] Level 1:colcon.colcon_core.package_identification:_identify(src/pool/docker/config/shell/terminator) by extension 'python'
[0.207s] Level 1:colcon.colcon_core.package_identification:_identify(src/pool/docker/config/shell/terminator) by extensions ['python_setup_py']
[0.207s] Level 1:colcon.colcon_core.package_identification:_identify(src/pool/docker/config/shell/terminator) by extension 'python_setup_py'
[0.207s] Level 1:colcon.colcon_core.package_identification:_identify(src/pool/docker/config/shell/tmux) by extensions ['ignore', 'ignore_ament_install']
[0.207s] Level 1:colcon.colcon_core.package_identification:_identify(src/pool/docker/config/shell/tmux) by extension 'ignore'
[0.208s] Level 1:colcon.colcon_core.package_identification:_identify(src/pool/docker/config/shell/tmux) by extension 'ignore_ament_install'
[0.208s] Level 1:colcon.colcon_core.package_identification:_identify(src/pool/docker/config/shell/tmux) by extensions ['colcon_pkg']
[0.208s] Level 1:colcon.colcon_core.package_identification:_identify(src/pool/docker/config/shell/tmux) by extension 'colcon_pkg'
[0.208s] Level 1:colcon.colcon_core.package_identification:_identify(src/pool/docker/config/shell/tmux) by extensions ['colcon_meta']
[0.208s] Level 1:colcon.colcon_core.package_identification:_identify(src/pool/docker/config/shell/tmux) by extension 'colcon_meta'
[0.208s] Level 1:colcon.colcon_core.package_identification:_identify(src/pool/docker/config/shell/tmux) by extensions ['ros']
[0.208s] Level 1:colcon.colcon_core.package_identification:_identify(src/pool/docker/config/shell/tmux) by extension 'ros'
[0.208s] Level 1:colcon.colcon_core.package_identification:_identify(src/pool/docker/config/shell/tmux) by extensions ['cmake', 'python']
[0.208s] Level 1:colcon.colcon_core.package_identification:_identify(src/pool/docker/config/shell/tmux) by extension 'cmake'
[0.208s] Level 1:colcon.colcon_core.package_identification:_identify(src/pool/docker/config/shell/tmux) by extension 'python'
[0.208s] Level 1:colcon.colcon_core.package_identification:_identify(src/pool/docker/config/shell/tmux) by extensions ['python_setup_py']
[0.208s] Level 1:colcon.colcon_core.package_identification:_identify(src/pool/docker/config/shell/tmux) by extension 'python_setup_py'
[0.208s] Level 1:colcon.colcon_core.package_identification:_identify(src/pool/realsense-ros) by extensions ['ignore', 'ignore_ament_install']
[0.208s] Level 1:colcon.colcon_core.package_identification:_identify(src/pool/realsense-ros) by extension 'ignore'
[0.208s] Level 1:colcon.colcon_core.package_identification:_identify(src/pool/realsense-ros) by extension 'ignore_ament_install'
[0.208s] Level 1:colcon.colcon_core.package_identification:_identify(src/pool/realsense-ros) by extensions ['colcon_pkg']
[0.208s] Level 1:colcon.colcon_core.package_identification:_identify(src/pool/realsense-ros) by extension 'colcon_pkg'
[0.208s] Level 1:colcon.colcon_core.package_identification:_identify(src/pool/realsense-ros) by extensions ['colcon_meta']
[0.208s] Level 1:colcon.colcon_core.package_identification:_identify(src/pool/realsense-ros) by extension 'colcon_meta'
[0.208s] Level 1:colcon.colcon_core.package_identification:_identify(src/pool/realsense-ros) by extensions ['ros']
[0.208s] Level 1:colcon.colcon_core.package_identification:_identify(src/pool/realsense-ros) by extension 'ros'
[0.208s] Level 1:colcon.colcon_core.package_identification:_identify(src/pool/realsense-ros) by extensions ['cmake', 'python']
[0.208s] Level 1:colcon.colcon_core.package_identification:_identify(src/pool/realsense-ros) by extension 'cmake'
[0.209s] Level 1:colcon.colcon_core.package_identification:_identify(src/pool/realsense-ros) by extension 'python'
[0.209s] Level 1:colcon.colcon_core.package_identification:_identify(src/pool/realsense-ros) by extensions ['python_setup_py']
[0.209s] Level 1:colcon.colcon_core.package_identification:_identify(src/pool/realsense-ros) by extension 'python_setup_py'
[0.209s] Level 1:colcon.colcon_core.package_identification:_identify(src/pool/realsense-ros/realsense2_camera) by extensions ['ignore', 'ignore_ament_install']
[0.209s] Level 1:colcon.colcon_core.package_identification:_identify(src/pool/realsense-ros/realsense2_camera) by extension 'ignore'
[0.209s] Level 1:colcon.colcon_core.package_identification:_identify(src/pool/realsense-ros/realsense2_camera) by extension 'ignore_ament_install'
[0.209s] Level 1:colcon.colcon_core.package_identification:_identify(src/pool/realsense-ros/realsense2_camera) by extensions ['colcon_pkg']
[0.209s] Level 1:colcon.colcon_core.package_identification:_identify(src/pool/realsense-ros/realsense2_camera) by extension 'colcon_pkg'
[0.209s] Level 1:colcon.colcon_core.package_identification:_identify(src/pool/realsense-ros/realsense2_camera) by extensions ['colcon_meta']
[0.209s] Level 1:colcon.colcon_core.package_identification:_identify(src/pool/realsense-ros/realsense2_camera) by extension 'colcon_meta'
[0.209s] Level 1:colcon.colcon_core.package_identification:_identify(src/pool/realsense-ros/realsense2_camera) by extensions ['ros']
[0.209s] Level 1:colcon.colcon_core.package_identification:_identify(src/pool/realsense-ros/realsense2_camera) by extension 'ros'
[0.214s] DEBUG:colcon.colcon_core.package_identification:Package 'src/pool/realsense-ros/realsense2_camera' with type 'ros.ament_cmake' and name 'realsense2_camera'
[0.215s] Level 1:colcon.colcon_core.package_identification:_identify(src/pool/realsense-ros/realsense2_camera_msgs) by extensions ['ignore', 'ignore_ament_install']
[0.215s] Level 1:colcon.colcon_core.package_identification:_identify(src/pool/realsense-ros/realsense2_camera_msgs) by extension 'ignore'
[0.215s] Level 1:colcon.colcon_core.package_identification:_identify(src/pool/realsense-ros/realsense2_camera_msgs) by extension 'ignore_ament_install'
[0.215s] Level 1:colcon.colcon_core.package_identification:_identify(src/pool/realsense-ros/realsense2_camera_msgs) by extensions ['colcon_pkg']
[0.215s] Level 1:colcon.colcon_core.package_identification:_identify(src/pool/realsense-ros/realsense2_camera_msgs) by extension 'colcon_pkg'
[0.215s] Level 1:colcon.colcon_core.package_identification:_identify(src/pool/realsense-ros/realsense2_camera_msgs) by extensions ['colcon_meta']
[0.215s] Level 1:colcon.colcon_core.package_identification:_identify(src/pool/realsense-ros/realsense2_camera_msgs) by extension 'colcon_meta'
[0.215s] Level 1:colcon.colcon_core.package_identification:_identify(src/pool/realsense-ros/realsense2_camera_msgs) by extensions ['ros']
[0.215s] Level 1:colcon.colcon_core.package_identification:_identify(src/pool/realsense-ros/realsense2_camera_msgs) by extension 'ros'
[0.216s] DEBUG:colcon.colcon_core.package_identification:Package 'src/pool/realsense-ros/realsense2_camera_msgs' with type 'ros.ament_cmake' and name 'realsense2_camera_msgs'
[0.216s] Level 1:colcon.colcon_core.package_identification:_identify(src/pool/realsense-ros/realsense2_description) by extensions ['ignore', 'ignore_ament_install']
[0.216s] Level 1:colcon.colcon_core.package_identification:_identify(src/pool/realsense-ros/realsense2_description) by extension 'ignore'
[0.216s] Level 1:colcon.colcon_core.package_identification:_identify(src/pool/realsense-ros/realsense2_description) by extension 'ignore_ament_install'
[0.216s] Level 1:colcon.colcon_core.package_identification:_identify(src/pool/realsense-ros/realsense2_description) by extensions ['colcon_pkg']
[0.216s] Level 1:colcon.colcon_core.package_identification:_identify(src/pool/realsense-ros/realsense2_description) by extension 'colcon_pkg'
[0.216s] Level 1:colcon.colcon_core.package_identification:_identify(src/pool/realsense-ros/realsense2_description) by extensions ['colcon_meta']
[0.216s] Level 1:colcon.colcon_core.package_identification:_identify(src/pool/realsense-ros/realsense2_description) by extension 'colcon_meta'
[0.217s] Level 1:colcon.colcon_core.package_identification:_identify(src/pool/realsense-ros/realsense2_description) by extensions ['ros']
[0.217s] Level 1:colcon.colcon_core.package_identification:_identify(src/pool/realsense-ros/realsense2_description) by extension 'ros'
[0.217s] DEBUG:colcon.colcon_core.package_identification:Package 'src/pool/realsense-ros/realsense2_description' with type 'ros.ament_cmake' and name 'realsense2_description'
[0.217s] Level 1:colcon.colcon_core.package_identification:_identify(src/pool/realsense-ros/scripts) by extensions ['ignore', 'ignore_ament_install']
[0.217s] Level 1:colcon.colcon_core.package_identification:_identify(src/pool/realsense-ros/scripts) by extension 'ignore'
[0.217s] Level 1:colcon.colcon_core.package_identification:_identify(src/pool/realsense-ros/scripts) by extension 'ignore_ament_install'
[0.217s] Level 1:colcon.colcon_core.package_identification:_identify(src/pool/realsense-ros/scripts) by extensions ['colcon_pkg']
[0.218s] Level 1:colcon.colcon_core.package_identification:_identify(src/pool/realsense-ros/scripts) by extension 'colcon_pkg'
[0.218s] Level 1:colcon.colcon_core.package_identification:_identify(src/pool/realsense-ros/scripts) by extensions ['colcon_meta']
[0.218s] Level 1:colcon.colcon_core.package_identification:_identify(src/pool/realsense-ros/scripts) by extension 'colcon_meta'
[0.218s] Level 1:colcon.colcon_core.package_identification:_identify(src/pool/realsense-ros/scripts) by extensions ['ros']
[0.218s] Level 1:colcon.colcon_core.package_identification:_identify(src/pool/realsense-ros/scripts) by extension 'ros'
[0.218s] Level 1:colcon.colcon_core.package_identification:_identify(src/pool/realsense-ros/scripts) by extensions ['cmake', 'python']
[0.218s] Level 1:colcon.colcon_core.package_identification:_identify(src/pool/realsense-ros/scripts) by extension 'cmake'
[0.218s] Level 1:colcon.colcon_core.package_identification:_identify(src/pool/realsense-ros/scripts) by extension 'python'
[0.218s] Level 1:colcon.colcon_core.package_identification:_identify(src/pool/realsense-ros/scripts) by extensions ['python_setup_py']
[0.218s] Level 1:colcon.colcon_core.package_identification:_identify(src/pool/realsense-ros/scripts) by extension 'python_setup_py'
[0.218s] Level 1:colcon.colcon_core.package_identification:_identify(src/pool/view) by extensions ['ignore', 'ignore_ament_install']
[0.218s] Level 1:colcon.colcon_core.package_identification:_identify(src/pool/view) by extension 'ignore'
[0.218s] Level 1:colcon.colcon_core.package_identification:_identify(src/pool/view) by extension 'ignore_ament_install'
[0.218s] Level 1:colcon.colcon_core.package_identification:_identify(src/pool/view) by extensions ['colcon_pkg']
[0.218s] Level 1:colcon.colcon_core.package_identification:_identify(src/pool/view) by extension 'colcon_pkg'
[0.218s] Level 1:colcon.colcon_core.package_identification:_identify(src/pool/view) by extensions ['colcon_meta']
[0.218s] Level 1:colcon.colcon_core.package_identification:_identify(src/pool/view) by extension 'colcon_meta'
[0.218s] Level 1:colcon.colcon_core.package_identification:_identify(src/pool/view) by extensions ['ros']
[0.218s] Level 1:colcon.colcon_core.package_identification:_identify(src/pool/view) by extension 'ros'
[0.218s] Level 1:colcon.colcon_core.package_identification:_identify(src/pool/view) by extensions ['cmake', 'python']
[0.218s] Level 1:colcon.colcon_core.package_identification:_identify(src/pool/view) by extension 'cmake'
[0.218s] Level 1:colcon.colcon_core.package_identification:_identify(src/pool/view) by extension 'python'
[0.218s] Level 1:colcon.colcon_core.package_identification:_identify(src/pool/view) by extensions ['python_setup_py']
[0.218s] Level 1:colcon.colcon_core.package_identification:_identify(src/pool/view) by extension 'python_setup_py'
[0.219s] Level 1:colcon.colcon_core.package_discovery:discover_packages(recursive) using defaults
[0.219s] Level 1:colcon.colcon_core.package_discovery:discover_packages(ignore) discover
[0.219s] Level 1:colcon.colcon_core.package_discovery:discover_packages(ignore) using defaults
[0.219s] Level 1:colcon.colcon_core.package_discovery:discover_packages(path) discover
[0.219s] Level 1:colcon.colcon_core.package_discovery:discover_packages(path) using defaults
[0.219s] WARNING:colcon.colcon_core.package_selection:ignoring unknown package 'hiwin_controller' in --packages-select
[0.239s] INFO:colcon.colcon_core.package_selection:Skipping not selected package 'detect_interface' in 'src/pool/detect/detect_interface'
[0.240s] INFO:colcon.colcon_core.package_selection:Skipping not selected package 'hiwin_example' in 'src/Hiwin_libmodbus/hiwin_example'
[0.240s] INFO:colcon.colcon_core.package_selection:Skipping not selected package 'hiwin_interfaces' in 'src/Hiwin_libmodbus/hiwin_interfaces'
[0.240s] INFO:colcon.colcon_core.package_selection:Skipping not selected package 'realsense2_camera_msgs' in 'src/pool/realsense-ros/realsense2_camera_msgs'
[0.240s] INFO:colcon.colcon_core.package_selection:Skipping not selected package 'center' in 'src/pool/center'
[0.240s] INFO:colcon.colcon_core.package_selection:Skipping not selected package 'hiwin_control' in 'src/hiwin_control'
[0.240s] INFO:colcon.colcon_core.package_selection:Skipping not selected package 'hiwin_libmodbus' in 'src/Hiwin_libmodbus/hiwin_libmodbus'
[0.240s] INFO:colcon.colcon_core.package_selection:Skipping not selected package 'realsense2_camera' in 'src/pool/realsense-ros/realsense2_camera'
[0.240s] INFO:colcon.colcon_core.package_selection:Skipping not selected package 'realsense2_description' in 'src/pool/realsense-ros/realsense2_description'
[0.240s] INFO:colcon.colcon_core.package_selection:Skipping not selected package 'yolov7_obj_detect' in 'src/pool/detect/yolov7_obj_detect'
[0.240s] INFO:colcon.colcon_core.package_selection:Skipping not selected package 'hiwin_service_client' in 'src/Hiwin_libmodbus/hiwin_service_client'
[0.240s] Level 1:colcon.colcon_core.package_discovery:discover_packages(prefix_path) check parameters
[0.240s] Level 1:colcon.colcon_core.package_discovery:discover_packages(prefix_path) discover
[0.243s] DEBUG:colcon.colcon_installed_package_information.package_discovery:Found 11 installed packages in /home/jack/work/install
[0.244s] DEBUG:colcon.colcon_installed_package_information.package_discovery:Found 279 installed packages in /opt/ros/humble
[0.246s] Level 1:colcon.colcon_core.package_discovery:discover_packages(prefix_path) using defaults
[0.276s] INFO:colcon.colcon_core.executor:Executing jobs using 'parallel' executor
[0.278s] DEBUG:colcon.colcon_parallel_executor.executor.parallel:run_until_complete
[0.278s] DEBUG:colcon.colcon_parallel_executor.executor.parallel:closing loop
[0.278s] DEBUG:colcon.colcon_parallel_executor.executor.parallel:loop closed
[0.278s] DEBUG:colcon.colcon_parallel_executor.executor.parallel:run_until_complete finished with '0'
[0.278s] DEBUG:colcon.colcon_core.event_reactor:joining thread
[0.284s] INFO:colcon.colcon_core.plugin_system:Skipping extension 'colcon_notification.desktop_notification.notify_send': Could not find 'notify-send'
[0.284s] INFO:colcon.colcon_core.plugin_system:Skipping extension 'colcon_notification.desktop_notification.terminal_notifier': Not used on non-Darwin systems
[0.284s] INFO:colcon.colcon_core.plugin_system:Skipping extension 'colcon_notification.desktop_notification.win32': Not used on non-Windows systems
[0.284s] INFO:colcon.colcon_notification.desktop_notification:Sending desktop notification using 'notify2'
[0.286s] DEBUG:colcon.colcon_notification.desktop_notification.notify2:Failed to initialize notify2: org.freedesktop.DBus.Error.Spawn.ExecFailed: /usr/bin/dbus-launch terminated abnormally without any error message
[0.287s] DEBUG:colcon.colcon_core.event_reactor:joined thread
[0.289s] INFO:colcon.colcon_core.plugin_system:Skipping extension 'colcon_core.shell.bat': Not used on non-Windows systems
[0.289s] INFO:colcon.colcon_core.shell:Creating prefix script '/home/jack/work/install/local_setup.ps1'
[0.290s] INFO:colcon.colcon_core.shell:Creating prefix util module '/home/jack/work/install/_local_setup_util_ps1.py'
[0.294s] INFO:colcon.colcon_core.shell:Creating prefix chain script '/home/jack/work/install/setup.ps1'
[0.296s] INFO:colcon.colcon_core.shell:Creating prefix script '/home/jack/work/install/local_setup.sh'
[0.296s] INFO:colcon.colcon_core.shell:Creating prefix util module '/home/jack/work/install/_local_setup_util_sh.py'
[0.297s] INFO:colcon.colcon_core.shell:Creating prefix chain script '/home/jack/work/install/setup.sh'
[0.298s] INFO:colcon.colcon_core.shell:Creating prefix script '/home/jack/work/install/local_setup.bash'
[0.299s] INFO:colcon.colcon_core.shell:Creating prefix chain script '/home/jack/work/install/setup.bash'
[0.300s] INFO:colcon.colcon_core.shell:Creating prefix script '/home/jack/work/install/local_setup.zsh'
[0.301s] INFO:colcon.colcon_core.shell:Creating prefix chain script '/home/jack/work/install/setup.zsh'
