[0.158s] DEBUG:colcon:Command line arguments: ['/usr/bin/colcon', 'build']
[0.158s] DEBUG:colcon:Parsed command line arguments: Namespace(log_base=None, log_level=None, verb_name='build', build_base='build', install_base='install', merge_install=False, symlink_install=False, test_result_base=None, continue_on_error=False, executor='parallel', parallel_workers=16, event_handlers=None, ignore_user_meta=False, metas=['./colcon.meta'], base_paths=['.'], packages_ignore=None, packages_ignore_regex=None, paths=None, packages_up_to=None, packages_up_to_regex=None, packages_above=None, packages_above_and_dependencies=None, packages_above_depth=None, packages_select_by_dep=None, packages_skip_by_dep=None, packages_skip_up_to=None, packages_select_build_failed=False, packages_skip_build_finished=False, packages_select_test_failures=False, packages_skip_test_passed=False, packages_select=None, packages_skip=None, packages_select_regex=None, packages_skip_regex=None, packages_start=None, packages_end=None, allow_overriding=[], cmake_args=None, cmake_target=None, cmake_target_skip_unavailable=False, cmake_clean_cache=False, cmake_clean_first=False, cmake_force_configure=False, ament_cmake_args=None, catkin_cmake_args=None, catkin_skip_building_tests=False, verb_parser=<colcon_defaults.argument_parser.defaults.DefaultArgumentsDecorator object at 0x7beea60f9510>, verb_extension=<colcon_core.verb.build.BuildVerb object at 0x7beea60f8f40>, main=<bound method BuildVerb.main of <colcon_core.verb.build.BuildVerb object at 0x7beea60f8f40>>)
[0.216s] Level 1:colcon.colcon_core.package_discovery:discover_packages(colcon_meta) check parameters
[0.217s] Level 1:colcon.colcon_core.package_discovery:discover_packages(recursive) check parameters
[0.217s] Level 1:colcon.colcon_core.package_discovery:discover_packages(ignore) check parameters
[0.217s] Level 1:colcon.colcon_core.package_discovery:discover_packages(path) check parameters
[0.217s] Level 1:colcon.colcon_core.package_discovery:discover_packages(colcon_meta) discover
[0.217s] Level 1:colcon.colcon_core.package_discovery:discover_packages(recursive) discover
[0.217s] INFO:colcon.colcon_core.package_discovery:Crawling recursively for packages in '/home/jack/work'
[0.217s] Level 1:colcon.colcon_core.package_identification:_identify(.) by extensions ['ignore', 'ignore_ament_install']
[0.217s] Level 1:colcon.colcon_core.package_identification:_identify(.) by extension 'ignore'
[0.217s] Level 1:colcon.colcon_core.package_identification:_identify(.) by extension 'ignore_ament_install'
[0.217s] Level 1:colcon.colcon_core.package_identification:_identify(.) by extensions ['colcon_pkg']
[0.217s] Level 1:colcon.colcon_core.package_identification:_identify(.) by extension 'colcon_pkg'
[0.217s] Level 1:colcon.colcon_core.package_identification:_identify(.) by extensions ['colcon_meta']
[0.217s] Level 1:colcon.colcon_core.package_identification:_identify(.) by extension 'colcon_meta'
[0.217s] Level 1:colcon.colcon_core.package_identification:_identify(.) by extensions ['ros']
[0.217s] Level 1:colcon.colcon_core.package_identification:_identify(.) by extension 'ros'
[0.237s] Level 1:colcon.colcon_core.package_identification:_identify(.) by extensions ['cmake', 'python']
[0.237s] Level 1:colcon.colcon_core.package_identification:_identify(.) by extension 'cmake'
[0.237s] Level 1:colcon.colcon_core.package_identification:_identify(.) by extension 'python'
[0.237s] Level 1:colcon.colcon_core.package_identification:_identify(.) by extensions ['python_setup_py']
[0.237s] Level 1:colcon.colcon_core.package_identification:_identify(.) by extension 'python_setup_py'
[0.237s] Level 1:colcon.colcon_core.package_identification:_identify(build) by extensions ['ignore', 'ignore_ament_install']
[0.238s] Level 1:colcon.colcon_core.package_identification:_identify(build) by extension 'ignore'
[0.238s] Level 1:colcon.colcon_core.package_identification:_identify(build) ignored
[0.238s] Level 1:colcon.colcon_core.package_identification:_identify(docker) by extensions ['ignore', 'ignore_ament_install']
[0.238s] Level 1:colcon.colcon_core.package_identification:_identify(docker) by extension 'ignore'
[0.238s] Level 1:colcon.colcon_core.package_identification:_identify(docker) by extension 'ignore_ament_install'
[0.238s] Level 1:colcon.colcon_core.package_identification:_identify(docker) by extensions ['colcon_pkg']
[0.238s] Level 1:colcon.colcon_core.package_identification:_identify(docker) by extension 'colcon_pkg'
[0.238s] Level 1:colcon.colcon_core.package_identification:_identify(docker) by extensions ['colcon_meta']
[0.238s] Level 1:colcon.colcon_core.package_identification:_identify(docker) by extension 'colcon_meta'
[0.238s] Level 1:colcon.colcon_core.package_identification:_identify(docker) by extensions ['ros']
[0.238s] Level 1:colcon.colcon_core.package_identification:_identify(docker) by extension 'ros'
[0.239s] Level 1:colcon.colcon_core.package_identification:_identify(docker) by extensions ['cmake', 'python']
[0.239s] Level 1:colcon.colcon_core.package_identification:_identify(docker) by extension 'cmake'
[0.239s] Level 1:colcon.colcon_core.package_identification:_identify(docker) by extension 'python'
[0.239s] Level 1:colcon.colcon_core.package_identification:_identify(docker) by extensions ['python_setup_py']
[0.239s] Level 1:colcon.colcon_core.package_identification:_identify(docker) by extension 'python_setup_py'
[0.239s] Level 1:colcon.colcon_core.package_identification:_identify(docker/compose) by extensions ['ignore', 'ignore_ament_install']
[0.239s] Level 1:colcon.colcon_core.package_identification:_identify(docker/compose) by extension 'ignore'
[0.239s] Level 1:colcon.colcon_core.package_identification:_identify(docker/compose) by extension 'ignore_ament_install'
[0.239s] Level 1:colcon.colcon_core.package_identification:_identify(docker/compose) by extensions ['colcon_pkg']
[0.239s] Level 1:colcon.colcon_core.package_identification:_identify(docker/compose) by extension 'colcon_pkg'
[0.239s] Level 1:colcon.colcon_core.package_identification:_identify(docker/compose) by extensions ['colcon_meta']
[0.239s] Level 1:colcon.colcon_core.package_identification:_identify(docker/compose) by extension 'colcon_meta'
[0.239s] Level 1:colcon.colcon_core.package_identification:_identify(docker/compose) by extensions ['ros']
[0.239s] Level 1:colcon.colcon_core.package_identification:_identify(docker/compose) by extension 'ros'
[0.239s] Level 1:colcon.colcon_core.package_identification:_identify(docker/compose) by extensions ['cmake', 'python']
[0.239s] Level 1:colcon.colcon_core.package_identification:_identify(docker/compose) by extension 'cmake'
[0.239s] Level 1:colcon.colcon_core.package_identification:_identify(docker/compose) by extension 'python'
[0.240s] Level 1:colcon.colcon_core.package_identification:_identify(docker/compose) by extensions ['python_setup_py']
[0.240s] Level 1:colcon.colcon_core.package_identification:_identify(docker/compose) by extension 'python_setup_py'
[0.240s] Level 1:colcon.colcon_core.package_identification:_identify(docker/compose/config) by extensions ['ignore', 'ignore_ament_install']
[0.240s] Level 1:colcon.colcon_core.package_identification:_identify(docker/compose/config) by extension 'ignore'
[0.240s] Level 1:colcon.colcon_core.package_identification:_identify(docker/compose/config) by extension 'ignore_ament_install'
[0.240s] Level 1:colcon.colcon_core.package_identification:_identify(docker/compose/config) by extensions ['colcon_pkg']
[0.240s] Level 1:colcon.colcon_core.package_identification:_identify(docker/compose/config) by extension 'colcon_pkg'
[0.240s] Level 1:colcon.colcon_core.package_identification:_identify(docker/compose/config) by extensions ['colcon_meta']
[0.240s] Level 1:colcon.colcon_core.package_identification:_identify(docker/compose/config) by extension 'colcon_meta'
[0.240s] Level 1:colcon.colcon_core.package_identification:_identify(docker/compose/config) by extensions ['ros']
[0.240s] Level 1:colcon.colcon_core.package_identification:_identify(docker/compose/config) by extension 'ros'
[0.240s] Level 1:colcon.colcon_core.package_identification:_identify(docker/compose/config) by extensions ['cmake', 'python']
[0.240s] Level 1:colcon.colcon_core.package_identification:_identify(docker/compose/config) by extension 'cmake'
[0.240s] Level 1:colcon.colcon_core.package_identification:_identify(docker/compose/config) by extension 'python'
[0.240s] Level 1:colcon.colcon_core.package_identification:_identify(docker/compose/config) by extensions ['python_setup_py']
[0.240s] Level 1:colcon.colcon_core.package_identification:_identify(docker/compose/config) by extension 'python_setup_py'
[0.241s] Level 1:colcon.colcon_core.package_identification:_identify(docker/compose/config/pip) by extensions ['ignore', 'ignore_ament_install']
[0.241s] Level 1:colcon.colcon_core.package_identification:_identify(docker/compose/config/pip) by extension 'ignore'
[0.241s] Level 1:colcon.colcon_core.package_identification:_identify(docker/compose/config/pip) by extension 'ignore_ament_install'
[0.241s] Level 1:colcon.colcon_core.package_identification:_identify(docker/compose/config/pip) by extensions ['colcon_pkg']
[0.241s] Level 1:colcon.colcon_core.package_identification:_identify(docker/compose/config/pip) by extension 'colcon_pkg'
[0.241s] Level 1:colcon.colcon_core.package_identification:_identify(docker/compose/config/pip) by extensions ['colcon_meta']
[0.241s] Level 1:colcon.colcon_core.package_identification:_identify(docker/compose/config/pip) by extension 'colcon_meta'
[0.241s] Level 1:colcon.colcon_core.package_identification:_identify(docker/compose/config/pip) by extensions ['ros']
[0.241s] Level 1:colcon.colcon_core.package_identification:_identify(docker/compose/config/pip) by extension 'ros'
[0.241s] Level 1:colcon.colcon_core.package_identification:_identify(docker/compose/config/pip) by extensions ['cmake', 'python']
[0.241s] Level 1:colcon.colcon_core.package_identification:_identify(docker/compose/config/pip) by extension 'cmake'
[0.241s] Level 1:colcon.colcon_core.package_identification:_identify(docker/compose/config/pip) by extension 'python'
[0.241s] Level 1:colcon.colcon_core.package_identification:_identify(docker/compose/config/pip) by extensions ['python_setup_py']
[0.241s] Level 1:colcon.colcon_core.package_identification:_identify(docker/compose/config/pip) by extension 'python_setup_py'
[0.241s] Level 1:colcon.colcon_core.package_identification:_identify(docker/compose/config/shell) by extensions ['ignore', 'ignore_ament_install']
[0.242s] Level 1:colcon.colcon_core.package_identification:_identify(docker/compose/config/shell) by extension 'ignore'
[0.242s] Level 1:colcon.colcon_core.package_identification:_identify(docker/compose/config/shell) by extension 'ignore_ament_install'
[0.242s] Level 1:colcon.colcon_core.package_identification:_identify(docker/compose/config/shell) by extensions ['colcon_pkg']
[0.242s] Level 1:colcon.colcon_core.package_identification:_identify(docker/compose/config/shell) by extension 'colcon_pkg'
[0.242s] Level 1:colcon.colcon_core.package_identification:_identify(docker/compose/config/shell) by extensions ['colcon_meta']
[0.242s] Level 1:colcon.colcon_core.package_identification:_identify(docker/compose/config/shell) by extension 'colcon_meta'
[0.242s] Level 1:colcon.colcon_core.package_identification:_identify(docker/compose/config/shell) by extensions ['ros']
[0.242s] Level 1:colcon.colcon_core.package_identification:_identify(docker/compose/config/shell) by extension 'ros'
[0.242s] Level 1:colcon.colcon_core.package_identification:_identify(docker/compose/config/shell) by extensions ['cmake', 'python']
[0.242s] Level 1:colcon.colcon_core.package_identification:_identify(docker/compose/config/shell) by extension 'cmake'
[0.242s] Level 1:colcon.colcon_core.package_identification:_identify(docker/compose/config/shell) by extension 'python'
[0.242s] Level 1:colcon.colcon_core.package_identification:_identify(docker/compose/config/shell) by extensions ['python_setup_py']
[0.242s] Level 1:colcon.colcon_core.package_identification:_identify(docker/compose/config/shell) by extension 'python_setup_py'
[0.242s] Level 1:colcon.colcon_core.package_identification:_identify(docker/compose/config/shell/terminator) by extensions ['ignore', 'ignore_ament_install']
[0.243s] Level 1:colcon.colcon_core.package_identification:_identify(docker/compose/config/shell/terminator) by extension 'ignore'
[0.243s] Level 1:colcon.colcon_core.package_identification:_identify(docker/compose/config/shell/terminator) by extension 'ignore_ament_install'
[0.243s] Level 1:colcon.colcon_core.package_identification:_identify(docker/compose/config/shell/terminator) by extensions ['colcon_pkg']
[0.243s] Level 1:colcon.colcon_core.package_identification:_identify(docker/compose/config/shell/terminator) by extension 'colcon_pkg'
[0.243s] Level 1:colcon.colcon_core.package_identification:_identify(docker/compose/config/shell/terminator) by extensions ['colcon_meta']
[0.243s] Level 1:colcon.colcon_core.package_identification:_identify(docker/compose/config/shell/terminator) by extension 'colcon_meta'
[0.243s] Level 1:colcon.colcon_core.package_identification:_identify(docker/compose/config/shell/terminator) by extensions ['ros']
[0.243s] Level 1:colcon.colcon_core.package_identification:_identify(docker/compose/config/shell/terminator) by extension 'ros'
[0.243s] Level 1:colcon.colcon_core.package_identification:_identify(docker/compose/config/shell/terminator) by extensions ['cmake', 'python']
[0.243s] Level 1:colcon.colcon_core.package_identification:_identify(docker/compose/config/shell/terminator) by extension 'cmake'
[0.243s] Level 1:colcon.colcon_core.package_identification:_identify(docker/compose/config/shell/terminator) by extension 'python'
[0.243s] Level 1:colcon.colcon_core.package_identification:_identify(docker/compose/config/shell/terminator) by extensions ['python_setup_py']
[0.243s] Level 1:colcon.colcon_core.package_identification:_identify(docker/compose/config/shell/terminator) by extension 'python_setup_py'
[0.243s] Level 1:colcon.colcon_core.package_identification:_identify(docker/compose/config/shell/tmux) by extensions ['ignore', 'ignore_ament_install']
[0.244s] Level 1:colcon.colcon_core.package_identification:_identify(docker/compose/config/shell/tmux) by extension 'ignore'
[0.244s] Level 1:colcon.colcon_core.package_identification:_identify(docker/compose/config/shell/tmux) by extension 'ignore_ament_install'
[0.244s] Level 1:colcon.colcon_core.package_identification:_identify(docker/compose/config/shell/tmux) by extensions ['colcon_pkg']
[0.244s] Level 1:colcon.colcon_core.package_identification:_identify(docker/compose/config/shell/tmux) by extension 'colcon_pkg'
[0.244s] Level 1:colcon.colcon_core.package_identification:_identify(docker/compose/config/shell/tmux) by extensions ['colcon_meta']
[0.244s] Level 1:colcon.colcon_core.package_identification:_identify(docker/compose/config/shell/tmux) by extension 'colcon_meta'
[0.244s] Level 1:colcon.colcon_core.package_identification:_identify(docker/compose/config/shell/tmux) by extensions ['ros']
[0.244s] Level 1:colcon.colcon_core.package_identification:_identify(docker/compose/config/shell/tmux) by extension 'ros'
[0.244s] Level 1:colcon.colcon_core.package_identification:_identify(docker/compose/config/shell/tmux) by extensions ['cmake', 'python']
[0.244s] Level 1:colcon.colcon_core.package_identification:_identify(docker/compose/config/shell/tmux) by extension 'cmake'
[0.244s] Level 1:colcon.colcon_core.package_identification:_identify(docker/compose/config/shell/tmux) by extension 'python'
[0.244s] Level 1:colcon.colcon_core.package_identification:_identify(docker/compose/config/shell/tmux) by extensions ['python_setup_py']
[0.244s] Level 1:colcon.colcon_core.package_identification:_identify(docker/compose/config/shell/tmux) by extension 'python_setup_py'
[0.244s] Level 1:colcon.colcon_core.package_identification:_identify(docker/config) by extensions ['ignore', 'ignore_ament_install']
[0.245s] Level 1:colcon.colcon_core.package_identification:_identify(docker/config) by extension 'ignore'
[0.245s] Level 1:colcon.colcon_core.package_identification:_identify(docker/config) by extension 'ignore_ament_install'
[0.245s] Level 1:colcon.colcon_core.package_identification:_identify(docker/config) by extensions ['colcon_pkg']
[0.245s] Level 1:colcon.colcon_core.package_identification:_identify(docker/config) by extension 'colcon_pkg'
[0.245s] Level 1:colcon.colcon_core.package_identification:_identify(docker/config) by extensions ['colcon_meta']
[0.245s] Level 1:colcon.colcon_core.package_identification:_identify(docker/config) by extension 'colcon_meta'
[0.245s] Level 1:colcon.colcon_core.package_identification:_identify(docker/config) by extensions ['ros']
[0.245s] Level 1:colcon.colcon_core.package_identification:_identify(docker/config) by extension 'ros'
[0.245s] Level 1:colcon.colcon_core.package_identification:_identify(docker/config) by extensions ['cmake', 'python']
[0.245s] Level 1:colcon.colcon_core.package_identification:_identify(docker/config) by extension 'cmake'
[0.245s] Level 1:colcon.colcon_core.package_identification:_identify(docker/config) by extension 'python'
[0.245s] Level 1:colcon.colcon_core.package_identification:_identify(docker/config) by extensions ['python_setup_py']
[0.245s] Level 1:colcon.colcon_core.package_identification:_identify(docker/config) by extension 'python_setup_py'
[0.245s] Level 1:colcon.colcon_core.package_identification:_identify(docker/config/pip) by extensions ['ignore', 'ignore_ament_install']
[0.246s] Level 1:colcon.colcon_core.package_identification:_identify(docker/config/pip) by extension 'ignore'
[0.246s] Level 1:colcon.colcon_core.package_identification:_identify(docker/config/pip) by extension 'ignore_ament_install'
[0.246s] Level 1:colcon.colcon_core.package_identification:_identify(docker/config/pip) by extensions ['colcon_pkg']
[0.246s] Level 1:colcon.colcon_core.package_identification:_identify(docker/config/pip) by extension 'colcon_pkg'
[0.246s] Level 1:colcon.colcon_core.package_identification:_identify(docker/config/pip) by extensions ['colcon_meta']
[0.246s] Level 1:colcon.colcon_core.package_identification:_identify(docker/config/pip) by extension 'colcon_meta'
[0.246s] Level 1:colcon.colcon_core.package_identification:_identify(docker/config/pip) by extensions ['ros']
[0.246s] Level 1:colcon.colcon_core.package_identification:_identify(docker/config/pip) by extension 'ros'
[0.246s] Level 1:colcon.colcon_core.package_identification:_identify(docker/config/pip) by extensions ['cmake', 'python']
[0.246s] Level 1:colcon.colcon_core.package_identification:_identify(docker/config/pip) by extension 'cmake'
[0.246s] Level 1:colcon.colcon_core.package_identification:_identify(docker/config/pip) by extension 'python'
[0.246s] Level 1:colcon.colcon_core.package_identification:_identify(docker/config/pip) by extensions ['python_setup_py']
[0.246s] Level 1:colcon.colcon_core.package_identification:_identify(docker/config/pip) by extension 'python_setup_py'
[0.246s] Level 1:colcon.colcon_core.package_identification:_identify(docker/config/shell) by extensions ['ignore', 'ignore_ament_install']
[0.247s] Level 1:colcon.colcon_core.package_identification:_identify(docker/config/shell) by extension 'ignore'
[0.247s] Level 1:colcon.colcon_core.package_identification:_identify(docker/config/shell) by extension 'ignore_ament_install'
[0.247s] Level 1:colcon.colcon_core.package_identification:_identify(docker/config/shell) by extensions ['colcon_pkg']
[0.247s] Level 1:colcon.colcon_core.package_identification:_identify(docker/config/shell) by extension 'colcon_pkg'
[0.247s] Level 1:colcon.colcon_core.package_identification:_identify(docker/config/shell) by extensions ['colcon_meta']
[0.247s] Level 1:colcon.colcon_core.package_identification:_identify(docker/config/shell) by extension 'colcon_meta'
[0.247s] Level 1:colcon.colcon_core.package_identification:_identify(docker/config/shell) by extensions ['ros']
[0.247s] Level 1:colcon.colcon_core.package_identification:_identify(docker/config/shell) by extension 'ros'
[0.247s] Level 1:colcon.colcon_core.package_identification:_identify(docker/config/shell) by extensions ['cmake', 'python']
[0.247s] Level 1:colcon.colcon_core.package_identification:_identify(docker/config/shell) by extension 'cmake'
[0.247s] Level 1:colcon.colcon_core.package_identification:_identify(docker/config/shell) by extension 'python'
[0.247s] Level 1:colcon.colcon_core.package_identification:_identify(docker/config/shell) by extensions ['python_setup_py']
[0.247s] Level 1:colcon.colcon_core.package_identification:_identify(docker/config/shell) by extension 'python_setup_py'
[0.247s] Level 1:colcon.colcon_core.package_identification:_identify(docker/config/shell/terminator) by extensions ['ignore', 'ignore_ament_install']
[0.248s] Level 1:colcon.colcon_core.package_identification:_identify(docker/config/shell/terminator) by extension 'ignore'
[0.248s] Level 1:colcon.colcon_core.package_identification:_identify(docker/config/shell/terminator) by extension 'ignore_ament_install'
[0.248s] Level 1:colcon.colcon_core.package_identification:_identify(docker/config/shell/terminator) by extensions ['colcon_pkg']
[0.248s] Level 1:colcon.colcon_core.package_identification:_identify(docker/config/shell/terminator) by extension 'colcon_pkg'
[0.248s] Level 1:colcon.colcon_core.package_identification:_identify(docker/config/shell/terminator) by extensions ['colcon_meta']
[0.248s] Level 1:colcon.colcon_core.package_identification:_identify(docker/config/shell/terminator) by extension 'colcon_meta'
[0.248s] Level 1:colcon.colcon_core.package_identification:_identify(docker/config/shell/terminator) by extensions ['ros']
[0.248s] Level 1:colcon.colcon_core.package_identification:_identify(docker/config/shell/terminator) by extension 'ros'
[0.248s] Level 1:colcon.colcon_core.package_identification:_identify(docker/config/shell/terminator) by extensions ['cmake', 'python']
[0.248s] Level 1:colcon.colcon_core.package_identification:_identify(docker/config/shell/terminator) by extension 'cmake'
[0.248s] Level 1:colcon.colcon_core.package_identification:_identify(docker/config/shell/terminator) by extension 'python'
[0.248s] Level 1:colcon.colcon_core.package_identification:_identify(docker/config/shell/terminator) by extensions ['python_setup_py']
[0.248s] Level 1:colcon.colcon_core.package_identification:_identify(docker/config/shell/terminator) by extension 'python_setup_py'
[0.248s] Level 1:colcon.colcon_core.package_identification:_identify(docker/config/shell/tmux) by extensions ['ignore', 'ignore_ament_install']
[0.248s] Level 1:colcon.colcon_core.package_identification:_identify(docker/config/shell/tmux) by extension 'ignore'
[0.248s] Level 1:colcon.colcon_core.package_identification:_identify(docker/config/shell/tmux) by extension 'ignore_ament_install'
[0.249s] Level 1:colcon.colcon_core.package_identification:_identify(docker/config/shell/tmux) by extensions ['colcon_pkg']
[0.249s] Level 1:colcon.colcon_core.package_identification:_identify(docker/config/shell/tmux) by extension 'colcon_pkg'
[0.249s] Level 1:colcon.colcon_core.package_identification:_identify(docker/config/shell/tmux) by extensions ['colcon_meta']
[0.249s] Level 1:colcon.colcon_core.package_identification:_identify(docker/config/shell/tmux) by extension 'colcon_meta'
[0.249s] Level 1:colcon.colcon_core.package_identification:_identify(docker/config/shell/tmux) by extensions ['ros']
[0.249s] Level 1:colcon.colcon_core.package_identification:_identify(docker/config/shell/tmux) by extension 'ros'
[0.249s] Level 1:colcon.colcon_core.package_identification:_identify(docker/config/shell/tmux) by extensions ['cmake', 'python']
[0.249s] Level 1:colcon.colcon_core.package_identification:_identify(docker/config/shell/tmux) by extension 'cmake'
[0.249s] Level 1:colcon.colcon_core.package_identification:_identify(docker/config/shell/tmux) by extension 'python'
[0.249s] Level 1:colcon.colcon_core.package_identification:_identify(docker/config/shell/tmux) by extensions ['python_setup_py']
[0.249s] Level 1:colcon.colcon_core.package_identification:_identify(docker/config/shell/tmux) by extension 'python_setup_py'
[0.249s] Level 1:colcon.colcon_core.package_identification:_identify(docker_hiwin) by extensions ['ignore', 'ignore_ament_install']
[0.249s] Level 1:colcon.colcon_core.package_identification:_identify(docker_hiwin) by extension 'ignore'
[0.249s] Level 1:colcon.colcon_core.package_identification:_identify(docker_hiwin) by extension 'ignore_ament_install'
[0.249s] Level 1:colcon.colcon_core.package_identification:_identify(docker_hiwin) by extensions ['colcon_pkg']
[0.249s] Level 1:colcon.colcon_core.package_identification:_identify(docker_hiwin) by extension 'colcon_pkg'
[0.250s] Level 1:colcon.colcon_core.package_identification:_identify(docker_hiwin) by extensions ['colcon_meta']
[0.250s] Level 1:colcon.colcon_core.package_identification:_identify(docker_hiwin) by extension 'colcon_meta'
[0.250s] Level 1:colcon.colcon_core.package_identification:_identify(docker_hiwin) by extensions ['ros']
[0.250s] Level 1:colcon.colcon_core.package_identification:_identify(docker_hiwin) by extension 'ros'
[0.250s] Level 1:colcon.colcon_core.package_identification:_identify(docker_hiwin) by extensions ['cmake', 'python']
[0.250s] Level 1:colcon.colcon_core.package_identification:_identify(docker_hiwin) by extension 'cmake'
[0.250s] Level 1:colcon.colcon_core.package_identification:_identify(docker_hiwin) by extension 'python'
[0.250s] Level 1:colcon.colcon_core.package_identification:_identify(docker_hiwin) by extensions ['python_setup_py']
[0.250s] Level 1:colcon.colcon_core.package_identification:_identify(docker_hiwin) by extension 'python_setup_py'
[0.250s] Level 1:colcon.colcon_core.package_identification:_identify(docker_hiwin/compose) by extensions ['ignore', 'ignore_ament_install']
[0.250s] Level 1:colcon.colcon_core.package_identification:_identify(docker_hiwin/compose) by extension 'ignore'
[0.250s] Level 1:colcon.colcon_core.package_identification:_identify(docker_hiwin/compose) by extension 'ignore_ament_install'
[0.250s] Level 1:colcon.colcon_core.package_identification:_identify(docker_hiwin/compose) by extensions ['colcon_pkg']
[0.250s] Level 1:colcon.colcon_core.package_identification:_identify(docker_hiwin/compose) by extension 'colcon_pkg'
[0.251s] Level 1:colcon.colcon_core.package_identification:_identify(docker_hiwin/compose) by extensions ['colcon_meta']
[0.251s] Level 1:colcon.colcon_core.package_identification:_identify(docker_hiwin/compose) by extension 'colcon_meta'
[0.251s] Level 1:colcon.colcon_core.package_identification:_identify(docker_hiwin/compose) by extensions ['ros']
[0.251s] Level 1:colcon.colcon_core.package_identification:_identify(docker_hiwin/compose) by extension 'ros'
[0.251s] Level 1:colcon.colcon_core.package_identification:_identify(docker_hiwin/compose) by extensions ['cmake', 'python']
[0.251s] Level 1:colcon.colcon_core.package_identification:_identify(docker_hiwin/compose) by extension 'cmake'
[0.251s] Level 1:colcon.colcon_core.package_identification:_identify(docker_hiwin/compose) by extension 'python'
[0.251s] Level 1:colcon.colcon_core.package_identification:_identify(docker_hiwin/compose) by extensions ['python_setup_py']
[0.251s] Level 1:colcon.colcon_core.package_identification:_identify(docker_hiwin/compose) by extension 'python_setup_py'
[0.251s] Level 1:colcon.colcon_core.package_identification:_identify(docker_hiwin/compose/config) by extensions ['ignore', 'ignore_ament_install']
[0.252s] Level 1:colcon.colcon_core.package_identification:_identify(docker_hiwin/compose/config) by extension 'ignore'
[0.252s] Level 1:colcon.colcon_core.package_identification:_identify(docker_hiwin/compose/config) by extension 'ignore_ament_install'
[0.252s] Level 1:colcon.colcon_core.package_identification:_identify(docker_hiwin/compose/config) by extensions ['colcon_pkg']
[0.252s] Level 1:colcon.colcon_core.package_identification:_identify(docker_hiwin/compose/config) by extension 'colcon_pkg'
[0.252s] Level 1:colcon.colcon_core.package_identification:_identify(docker_hiwin/compose/config) by extensions ['colcon_meta']
[0.252s] Level 1:colcon.colcon_core.package_identification:_identify(docker_hiwin/compose/config) by extension 'colcon_meta'
[0.252s] Level 1:colcon.colcon_core.package_identification:_identify(docker_hiwin/compose/config) by extensions ['ros']
[0.252s] Level 1:colcon.colcon_core.package_identification:_identify(docker_hiwin/compose/config) by extension 'ros'
[0.252s] Level 1:colcon.colcon_core.package_identification:_identify(docker_hiwin/compose/config) by extensions ['cmake', 'python']
[0.252s] Level 1:colcon.colcon_core.package_identification:_identify(docker_hiwin/compose/config) by extension 'cmake'
[0.252s] Level 1:colcon.colcon_core.package_identification:_identify(docker_hiwin/compose/config) by extension 'python'
[0.252s] Level 1:colcon.colcon_core.package_identification:_identify(docker_hiwin/compose/config) by extensions ['python_setup_py']
[0.252s] Level 1:colcon.colcon_core.package_identification:_identify(docker_hiwin/compose/config) by extension 'python_setup_py'
[0.252s] Level 1:colcon.colcon_core.package_identification:_identify(docker_hiwin/compose/config/pip) by extensions ['ignore', 'ignore_ament_install']
[0.252s] Level 1:colcon.colcon_core.package_identification:_identify(docker_hiwin/compose/config/pip) by extension 'ignore'
[0.253s] Level 1:colcon.colcon_core.package_identification:_identify(docker_hiwin/compose/config/pip) by extension 'ignore_ament_install'
[0.253s] Level 1:colcon.colcon_core.package_identification:_identify(docker_hiwin/compose/config/pip) by extensions ['colcon_pkg']
[0.253s] Level 1:colcon.colcon_core.package_identification:_identify(docker_hiwin/compose/config/pip) by extension 'colcon_pkg'
[0.253s] Level 1:colcon.colcon_core.package_identification:_identify(docker_hiwin/compose/config/pip) by extensions ['colcon_meta']
[0.253s] Level 1:colcon.colcon_core.package_identification:_identify(docker_hiwin/compose/config/pip) by extension 'colcon_meta'
[0.253s] Level 1:colcon.colcon_core.package_identification:_identify(docker_hiwin/compose/config/pip) by extensions ['ros']
[0.253s] Level 1:colcon.colcon_core.package_identification:_identify(docker_hiwin/compose/config/pip) by extension 'ros'
[0.253s] Level 1:colcon.colcon_core.package_identification:_identify(docker_hiwin/compose/config/pip) by extensions ['cmake', 'python']
[0.253s] Level 1:colcon.colcon_core.package_identification:_identify(docker_hiwin/compose/config/pip) by extension 'cmake'
[0.253s] Level 1:colcon.colcon_core.package_identification:_identify(docker_hiwin/compose/config/pip) by extension 'python'
[0.253s] Level 1:colcon.colcon_core.package_identification:_identify(docker_hiwin/compose/config/pip) by extensions ['python_setup_py']
[0.253s] Level 1:colcon.colcon_core.package_identification:_identify(docker_hiwin/compose/config/pip) by extension 'python_setup_py'
[0.253s] Level 1:colcon.colcon_core.package_identification:_identify(docker_hiwin/compose/config/shell) by extensions ['ignore', 'ignore_ament_install']
[0.253s] Level 1:colcon.colcon_core.package_identification:_identify(docker_hiwin/compose/config/shell) by extension 'ignore'
[0.253s] Level 1:colcon.colcon_core.package_identification:_identify(docker_hiwin/compose/config/shell) by extension 'ignore_ament_install'
[0.254s] Level 1:colcon.colcon_core.package_identification:_identify(docker_hiwin/compose/config/shell) by extensions ['colcon_pkg']
[0.254s] Level 1:colcon.colcon_core.package_identification:_identify(docker_hiwin/compose/config/shell) by extension 'colcon_pkg'
[0.254s] Level 1:colcon.colcon_core.package_identification:_identify(docker_hiwin/compose/config/shell) by extensions ['colcon_meta']
[0.254s] Level 1:colcon.colcon_core.package_identification:_identify(docker_hiwin/compose/config/shell) by extension 'colcon_meta'
[0.254s] Level 1:colcon.colcon_core.package_identification:_identify(docker_hiwin/compose/config/shell) by extensions ['ros']
[0.254s] Level 1:colcon.colcon_core.package_identification:_identify(docker_hiwin/compose/config/shell) by extension 'ros'
[0.254s] Level 1:colcon.colcon_core.package_identification:_identify(docker_hiwin/compose/config/shell) by extensions ['cmake', 'python']
[0.254s] Level 1:colcon.colcon_core.package_identification:_identify(docker_hiwin/compose/config/shell) by extension 'cmake'
[0.254s] Level 1:colcon.colcon_core.package_identification:_identify(docker_hiwin/compose/config/shell) by extension 'python'
[0.254s] Level 1:colcon.colcon_core.package_identification:_identify(docker_hiwin/compose/config/shell) by extensions ['python_setup_py']
[0.254s] Level 1:colcon.colcon_core.package_identification:_identify(docker_hiwin/compose/config/shell) by extension 'python_setup_py'
[0.254s] Level 1:colcon.colcon_core.package_identification:_identify(docker_hiwin/compose/config/shell/terminator) by extensions ['ignore', 'ignore_ament_install']
[0.254s] Level 1:colcon.colcon_core.package_identification:_identify(docker_hiwin/compose/config/shell/terminator) by extension 'ignore'
[0.254s] Level 1:colcon.colcon_core.package_identification:_identify(docker_hiwin/compose/config/shell/terminator) by extension 'ignore_ament_install'
[0.254s] Level 1:colcon.colcon_core.package_identification:_identify(docker_hiwin/compose/config/shell/terminator) by extensions ['colcon_pkg']
[0.255s] Level 1:colcon.colcon_core.package_identification:_identify(docker_hiwin/compose/config/shell/terminator) by extension 'colcon_pkg'
[0.255s] Level 1:colcon.colcon_core.package_identification:_identify(docker_hiwin/compose/config/shell/terminator) by extensions ['colcon_meta']
[0.255s] Level 1:colcon.colcon_core.package_identification:_identify(docker_hiwin/compose/config/shell/terminator) by extension 'colcon_meta'
[0.255s] Level 1:colcon.colcon_core.package_identification:_identify(docker_hiwin/compose/config/shell/terminator) by extensions ['ros']
[0.255s] Level 1:colcon.colcon_core.package_identification:_identify(docker_hiwin/compose/config/shell/terminator) by extension 'ros'
[0.255s] Level 1:colcon.colcon_core.package_identification:_identify(docker_hiwin/compose/config/shell/terminator) by extensions ['cmake', 'python']
[0.255s] Level 1:colcon.colcon_core.package_identification:_identify(docker_hiwin/compose/config/shell/terminator) by extension 'cmake'
[0.255s] Level 1:colcon.colcon_core.package_identification:_identify(docker_hiwin/compose/config/shell/terminator) by extension 'python'
[0.255s] Level 1:colcon.colcon_core.package_identification:_identify(docker_hiwin/compose/config/shell/terminator) by extensions ['python_setup_py']
[0.255s] Level 1:colcon.colcon_core.package_identification:_identify(docker_hiwin/compose/config/shell/terminator) by extension 'python_setup_py'
[0.255s] Level 1:colcon.colcon_core.package_identification:_identify(docker_hiwin/compose/config/shell/tmux) by extensions ['ignore', 'ignore_ament_install']
[0.255s] Level 1:colcon.colcon_core.package_identification:_identify(docker_hiwin/compose/config/shell/tmux) by extension 'ignore'
[0.255s] Level 1:colcon.colcon_core.package_identification:_identify(docker_hiwin/compose/config/shell/tmux) by extension 'ignore_ament_install'
[0.256s] Level 1:colcon.colcon_core.package_identification:_identify(docker_hiwin/compose/config/shell/tmux) by extensions ['colcon_pkg']
[0.256s] Level 1:colcon.colcon_core.package_identification:_identify(docker_hiwin/compose/config/shell/tmux) by extension 'colcon_pkg'
[0.256s] Level 1:colcon.colcon_core.package_identification:_identify(docker_hiwin/compose/config/shell/tmux) by extensions ['colcon_meta']
[0.256s] Level 1:colcon.colcon_core.package_identification:_identify(docker_hiwin/compose/config/shell/tmux) by extension 'colcon_meta'
[0.256s] Level 1:colcon.colcon_core.package_identification:_identify(docker_hiwin/compose/config/shell/tmux) by extensions ['ros']
[0.256s] Level 1:colcon.colcon_core.package_identification:_identify(docker_hiwin/compose/config/shell/tmux) by extension 'ros'
[0.256s] Level 1:colcon.colcon_core.package_identification:_identify(docker_hiwin/compose/config/shell/tmux) by extensions ['cmake', 'python']
[0.256s] Level 1:colcon.colcon_core.package_identification:_identify(docker_hiwin/compose/config/shell/tmux) by extension 'cmake'
[0.256s] Level 1:colcon.colcon_core.package_identification:_identify(docker_hiwin/compose/config/shell/tmux) by extension 'python'
[0.256s] Level 1:colcon.colcon_core.package_identification:_identify(docker_hiwin/compose/config/shell/tmux) by extensions ['python_setup_py']
[0.256s] Level 1:colcon.colcon_core.package_identification:_identify(docker_hiwin/compose/config/shell/tmux) by extension 'python_setup_py'
[0.256s] Level 1:colcon.colcon_core.package_identification:_identify(docker_hiwin/config) by extensions ['ignore', 'ignore_ament_install']
[0.256s] Level 1:colcon.colcon_core.package_identification:_identify(docker_hiwin/config) by extension 'ignore'
[0.256s] Level 1:colcon.colcon_core.package_identification:_identify(docker_hiwin/config) by extension 'ignore_ament_install'
[0.256s] Level 1:colcon.colcon_core.package_identification:_identify(docker_hiwin/config) by extensions ['colcon_pkg']
[0.257s] Level 1:colcon.colcon_core.package_identification:_identify(docker_hiwin/config) by extension 'colcon_pkg'
[0.257s] Level 1:colcon.colcon_core.package_identification:_identify(docker_hiwin/config) by extensions ['colcon_meta']
[0.257s] Level 1:colcon.colcon_core.package_identification:_identify(docker_hiwin/config) by extension 'colcon_meta'
[0.257s] Level 1:colcon.colcon_core.package_identification:_identify(docker_hiwin/config) by extensions ['ros']
[0.257s] Level 1:colcon.colcon_core.package_identification:_identify(docker_hiwin/config) by extension 'ros'
[0.257s] Level 1:colcon.colcon_core.package_identification:_identify(docker_hiwin/config) by extensions ['cmake', 'python']
[0.257s] Level 1:colcon.colcon_core.package_identification:_identify(docker_hiwin/config) by extension 'cmake'
[0.257s] Level 1:colcon.colcon_core.package_identification:_identify(docker_hiwin/config) by extension 'python'
[0.257s] Level 1:colcon.colcon_core.package_identification:_identify(docker_hiwin/config) by extensions ['python_setup_py']
[0.257s] Level 1:colcon.colcon_core.package_identification:_identify(docker_hiwin/config) by extension 'python_setup_py'
[0.257s] Level 1:colcon.colcon_core.package_identification:_identify(docker_hiwin/config/pip) by extensions ['ignore', 'ignore_ament_install']
[0.257s] Level 1:colcon.colcon_core.package_identification:_identify(docker_hiwin/config/pip) by extension 'ignore'
[0.257s] Level 1:colcon.colcon_core.package_identification:_identify(docker_hiwin/config/pip) by extension 'ignore_ament_install'
[0.257s] Level 1:colcon.colcon_core.package_identification:_identify(docker_hiwin/config/pip) by extensions ['colcon_pkg']
[0.257s] Level 1:colcon.colcon_core.package_identification:_identify(docker_hiwin/config/pip) by extension 'colcon_pkg'
[0.257s] Level 1:colcon.colcon_core.package_identification:_identify(docker_hiwin/config/pip) by extensions ['colcon_meta']
[0.257s] Level 1:colcon.colcon_core.package_identification:_identify(docker_hiwin/config/pip) by extension 'colcon_meta'
[0.258s] Level 1:colcon.colcon_core.package_identification:_identify(docker_hiwin/config/pip) by extensions ['ros']
[0.258s] Level 1:colcon.colcon_core.package_identification:_identify(docker_hiwin/config/pip) by extension 'ros'
[0.258s] Level 1:colcon.colcon_core.package_identification:_identify(docker_hiwin/config/pip) by extensions ['cmake', 'python']
[0.258s] Level 1:colcon.colcon_core.package_identification:_identify(docker_hiwin/config/pip) by extension 'cmake'
[0.258s] Level 1:colcon.colcon_core.package_identification:_identify(docker_hiwin/config/pip) by extension 'python'
[0.258s] Level 1:colcon.colcon_core.package_identification:_identify(docker_hiwin/config/pip) by extensions ['python_setup_py']
[0.258s] Level 1:colcon.colcon_core.package_identification:_identify(docker_hiwin/config/pip) by extension 'python_setup_py'
[0.258s] Level 1:colcon.colcon_core.package_identification:_identify(docker_hiwin/config/shell) by extensions ['ignore', 'ignore_ament_install']
[0.258s] Level 1:colcon.colcon_core.package_identification:_identify(docker_hiwin/config/shell) by extension 'ignore'
[0.258s] Level 1:colcon.colcon_core.package_identification:_identify(docker_hiwin/config/shell) by extension 'ignore_ament_install'
[0.258s] Level 1:colcon.colcon_core.package_identification:_identify(docker_hiwin/config/shell) by extensions ['colcon_pkg']
[0.258s] Level 1:colcon.colcon_core.package_identification:_identify(docker_hiwin/config/shell) by extension 'colcon_pkg'
[0.258s] Level 1:colcon.colcon_core.package_identification:_identify(docker_hiwin/config/shell) by extensions ['colcon_meta']
[0.258s] Level 1:colcon.colcon_core.package_identification:_identify(docker_hiwin/config/shell) by extension 'colcon_meta'
[0.258s] Level 1:colcon.colcon_core.package_identification:_identify(docker_hiwin/config/shell) by extensions ['ros']
[0.259s] Level 1:colcon.colcon_core.package_identification:_identify(docker_hiwin/config/shell) by extension 'ros'
[0.259s] Level 1:colcon.colcon_core.package_identification:_identify(docker_hiwin/config/shell) by extensions ['cmake', 'python']
[0.259s] Level 1:colcon.colcon_core.package_identification:_identify(docker_hiwin/config/shell) by extension 'cmake'
[0.259s] Level 1:colcon.colcon_core.package_identification:_identify(docker_hiwin/config/shell) by extension 'python'
[0.259s] Level 1:colcon.colcon_core.package_identification:_identify(docker_hiwin/config/shell) by extensions ['python_setup_py']
[0.259s] Level 1:colcon.colcon_core.package_identification:_identify(docker_hiwin/config/shell) by extension 'python_setup_py'
[0.259s] Level 1:colcon.colcon_core.package_identification:_identify(docker_hiwin/config/shell/terminator) by extensions ['ignore', 'ignore_ament_install']
[0.259s] Level 1:colcon.colcon_core.package_identification:_identify(docker_hiwin/config/shell/terminator) by extension 'ignore'
[0.259s] Level 1:colcon.colcon_core.package_identification:_identify(docker_hiwin/config/shell/terminator) by extension 'ignore_ament_install'
[0.259s] Level 1:colcon.colcon_core.package_identification:_identify(docker_hiwin/config/shell/terminator) by extensions ['colcon_pkg']
[0.259s] Level 1:colcon.colcon_core.package_identification:_identify(docker_hiwin/config/shell/terminator) by extension 'colcon_pkg'
[0.259s] Level 1:colcon.colcon_core.package_identification:_identify(docker_hiwin/config/shell/terminator) by extensions ['colcon_meta']
[0.259s] Level 1:colcon.colcon_core.package_identification:_identify(docker_hiwin/config/shell/terminator) by extension 'colcon_meta'
[0.260s] Level 1:colcon.colcon_core.package_identification:_identify(docker_hiwin/config/shell/terminator) by extensions ['ros']
[0.260s] Level 1:colcon.colcon_core.package_identification:_identify(docker_hiwin/config/shell/terminator) by extension 'ros'
[0.260s] Level 1:colcon.colcon_core.package_identification:_identify(docker_hiwin/config/shell/terminator) by extensions ['cmake', 'python']
[0.260s] Level 1:colcon.colcon_core.package_identification:_identify(docker_hiwin/config/shell/terminator) by extension 'cmake'
[0.260s] Level 1:colcon.colcon_core.package_identification:_identify(docker_hiwin/config/shell/terminator) by extension 'python'
[0.260s] Level 1:colcon.colcon_core.package_identification:_identify(docker_hiwin/config/shell/terminator) by extensions ['python_setup_py']
[0.260s] Level 1:colcon.colcon_core.package_identification:_identify(docker_hiwin/config/shell/terminator) by extension 'python_setup_py'
[0.260s] Level 1:colcon.colcon_core.package_identification:_identify(docker_hiwin/config/shell/tmux) by extensions ['ignore', 'ignore_ament_install']
[0.260s] Level 1:colcon.colcon_core.package_identification:_identify(docker_hiwin/config/shell/tmux) by extension 'ignore'
[0.260s] Level 1:colcon.colcon_core.package_identification:_identify(docker_hiwin/config/shell/tmux) by extension 'ignore_ament_install'
[0.260s] Level 1:colcon.colcon_core.package_identification:_identify(docker_hiwin/config/shell/tmux) by extensions ['colcon_pkg']
[0.260s] Level 1:colcon.colcon_core.package_identification:_identify(docker_hiwin/config/shell/tmux) by extension 'colcon_pkg'
[0.260s] Level 1:colcon.colcon_core.package_identification:_identify(docker_hiwin/config/shell/tmux) by extensions ['colcon_meta']
[0.260s] Level 1:colcon.colcon_core.package_identification:_identify(docker_hiwin/config/shell/tmux) by extension 'colcon_meta'
[0.260s] Level 1:colcon.colcon_core.package_identification:_identify(docker_hiwin/config/shell/tmux) by extensions ['ros']
[0.260s] Level 1:colcon.colcon_core.package_identification:_identify(docker_hiwin/config/shell/tmux) by extension 'ros'
[0.261s] Level 1:colcon.colcon_core.package_identification:_identify(docker_hiwin/config/shell/tmux) by extensions ['cmake', 'python']
[0.261s] Level 1:colcon.colcon_core.package_identification:_identify(docker_hiwin/config/shell/tmux) by extension 'cmake'
[0.261s] Level 1:colcon.colcon_core.package_identification:_identify(docker_hiwin/config/shell/tmux) by extension 'python'
[0.261s] Level 1:colcon.colcon_core.package_identification:_identify(docker_hiwin/config/shell/tmux) by extensions ['python_setup_py']
[0.261s] Level 1:colcon.colcon_core.package_identification:_identify(docker_hiwin/config/shell/tmux) by extension 'python_setup_py'
[0.261s] Level 1:colcon.colcon_core.package_identification:_identify(install) by extensions ['ignore', 'ignore_ament_install']
[0.261s] Level 1:colcon.colcon_core.package_identification:_identify(install) by extension 'ignore'
[0.261s] Level 1:colcon.colcon_core.package_identification:_identify(install) ignored
[0.261s] Level 1:colcon.colcon_core.package_identification:_identify(log) by extensions ['ignore', 'ignore_ament_install']
[0.261s] Level 1:colcon.colcon_core.package_identification:_identify(log) by extension 'ignore'
[0.261s] Level 1:colcon.colcon_core.package_identification:_identify(log) ignored
[0.261s] Level 1:colcon.colcon_core.package_identification:_identify(src) by extensions ['ignore', 'ignore_ament_install']
[0.261s] Level 1:colcon.colcon_core.package_identification:_identify(src) by extension 'ignore'
[0.262s] Level 1:colcon.colcon_core.package_identification:_identify(src) by extension 'ignore_ament_install'
[0.262s] Level 1:colcon.colcon_core.package_identification:_identify(src) by extensions ['colcon_pkg']
[0.262s] Level 1:colcon.colcon_core.package_identification:_identify(src) by extension 'colcon_pkg'
[0.262s] Level 1:colcon.colcon_core.package_identification:_identify(src) by extensions ['colcon_meta']
[0.262s] Level 1:colcon.colcon_core.package_identification:_identify(src) by extension 'colcon_meta'
[0.262s] Level 1:colcon.colcon_core.package_identification:_identify(src) by extensions ['ros']
[0.262s] Level 1:colcon.colcon_core.package_identification:_identify(src) by extension 'ros'
[0.262s] Level 1:colcon.colcon_core.package_identification:_identify(src) by extensions ['cmake', 'python']
[0.262s] Level 1:colcon.colcon_core.package_identification:_identify(src) by extension 'cmake'
[0.262s] Level 1:colcon.colcon_core.package_identification:_identify(src) by extension 'python'
[0.262s] Level 1:colcon.colcon_core.package_identification:_identify(src) by extensions ['python_setup_py']
[0.262s] Level 1:colcon.colcon_core.package_identification:_identify(src) by extension 'python_setup_py'
[0.262s] Level 1:colcon.colcon_core.package_identification:_identify(src/Hiwin_libmodbus) by extensions ['ignore', 'ignore_ament_install']
[0.262s] Level 1:colcon.colcon_core.package_identification:_identify(src/Hiwin_libmodbus) by extension 'ignore'
[0.262s] Level 1:colcon.colcon_core.package_identification:_identify(src/Hiwin_libmodbus) by extension 'ignore_ament_install'
[0.263s] Level 1:colcon.colcon_core.package_identification:_identify(src/Hiwin_libmodbus) by extensions ['colcon_pkg']
[0.263s] Level 1:colcon.colcon_core.package_identification:_identify(src/Hiwin_libmodbus) by extension 'colcon_pkg'
[0.263s] Level 1:colcon.colcon_core.package_identification:_identify(src/Hiwin_libmodbus) by extensions ['colcon_meta']
[0.263s] Level 1:colcon.colcon_core.package_identification:_identify(src/Hiwin_libmodbus) by extension 'colcon_meta'
[0.263s] Level 1:colcon.colcon_core.package_identification:_identify(src/Hiwin_libmodbus) by extensions ['ros']
[0.263s] Level 1:colcon.colcon_core.package_identification:_identify(src/Hiwin_libmodbus) by extension 'ros'
[0.263s] Level 1:colcon.colcon_core.package_identification:_identify(src/Hiwin_libmodbus) by extensions ['cmake', 'python']
[0.263s] Level 1:colcon.colcon_core.package_identification:_identify(src/Hiwin_libmodbus) by extension 'cmake'
[0.263s] Level 1:colcon.colcon_core.package_identification:_identify(src/Hiwin_libmodbus) by extension 'python'
[0.263s] Level 1:colcon.colcon_core.package_identification:_identify(src/Hiwin_libmodbus) by extensions ['python_setup_py']
[0.263s] Level 1:colcon.colcon_core.package_identification:_identify(src/Hiwin_libmodbus) by extension 'python_setup_py'
[0.263s] Level 1:colcon.colcon_core.package_identification:_identify(src/Hiwin_libmodbus/hiwin_example) by extensions ['ignore', 'ignore_ament_install']
[0.263s] Level 1:colcon.colcon_core.package_identification:_identify(src/Hiwin_libmodbus/hiwin_example) by extension 'ignore'
[0.263s] Level 1:colcon.colcon_core.package_identification:_identify(src/Hiwin_libmodbus/hiwin_example) by extension 'ignore_ament_install'
[0.264s] Level 1:colcon.colcon_core.package_identification:_identify(src/Hiwin_libmodbus/hiwin_example) by extensions ['colcon_pkg']
[0.264s] Level 1:colcon.colcon_core.package_identification:_identify(src/Hiwin_libmodbus/hiwin_example) by extension 'colcon_pkg'
[0.264s] Level 1:colcon.colcon_core.package_identification:_identify(src/Hiwin_libmodbus/hiwin_example) by extensions ['colcon_meta']
[0.264s] Level 1:colcon.colcon_core.package_identification:_identify(src/Hiwin_libmodbus/hiwin_example) by extension 'colcon_meta'
[0.264s] Level 1:colcon.colcon_core.package_identification:_identify(src/Hiwin_libmodbus/hiwin_example) by extensions ['ros']
[0.264s] Level 1:colcon.colcon_core.package_identification:_identify(src/Hiwin_libmodbus/hiwin_example) by extension 'ros'
[0.267s] DEBUG:colcon.colcon_core.package_identification:Package 'src/Hiwin_libmodbus/hiwin_example' with type 'ros.ament_python' and name 'hiwin_example'
[0.267s] Level 1:colcon.colcon_core.package_identification:_identify(src/Hiwin_libmodbus/hiwin_interfaces) by extensions ['ignore', 'ignore_ament_install']
[0.267s] Level 1:colcon.colcon_core.package_identification:_identify(src/Hiwin_libmodbus/hiwin_interfaces) by extension 'ignore'
[0.267s] Level 1:colcon.colcon_core.package_identification:_identify(src/Hiwin_libmodbus/hiwin_interfaces) by extension 'ignore_ament_install'
[0.267s] Level 1:colcon.colcon_core.package_identification:_identify(src/Hiwin_libmodbus/hiwin_interfaces) by extensions ['colcon_pkg']
[0.267s] Level 1:colcon.colcon_core.package_identification:_identify(src/Hiwin_libmodbus/hiwin_interfaces) by extension 'colcon_pkg'
[0.267s] Level 1:colcon.colcon_core.package_identification:_identify(src/Hiwin_libmodbus/hiwin_interfaces) by extensions ['colcon_meta']
[0.267s] Level 1:colcon.colcon_core.package_identification:_identify(src/Hiwin_libmodbus/hiwin_interfaces) by extension 'colcon_meta'
[0.268s] Level 1:colcon.colcon_core.package_identification:_identify(src/Hiwin_libmodbus/hiwin_interfaces) by extensions ['ros']
[0.268s] Level 1:colcon.colcon_core.package_identification:_identify(src/Hiwin_libmodbus/hiwin_interfaces) by extension 'ros'
[0.268s] DEBUG:colcon.colcon_core.package_identification:Package 'src/Hiwin_libmodbus/hiwin_interfaces' with type 'ros.ament_cmake' and name 'hiwin_interfaces'
[0.268s] Level 1:colcon.colcon_core.package_identification:_identify(src/Hiwin_libmodbus/hiwin_libmodbus) by extensions ['ignore', 'ignore_ament_install']
[0.269s] Level 1:colcon.colcon_core.package_identification:_identify(src/Hiwin_libmodbus/hiwin_libmodbus) by extension 'ignore'
[0.269s] Level 1:colcon.colcon_core.package_identification:_identify(src/Hiwin_libmodbus/hiwin_libmodbus) by extension 'ignore_ament_install'
[0.269s] Level 1:colcon.colcon_core.package_identification:_identify(src/Hiwin_libmodbus/hiwin_libmodbus) by extensions ['colcon_pkg']
[0.269s] Level 1:colcon.colcon_core.package_identification:_identify(src/Hiwin_libmodbus/hiwin_libmodbus) by extension 'colcon_pkg'
[0.269s] Level 1:colcon.colcon_core.package_identification:_identify(src/Hiwin_libmodbus/hiwin_libmodbus) by extensions ['colcon_meta']
[0.269s] Level 1:colcon.colcon_core.package_identification:_identify(src/Hiwin_libmodbus/hiwin_libmodbus) by extension 'colcon_meta'
[0.269s] Level 1:colcon.colcon_core.package_identification:_identify(src/Hiwin_libmodbus/hiwin_libmodbus) by extensions ['ros']
[0.269s] Level 1:colcon.colcon_core.package_identification:_identify(src/Hiwin_libmodbus/hiwin_libmodbus) by extension 'ros'
[0.270s] DEBUG:colcon.colcon_core.package_identification:Package 'src/Hiwin_libmodbus/hiwin_libmodbus' with type 'ros.ament_cmake' and name 'hiwin_libmodbus'
[0.270s] Level 1:colcon.colcon_core.package_identification:_identify(src/Hiwin_libmodbus/hiwin_service_client) by extensions ['ignore', 'ignore_ament_install']
[0.270s] Level 1:colcon.colcon_core.package_identification:_identify(src/Hiwin_libmodbus/hiwin_service_client) by extension 'ignore'
[0.270s] Level 1:colcon.colcon_core.package_identification:_identify(src/Hiwin_libmodbus/hiwin_service_client) by extension 'ignore_ament_install'
[0.270s] Level 1:colcon.colcon_core.package_identification:_identify(src/Hiwin_libmodbus/hiwin_service_client) by extensions ['colcon_pkg']
[0.270s] Level 1:colcon.colcon_core.package_identification:_identify(src/Hiwin_libmodbus/hiwin_service_client) by extension 'colcon_pkg'
[0.270s] Level 1:colcon.colcon_core.package_identification:_identify(src/Hiwin_libmodbus/hiwin_service_client) by extensions ['colcon_meta']
[0.270s] Level 1:colcon.colcon_core.package_identification:_identify(src/Hiwin_libmodbus/hiwin_service_client) by extension 'colcon_meta'
[0.270s] Level 1:colcon.colcon_core.package_identification:_identify(src/Hiwin_libmodbus/hiwin_service_client) by extensions ['ros']
[0.270s] Level 1:colcon.colcon_core.package_identification:_identify(src/Hiwin_libmodbus/hiwin_service_client) by extension 'ros'
[0.271s] DEBUG:colcon.colcon_core.package_identification:Package 'src/Hiwin_libmodbus/hiwin_service_client' with type 'ros.ament_cmake' and name 'hiwin_service_client'
[0.271s] Level 1:colcon.colcon_core.package_identification:_identify(src/Hiwin_libmodbus/libmodbus) by extensions ['ignore', 'ignore_ament_install']
[0.271s] Level 1:colcon.colcon_core.package_identification:_identify(src/Hiwin_libmodbus/libmodbus) by extension 'ignore'
[0.271s] Level 1:colcon.colcon_core.package_identification:_identify(src/Hiwin_libmodbus/libmodbus) by extension 'ignore_ament_install'
[0.271s] Level 1:colcon.colcon_core.package_identification:_identify(src/Hiwin_libmodbus/libmodbus) by extensions ['colcon_pkg']
[0.271s] Level 1:colcon.colcon_core.package_identification:_identify(src/Hiwin_libmodbus/libmodbus) by extension 'colcon_pkg'
[0.272s] Level 1:colcon.colcon_core.package_identification:_identify(src/Hiwin_libmodbus/libmodbus) by extensions ['colcon_meta']
[0.272s] Level 1:colcon.colcon_core.package_identification:_identify(src/Hiwin_libmodbus/libmodbus) by extension 'colcon_meta'
[0.272s] Level 1:colcon.colcon_core.package_identification:_identify(src/Hiwin_libmodbus/libmodbus) by extensions ['ros']
[0.272s] Level 1:colcon.colcon_core.package_identification:_identify(src/Hiwin_libmodbus/libmodbus) by extension 'ros'
[0.272s] Level 1:colcon.colcon_core.package_identification:_identify(src/Hiwin_libmodbus/libmodbus) by extensions ['cmake', 'python']
[0.272s] Level 1:colcon.colcon_core.package_identification:_identify(src/Hiwin_libmodbus/libmodbus) by extension 'cmake'
[0.272s] Level 1:colcon.colcon_core.package_identification:_identify(src/Hiwin_libmodbus/libmodbus) by extension 'python'
[0.272s] Level 1:colcon.colcon_core.package_identification:_identify(src/Hiwin_libmodbus/libmodbus) by extensions ['python_setup_py']
[0.272s] Level 1:colcon.colcon_core.package_identification:_identify(src/Hiwin_libmodbus/libmodbus) by extension 'python_setup_py'
[0.272s] Level 1:colcon.colcon_core.package_identification:_identify(src/Hiwin_libmodbus/libmodbus/autom4te.cache) by extensions ['ignore', 'ignore_ament_install']
[0.272s] Level 1:colcon.colcon_core.package_identification:_identify(src/Hiwin_libmodbus/libmodbus/autom4te.cache) by extension 'ignore'
[0.272s] Level 1:colcon.colcon_core.package_identification:_identify(src/Hiwin_libmodbus/libmodbus/autom4te.cache) by extension 'ignore_ament_install'
[0.272s] Level 1:colcon.colcon_core.package_identification:_identify(src/Hiwin_libmodbus/libmodbus/autom4te.cache) by extensions ['colcon_pkg']
[0.272s] Level 1:colcon.colcon_core.package_identification:_identify(src/Hiwin_libmodbus/libmodbus/autom4te.cache) by extension 'colcon_pkg'
[0.272s] Level 1:colcon.colcon_core.package_identification:_identify(src/Hiwin_libmodbus/libmodbus/autom4te.cache) by extensions ['colcon_meta']
[0.272s] Level 1:colcon.colcon_core.package_identification:_identify(src/Hiwin_libmodbus/libmodbus/autom4te.cache) by extension 'colcon_meta'
[0.272s] Level 1:colcon.colcon_core.package_identification:_identify(src/Hiwin_libmodbus/libmodbus/autom4te.cache) by extensions ['ros']
[0.272s] Level 1:colcon.colcon_core.package_identification:_identify(src/Hiwin_libmodbus/libmodbus/autom4te.cache) by extension 'ros'
[0.272s] Level 1:colcon.colcon_core.package_identification:_identify(src/Hiwin_libmodbus/libmodbus/autom4te.cache) by extensions ['cmake', 'python']
[0.272s] Level 1:colcon.colcon_core.package_identification:_identify(src/Hiwin_libmodbus/libmodbus/autom4te.cache) by extension 'cmake'
[0.272s] Level 1:colcon.colcon_core.package_identification:_identify(src/Hiwin_libmodbus/libmodbus/autom4te.cache) by extension 'python'
[0.272s] Level 1:colcon.colcon_core.package_identification:_identify(src/Hiwin_libmodbus/libmodbus/autom4te.cache) by extensions ['python_setup_py']
[0.273s] Level 1:colcon.colcon_core.package_identification:_identify(src/Hiwin_libmodbus/libmodbus/autom4te.cache) by extension 'python_setup_py'
[0.273s] Level 1:colcon.colcon_core.package_identification:_identify(src/Hiwin_libmodbus/libmodbus/build-aux) by extensions ['ignore', 'ignore_ament_install']
[0.273s] Level 1:colcon.colcon_core.package_identification:_identify(src/Hiwin_libmodbus/libmodbus/build-aux) by extension 'ignore'
[0.273s] Level 1:colcon.colcon_core.package_identification:_identify(src/Hiwin_libmodbus/libmodbus/build-aux) by extension 'ignore_ament_install'
[0.273s] Level 1:colcon.colcon_core.package_identification:_identify(src/Hiwin_libmodbus/libmodbus/build-aux) by extensions ['colcon_pkg']
[0.273s] Level 1:colcon.colcon_core.package_identification:_identify(src/Hiwin_libmodbus/libmodbus/build-aux) by extension 'colcon_pkg'
[0.273s] Level 1:colcon.colcon_core.package_identification:_identify(src/Hiwin_libmodbus/libmodbus/build-aux) by extensions ['colcon_meta']
[0.273s] Level 1:colcon.colcon_core.package_identification:_identify(src/Hiwin_libmodbus/libmodbus/build-aux) by extension 'colcon_meta'
[0.273s] Level 1:colcon.colcon_core.package_identification:_identify(src/Hiwin_libmodbus/libmodbus/build-aux) by extensions ['ros']
[0.273s] Level 1:colcon.colcon_core.package_identification:_identify(src/Hiwin_libmodbus/libmodbus/build-aux) by extension 'ros'
[0.273s] Level 1:colcon.colcon_core.package_identification:_identify(src/Hiwin_libmodbus/libmodbus/build-aux) by extensions ['cmake', 'python']
[0.273s] Level 1:colcon.colcon_core.package_identification:_identify(src/Hiwin_libmodbus/libmodbus/build-aux) by extension 'cmake'
[0.273s] Level 1:colcon.colcon_core.package_identification:_identify(src/Hiwin_libmodbus/libmodbus/build-aux) by extension 'python'
[0.273s] Level 1:colcon.colcon_core.package_identification:_identify(src/Hiwin_libmodbus/libmodbus/build-aux) by extensions ['python_setup_py']
[0.273s] Level 1:colcon.colcon_core.package_identification:_identify(src/Hiwin_libmodbus/libmodbus/build-aux) by extension 'python_setup_py'
[0.273s] Level 1:colcon.colcon_core.package_identification:_identify(src/Hiwin_libmodbus/libmodbus/docs) by extensions ['ignore', 'ignore_ament_install']
[0.273s] Level 1:colcon.colcon_core.package_identification:_identify(src/Hiwin_libmodbus/libmodbus/docs) by extension 'ignore'
[0.273s] Level 1:colcon.colcon_core.package_identification:_identify(src/Hiwin_libmodbus/libmodbus/docs) by extension 'ignore_ament_install'
[0.273s] Level 1:colcon.colcon_core.package_identification:_identify(src/Hiwin_libmodbus/libmodbus/docs) by extensions ['colcon_pkg']
[0.274s] Level 1:colcon.colcon_core.package_identification:_identify(src/Hiwin_libmodbus/libmodbus/docs) by extension 'colcon_pkg'
[0.274s] Level 1:colcon.colcon_core.package_identification:_identify(src/Hiwin_libmodbus/libmodbus/docs) by extensions ['colcon_meta']
[0.274s] Level 1:colcon.colcon_core.package_identification:_identify(src/Hiwin_libmodbus/libmodbus/docs) by extension 'colcon_meta'
[0.274s] Level 1:colcon.colcon_core.package_identification:_identify(src/Hiwin_libmodbus/libmodbus/docs) by extensions ['ros']
[0.274s] Level 1:colcon.colcon_core.package_identification:_identify(src/Hiwin_libmodbus/libmodbus/docs) by extension 'ros'
[0.274s] Level 1:colcon.colcon_core.package_identification:_identify(src/Hiwin_libmodbus/libmodbus/docs) by extensions ['cmake', 'python']
[0.274s] Level 1:colcon.colcon_core.package_identification:_identify(src/Hiwin_libmodbus/libmodbus/docs) by extension 'cmake'
[0.274s] Level 1:colcon.colcon_core.package_identification:_identify(src/Hiwin_libmodbus/libmodbus/docs) by extension 'python'
[0.274s] Level 1:colcon.colcon_core.package_identification:_identify(src/Hiwin_libmodbus/libmodbus/docs) by extensions ['python_setup_py']
[0.274s] Level 1:colcon.colcon_core.package_identification:_identify(src/Hiwin_libmodbus/libmodbus/docs) by extension 'python_setup_py'
[0.274s] Level 1:colcon.colcon_core.package_identification:_identify(src/Hiwin_libmodbus/libmodbus/docs/assets) by extensions ['ignore', 'ignore_ament_install']
[0.274s] Level 1:colcon.colcon_core.package_identification:_identify(src/Hiwin_libmodbus/libmodbus/docs/assets) by extension 'ignore'
[0.274s] Level 1:colcon.colcon_core.package_identification:_identify(src/Hiwin_libmodbus/libmodbus/docs/assets) by extension 'ignore_ament_install'
[0.274s] Level 1:colcon.colcon_core.package_identification:_identify(src/Hiwin_libmodbus/libmodbus/docs/assets) by extensions ['colcon_pkg']
[0.274s] Level 1:colcon.colcon_core.package_identification:_identify(src/Hiwin_libmodbus/libmodbus/docs/assets) by extension 'colcon_pkg'
[0.274s] Level 1:colcon.colcon_core.package_identification:_identify(src/Hiwin_libmodbus/libmodbus/docs/assets) by extensions ['colcon_meta']
[0.274s] Level 1:colcon.colcon_core.package_identification:_identify(src/Hiwin_libmodbus/libmodbus/docs/assets) by extension 'colcon_meta'
[0.274s] Level 1:colcon.colcon_core.package_identification:_identify(src/Hiwin_libmodbus/libmodbus/docs/assets) by extensions ['ros']
[0.275s] Level 1:colcon.colcon_core.package_identification:_identify(src/Hiwin_libmodbus/libmodbus/docs/assets) by extension 'ros'
[0.275s] Level 1:colcon.colcon_core.package_identification:_identify(src/Hiwin_libmodbus/libmodbus/docs/assets) by extensions ['cmake', 'python']
[0.275s] Level 1:colcon.colcon_core.package_identification:_identify(src/Hiwin_libmodbus/libmodbus/docs/assets) by extension 'cmake'
[0.275s] Level 1:colcon.colcon_core.package_identification:_identify(src/Hiwin_libmodbus/libmodbus/docs/assets) by extension 'python'
[0.275s] Level 1:colcon.colcon_core.package_identification:_identify(src/Hiwin_libmodbus/libmodbus/docs/assets) by extensions ['python_setup_py']
[0.275s] Level 1:colcon.colcon_core.package_identification:_identify(src/Hiwin_libmodbus/libmodbus/docs/assets) by extension 'python_setup_py'
[0.275s] Level 1:colcon.colcon_core.package_identification:_identify(src/Hiwin_libmodbus/libmodbus/m4) by extensions ['ignore', 'ignore_ament_install']
[0.275s] Level 1:colcon.colcon_core.package_identification:_identify(src/Hiwin_libmodbus/libmodbus/m4) by extension 'ignore'
[0.275s] Level 1:colcon.colcon_core.package_identification:_identify(src/Hiwin_libmodbus/libmodbus/m4) by extension 'ignore_ament_install'
[0.275s] Level 1:colcon.colcon_core.package_identification:_identify(src/Hiwin_libmodbus/libmodbus/m4) by extensions ['colcon_pkg']
[0.275s] Level 1:colcon.colcon_core.package_identification:_identify(src/Hiwin_libmodbus/libmodbus/m4) by extension 'colcon_pkg'
[0.275s] Level 1:colcon.colcon_core.package_identification:_identify(src/Hiwin_libmodbus/libmodbus/m4) by extensions ['colcon_meta']
[0.275s] Level 1:colcon.colcon_core.package_identification:_identify(src/Hiwin_libmodbus/libmodbus/m4) by extension 'colcon_meta'
[0.275s] Level 1:colcon.colcon_core.package_identification:_identify(src/Hiwin_libmodbus/libmodbus/m4) by extensions ['ros']
[0.276s] Level 1:colcon.colcon_core.package_identification:_identify(src/Hiwin_libmodbus/libmodbus/m4) by extension 'ros'
[0.276s] Level 1:colcon.colcon_core.package_identification:_identify(src/Hiwin_libmodbus/libmodbus/m4) by extensions ['cmake', 'python']
[0.276s] Level 1:colcon.colcon_core.package_identification:_identify(src/Hiwin_libmodbus/libmodbus/m4) by extension 'cmake'
[0.276s] Level 1:colcon.colcon_core.package_identification:_identify(src/Hiwin_libmodbus/libmodbus/m4) by extension 'python'
[0.276s] Level 1:colcon.colcon_core.package_identification:_identify(src/Hiwin_libmodbus/libmodbus/m4) by extensions ['python_setup_py']
[0.276s] Level 1:colcon.colcon_core.package_identification:_identify(src/Hiwin_libmodbus/libmodbus/m4) by extension 'python_setup_py'
[0.276s] Level 1:colcon.colcon_core.package_identification:_identify(src/Hiwin_libmodbus/libmodbus/src) by extensions ['ignore', 'ignore_ament_install']
[0.276s] Level 1:colcon.colcon_core.package_identification:_identify(src/Hiwin_libmodbus/libmodbus/src) by extension 'ignore'
[0.276s] Level 1:colcon.colcon_core.package_identification:_identify(src/Hiwin_libmodbus/libmodbus/src) by extension 'ignore_ament_install'
[0.276s] Level 1:colcon.colcon_core.package_identification:_identify(src/Hiwin_libmodbus/libmodbus/src) by extensions ['colcon_pkg']
[0.276s] Level 1:colcon.colcon_core.package_identification:_identify(src/Hiwin_libmodbus/libmodbus/src) by extension 'colcon_pkg'
[0.276s] Level 1:colcon.colcon_core.package_identification:_identify(src/Hiwin_libmodbus/libmodbus/src) by extensions ['colcon_meta']
[0.276s] Level 1:colcon.colcon_core.package_identification:_identify(src/Hiwin_libmodbus/libmodbus/src) by extension 'colcon_meta'
[0.276s] Level 1:colcon.colcon_core.package_identification:_identify(src/Hiwin_libmodbus/libmodbus/src) by extensions ['ros']
[0.276s] Level 1:colcon.colcon_core.package_identification:_identify(src/Hiwin_libmodbus/libmodbus/src) by extension 'ros'
[0.277s] Level 1:colcon.colcon_core.package_identification:_identify(src/Hiwin_libmodbus/libmodbus/src) by extensions ['cmake', 'python']
[0.277s] Level 1:colcon.colcon_core.package_identification:_identify(src/Hiwin_libmodbus/libmodbus/src) by extension 'cmake'
[0.277s] Level 1:colcon.colcon_core.package_identification:_identify(src/Hiwin_libmodbus/libmodbus/src) by extension 'python'
[0.277s] Level 1:colcon.colcon_core.package_identification:_identify(src/Hiwin_libmodbus/libmodbus/src) by extensions ['python_setup_py']
[0.277s] Level 1:colcon.colcon_core.package_identification:_identify(src/Hiwin_libmodbus/libmodbus/src) by extension 'python_setup_py'
[0.277s] Level 1:colcon.colcon_core.package_identification:_identify(src/Hiwin_libmodbus/libmodbus/src/win32) by extensions ['ignore', 'ignore_ament_install']
[0.277s] Level 1:colcon.colcon_core.package_identification:_identify(src/Hiwin_libmodbus/libmodbus/src/win32) by extension 'ignore'
[0.277s] Level 1:colcon.colcon_core.package_identification:_identify(src/Hiwin_libmodbus/libmodbus/src/win32) by extension 'ignore_ament_install'
[0.277s] Level 1:colcon.colcon_core.package_identification:_identify(src/Hiwin_libmodbus/libmodbus/src/win32) by extensions ['colcon_pkg']
[0.277s] Level 1:colcon.colcon_core.package_identification:_identify(src/Hiwin_libmodbus/libmodbus/src/win32) by extension 'colcon_pkg'
[0.277s] Level 1:colcon.colcon_core.package_identification:_identify(src/Hiwin_libmodbus/libmodbus/src/win32) by extensions ['colcon_meta']
[0.277s] Level 1:colcon.colcon_core.package_identification:_identify(src/Hiwin_libmodbus/libmodbus/src/win32) by extension 'colcon_meta'
[0.277s] Level 1:colcon.colcon_core.package_identification:_identify(src/Hiwin_libmodbus/libmodbus/src/win32) by extensions ['ros']
[0.277s] Level 1:colcon.colcon_core.package_identification:_identify(src/Hiwin_libmodbus/libmodbus/src/win32) by extension 'ros'
[0.277s] Level 1:colcon.colcon_core.package_identification:_identify(src/Hiwin_libmodbus/libmodbus/src/win32) by extensions ['cmake', 'python']
[0.277s] Level 1:colcon.colcon_core.package_identification:_identify(src/Hiwin_libmodbus/libmodbus/src/win32) by extension 'cmake'
[0.277s] Level 1:colcon.colcon_core.package_identification:_identify(src/Hiwin_libmodbus/libmodbus/src/win32) by extension 'python'
[0.277s] Level 1:colcon.colcon_core.package_identification:_identify(src/Hiwin_libmodbus/libmodbus/src/win32) by extensions ['python_setup_py']
[0.277s] Level 1:colcon.colcon_core.package_identification:_identify(src/Hiwin_libmodbus/libmodbus/src/win32) by extension 'python_setup_py'
[0.278s] Level 1:colcon.colcon_core.package_identification:_identify(src/Hiwin_libmodbus/libmodbus/tests) by extensions ['ignore', 'ignore_ament_install']
[0.278s] Level 1:colcon.colcon_core.package_identification:_identify(src/Hiwin_libmodbus/libmodbus/tests) by extension 'ignore'
[0.278s] Level 1:colcon.colcon_core.package_identification:_identify(src/Hiwin_libmodbus/libmodbus/tests) by extension 'ignore_ament_install'
[0.278s] Level 1:colcon.colcon_core.package_identification:_identify(src/Hiwin_libmodbus/libmodbus/tests) by extensions ['colcon_pkg']
[0.278s] Level 1:colcon.colcon_core.package_identification:_identify(src/Hiwin_libmodbus/libmodbus/tests) by extension 'colcon_pkg'
[0.278s] Level 1:colcon.colcon_core.package_identification:_identify(src/Hiwin_libmodbus/libmodbus/tests) by extensions ['colcon_meta']
[0.278s] Level 1:colcon.colcon_core.package_identification:_identify(src/Hiwin_libmodbus/libmodbus/tests) by extension 'colcon_meta'
[0.278s] Level 1:colcon.colcon_core.package_identification:_identify(src/Hiwin_libmodbus/libmodbus/tests) by extensions ['ros']
[0.278s] Level 1:colcon.colcon_core.package_identification:_identify(src/Hiwin_libmodbus/libmodbus/tests) by extension 'ros'
[0.278s] Level 1:colcon.colcon_core.package_identification:_identify(src/Hiwin_libmodbus/libmodbus/tests) by extensions ['cmake', 'python']
[0.278s] Level 1:colcon.colcon_core.package_identification:_identify(src/Hiwin_libmodbus/libmodbus/tests) by extension 'cmake'
[0.278s] Level 1:colcon.colcon_core.package_identification:_identify(src/Hiwin_libmodbus/libmodbus/tests) by extension 'python'
[0.278s] Level 1:colcon.colcon_core.package_identification:_identify(src/Hiwin_libmodbus/libmodbus/tests) by extensions ['python_setup_py']
[0.278s] Level 1:colcon.colcon_core.package_identification:_identify(src/Hiwin_libmodbus/libmodbus/tests) by extension 'python_setup_py'
[0.278s] Level 1:colcon.colcon_core.package_identification:_identify(src/aruco_marker_pics) by extensions ['ignore', 'ignore_ament_install']
[0.278s] Level 1:colcon.colcon_core.package_identification:_identify(src/aruco_marker_pics) by extension 'ignore'
[0.279s] Level 1:colcon.colcon_core.package_identification:_identify(src/aruco_marker_pics) by extension 'ignore_ament_install'
[0.279s] Level 1:colcon.colcon_core.package_identification:_identify(src/aruco_marker_pics) by extensions ['colcon_pkg']
[0.279s] Level 1:colcon.colcon_core.package_identification:_identify(src/aruco_marker_pics) by extension 'colcon_pkg'
[0.279s] Level 1:colcon.colcon_core.package_identification:_identify(src/aruco_marker_pics) by extensions ['colcon_meta']
[0.279s] Level 1:colcon.colcon_core.package_identification:_identify(src/aruco_marker_pics) by extension 'colcon_meta'
[0.279s] Level 1:colcon.colcon_core.package_identification:_identify(src/aruco_marker_pics) by extensions ['ros']
[0.279s] Level 1:colcon.colcon_core.package_identification:_identify(src/aruco_marker_pics) by extension 'ros'
[0.279s] Level 1:colcon.colcon_core.package_identification:_identify(src/aruco_marker_pics) by extensions ['cmake', 'python']
[0.279s] Level 1:colcon.colcon_core.package_identification:_identify(src/aruco_marker_pics) by extension 'cmake'
[0.279s] Level 1:colcon.colcon_core.package_identification:_identify(src/aruco_marker_pics) by extension 'python'
[0.279s] Level 1:colcon.colcon_core.package_identification:_identify(src/aruco_marker_pics) by extensions ['python_setup_py']
[0.279s] Level 1:colcon.colcon_core.package_identification:_identify(src/aruco_marker_pics) by extension 'python_setup_py'
[0.279s] Level 1:colcon.colcon_core.package_identification:_identify(src/aruco_marker_pics/svgtopng) by extensions ['ignore', 'ignore_ament_install']
[0.279s] Level 1:colcon.colcon_core.package_identification:_identify(src/aruco_marker_pics/svgtopng) by extension 'ignore'
[0.279s] Level 1:colcon.colcon_core.package_identification:_identify(src/aruco_marker_pics/svgtopng) by extension 'ignore_ament_install'
[0.279s] Level 1:colcon.colcon_core.package_identification:_identify(src/aruco_marker_pics/svgtopng) by extensions ['colcon_pkg']
[0.280s] Level 1:colcon.colcon_core.package_identification:_identify(src/aruco_marker_pics/svgtopng) by extension 'colcon_pkg'
[0.280s] Level 1:colcon.colcon_core.package_identification:_identify(src/aruco_marker_pics/svgtopng) by extensions ['colcon_meta']
[0.280s] Level 1:colcon.colcon_core.package_identification:_identify(src/aruco_marker_pics/svgtopng) by extension 'colcon_meta'
[0.280s] Level 1:colcon.colcon_core.package_identification:_identify(src/aruco_marker_pics/svgtopng) by extensions ['ros']
[0.280s] Level 1:colcon.colcon_core.package_identification:_identify(src/aruco_marker_pics/svgtopng) by extension 'ros'
[0.280s] Level 1:colcon.colcon_core.package_identification:_identify(src/aruco_marker_pics/svgtopng) by extensions ['cmake', 'python']
[0.280s] Level 1:colcon.colcon_core.package_identification:_identify(src/aruco_marker_pics/svgtopng) by extension 'cmake'
[0.280s] Level 1:colcon.colcon_core.package_identification:_identify(src/aruco_marker_pics/svgtopng) by extension 'python'
[0.280s] Level 1:colcon.colcon_core.package_identification:_identify(src/aruco_marker_pics/svgtopng) by extensions ['python_setup_py']
[0.280s] Level 1:colcon.colcon_core.package_identification:_identify(src/aruco_marker_pics/svgtopng) by extension 'python_setup_py'
[0.280s] Level 1:colcon.colcon_core.package_identification:_identify(src/hiwin_control) by extensions ['ignore', 'ignore_ament_install']
[0.280s] Level 1:colcon.colcon_core.package_identification:_identify(src/hiwin_control) by extension 'ignore'
[0.280s] Level 1:colcon.colcon_core.package_identification:_identify(src/hiwin_control) by extension 'ignore_ament_install'
[0.280s] Level 1:colcon.colcon_core.package_identification:_identify(src/hiwin_control) by extensions ['colcon_pkg']
[0.280s] Level 1:colcon.colcon_core.package_identification:_identify(src/hiwin_control) by extension 'colcon_pkg'
[0.280s] Level 1:colcon.colcon_core.package_identification:_identify(src/hiwin_control) by extensions ['colcon_meta']
[0.280s] Level 1:colcon.colcon_core.package_identification:_identify(src/hiwin_control) by extension 'colcon_meta'
[0.280s] Level 1:colcon.colcon_core.package_identification:_identify(src/hiwin_control) by extensions ['ros']
[0.280s] Level 1:colcon.colcon_core.package_identification:_identify(src/hiwin_control) by extension 'ros'
[0.281s] DEBUG:colcon.colcon_core.package_identification:Package 'src/hiwin_control' with type 'ros.ament_python' and name 'hiwin_control'
[0.281s] Level 1:colcon.colcon_core.package_identification:_identify(src/picture) by extensions ['ignore', 'ignore_ament_install']
[0.282s] Level 1:colcon.colcon_core.package_identification:_identify(src/picture) by extension 'ignore'
[0.282s] Level 1:colcon.colcon_core.package_identification:_identify(src/picture) by extension 'ignore_ament_install'
[0.282s] Level 1:colcon.colcon_core.package_identification:_identify(src/picture) by extensions ['colcon_pkg']
[0.282s] Level 1:colcon.colcon_core.package_identification:_identify(src/picture) by extension 'colcon_pkg'
[0.282s] Level 1:colcon.colcon_core.package_identification:_identify(src/picture) by extensions ['colcon_meta']
[0.282s] Level 1:colcon.colcon_core.package_identification:_identify(src/picture) by extension 'colcon_meta'
[0.282s] Level 1:colcon.colcon_core.package_identification:_identify(src/picture) by extensions ['ros']
[0.282s] Level 1:colcon.colcon_core.package_identification:_identify(src/picture) by extension 'ros'
[0.282s] Level 1:colcon.colcon_core.package_identification:_identify(src/picture) by extensions ['cmake', 'python']
[0.282s] Level 1:colcon.colcon_core.package_identification:_identify(src/picture) by extension 'cmake'
[0.282s] Level 1:colcon.colcon_core.package_identification:_identify(src/picture) by extension 'python'
[0.282s] Level 1:colcon.colcon_core.package_identification:_identify(src/picture) by extensions ['python_setup_py']
[0.282s] Level 1:colcon.colcon_core.package_identification:_identify(src/picture) by extension 'python_setup_py'
[0.282s] Level 1:colcon.colcon_core.package_identification:_identify(src/pool) by extensions ['ignore', 'ignore_ament_install']
[0.282s] Level 1:colcon.colcon_core.package_identification:_identify(src/pool) by extension 'ignore'
[0.282s] Level 1:colcon.colcon_core.package_identification:_identify(src/pool) by extension 'ignore_ament_install'
[0.283s] Level 1:colcon.colcon_core.package_identification:_identify(src/pool) by extensions ['colcon_pkg']
[0.283s] Level 1:colcon.colcon_core.package_identification:_identify(src/pool) by extension 'colcon_pkg'
[0.283s] Level 1:colcon.colcon_core.package_identification:_identify(src/pool) by extensions ['colcon_meta']
[0.283s] Level 1:colcon.colcon_core.package_identification:_identify(src/pool) by extension 'colcon_meta'
[0.283s] Level 1:colcon.colcon_core.package_identification:_identify(src/pool) by extensions ['ros']
[0.283s] Level 1:colcon.colcon_core.package_identification:_identify(src/pool) by extension 'ros'
[0.283s] Level 1:colcon.colcon_core.package_identification:_identify(src/pool) by extensions ['cmake', 'python']
[0.283s] Level 1:colcon.colcon_core.package_identification:_identify(src/pool) by extension 'cmake'
[0.283s] Level 1:colcon.colcon_core.package_identification:_identify(src/pool) by extension 'python'
[0.283s] Level 1:colcon.colcon_core.package_identification:_identify(src/pool) by extensions ['python_setup_py']
[0.283s] Level 1:colcon.colcon_core.package_identification:_identify(src/pool) by extension 'python_setup_py'
[0.283s] Level 1:colcon.colcon_core.package_identification:_identify(src/pool/center) by extensions ['ignore', 'ignore_ament_install']
[0.283s] Level 1:colcon.colcon_core.package_identification:_identify(src/pool/center) by extension 'ignore'
[0.283s] Level 1:colcon.colcon_core.package_identification:_identify(src/pool/center) by extension 'ignore_ament_install'
[0.283s] Level 1:colcon.colcon_core.package_identification:_identify(src/pool/center) by extensions ['colcon_pkg']
[0.283s] Level 1:colcon.colcon_core.package_identification:_identify(src/pool/center) by extension 'colcon_pkg'
[0.283s] Level 1:colcon.colcon_core.package_identification:_identify(src/pool/center) by extensions ['colcon_meta']
[0.283s] Level 1:colcon.colcon_core.package_identification:_identify(src/pool/center) by extension 'colcon_meta'
[0.284s] Level 1:colcon.colcon_core.package_identification:_identify(src/pool/center) by extensions ['ros']
[0.284s] Level 1:colcon.colcon_core.package_identification:_identify(src/pool/center) by extension 'ros'
[0.284s] DEBUG:colcon.colcon_core.package_identification:Package 'src/pool/center' with type 'ros.ament_python' and name 'center'
[0.285s] Level 1:colcon.colcon_core.package_identification:_identify(src/pool/detect) by extensions ['ignore', 'ignore_ament_install']
[0.285s] Level 1:colcon.colcon_core.package_identification:_identify(src/pool/detect) by extension 'ignore'
[0.285s] Level 1:colcon.colcon_core.package_identification:_identify(src/pool/detect) by extension 'ignore_ament_install'
[0.285s] Level 1:colcon.colcon_core.package_identification:_identify(src/pool/detect) by extensions ['colcon_pkg']
[0.285s] Level 1:colcon.colcon_core.package_identification:_identify(src/pool/detect) by extension 'colcon_pkg'
[0.285s] Level 1:colcon.colcon_core.package_identification:_identify(src/pool/detect) by extensions ['colcon_meta']
[0.285s] Level 1:colcon.colcon_core.package_identification:_identify(src/pool/detect) by extension 'colcon_meta'
[0.285s] Level 1:colcon.colcon_core.package_identification:_identify(src/pool/detect) by extensions ['ros']
[0.285s] Level 1:colcon.colcon_core.package_identification:_identify(src/pool/detect) by extension 'ros'
[0.285s] Level 1:colcon.colcon_core.package_identification:_identify(src/pool/detect) by extensions ['cmake', 'python']
[0.285s] Level 1:colcon.colcon_core.package_identification:_identify(src/pool/detect) by extension 'cmake'
[0.285s] Level 1:colcon.colcon_core.package_identification:_identify(src/pool/detect) by extension 'python'
[0.285s] Level 1:colcon.colcon_core.package_identification:_identify(src/pool/detect) by extensions ['python_setup_py']
[0.285s] Level 1:colcon.colcon_core.package_identification:_identify(src/pool/detect) by extension 'python_setup_py'
[0.285s] Level 1:colcon.colcon_core.package_identification:_identify(src/pool/detect/detect_interface) by extensions ['ignore', 'ignore_ament_install']
[0.285s] Level 1:colcon.colcon_core.package_identification:_identify(src/pool/detect/detect_interface) by extension 'ignore'
[0.285s] Level 1:colcon.colcon_core.package_identification:_identify(src/pool/detect/detect_interface) by extension 'ignore_ament_install'
[0.285s] Level 1:colcon.colcon_core.package_identification:_identify(src/pool/detect/detect_interface) by extensions ['colcon_pkg']
[0.285s] Level 1:colcon.colcon_core.package_identification:_identify(src/pool/detect/detect_interface) by extension 'colcon_pkg'
[0.286s] Level 1:colcon.colcon_core.package_identification:_identify(src/pool/detect/detect_interface) by extensions ['colcon_meta']
[0.286s] Level 1:colcon.colcon_core.package_identification:_identify(src/pool/detect/detect_interface) by extension 'colcon_meta'
[0.286s] Level 1:colcon.colcon_core.package_identification:_identify(src/pool/detect/detect_interface) by extensions ['ros']
[0.286s] Level 1:colcon.colcon_core.package_identification:_identify(src/pool/detect/detect_interface) by extension 'ros'
[0.287s] DEBUG:colcon.colcon_core.package_identification:Package 'src/pool/detect/detect_interface' with type 'ros.ament_cmake' and name 'detect_interface'
[0.287s] Level 1:colcon.colcon_core.package_identification:_identify(src/pool/detect/yolov7_obj_detect) by extensions ['ignore', 'ignore_ament_install']
[0.287s] Level 1:colcon.colcon_core.package_identification:_identify(src/pool/detect/yolov7_obj_detect) by extension 'ignore'
[0.287s] Level 1:colcon.colcon_core.package_identification:_identify(src/pool/detect/yolov7_obj_detect) by extension 'ignore_ament_install'
[0.287s] Level 1:colcon.colcon_core.package_identification:_identify(src/pool/detect/yolov7_obj_detect) by extensions ['colcon_pkg']
[0.287s] Level 1:colcon.colcon_core.package_identification:_identify(src/pool/detect/yolov7_obj_detect) by extension 'colcon_pkg'
[0.287s] Level 1:colcon.colcon_core.package_identification:_identify(src/pool/detect/yolov7_obj_detect) by extensions ['colcon_meta']
[0.287s] Level 1:colcon.colcon_core.package_identification:_identify(src/pool/detect/yolov7_obj_detect) by extension 'colcon_meta'
[0.288s] Level 1:colcon.colcon_core.package_identification:_identify(src/pool/detect/yolov7_obj_detect) by extensions ['ros']
[0.288s] Level 1:colcon.colcon_core.package_identification:_identify(src/pool/detect/yolov7_obj_detect) by extension 'ros'
[0.288s] DEBUG:colcon.colcon_core.package_identification:Package 'src/pool/detect/yolov7_obj_detect' with type 'ros.ament_python' and name 'yolov7_obj_detect'
[0.288s] Level 1:colcon.colcon_core.package_identification:_identify(src/pool/docker) by extensions ['ignore', 'ignore_ament_install']
[0.289s] Level 1:colcon.colcon_core.package_identification:_identify(src/pool/docker) by extension 'ignore'
[0.289s] Level 1:colcon.colcon_core.package_identification:_identify(src/pool/docker) by extension 'ignore_ament_install'
[0.289s] Level 1:colcon.colcon_core.package_identification:_identify(src/pool/docker) by extensions ['colcon_pkg']
[0.289s] Level 1:colcon.colcon_core.package_identification:_identify(src/pool/docker) by extension 'colcon_pkg'
[0.289s] Level 1:colcon.colcon_core.package_identification:_identify(src/pool/docker) by extensions ['colcon_meta']
[0.289s] Level 1:colcon.colcon_core.package_identification:_identify(src/pool/docker) by extension 'colcon_meta'
[0.289s] Level 1:colcon.colcon_core.package_identification:_identify(src/pool/docker) by extensions ['ros']
[0.289s] Level 1:colcon.colcon_core.package_identification:_identify(src/pool/docker) by extension 'ros'
[0.289s] Level 1:colcon.colcon_core.package_identification:_identify(src/pool/docker) by extensions ['cmake', 'python']
[0.289s] Level 1:colcon.colcon_core.package_identification:_identify(src/pool/docker) by extension 'cmake'
[0.289s] Level 1:colcon.colcon_core.package_identification:_identify(src/pool/docker) by extension 'python'
[0.289s] Level 1:colcon.colcon_core.package_identification:_identify(src/pool/docker) by extensions ['python_setup_py']
[0.289s] Level 1:colcon.colcon_core.package_identification:_identify(src/pool/docker) by extension 'python_setup_py'
[0.289s] Level 1:colcon.colcon_core.package_identification:_identify(src/pool/docker/compose) by extensions ['ignore', 'ignore_ament_install']
[0.289s] Level 1:colcon.colcon_core.package_identification:_identify(src/pool/docker/compose) by extension 'ignore'
[0.289s] Level 1:colcon.colcon_core.package_identification:_identify(src/pool/docker/compose) by extension 'ignore_ament_install'
[0.289s] Level 1:colcon.colcon_core.package_identification:_identify(src/pool/docker/compose) by extensions ['colcon_pkg']
[0.290s] Level 1:colcon.colcon_core.package_identification:_identify(src/pool/docker/compose) by extension 'colcon_pkg'
[0.290s] Level 1:colcon.colcon_core.package_identification:_identify(src/pool/docker/compose) by extensions ['colcon_meta']
[0.290s] Level 1:colcon.colcon_core.package_identification:_identify(src/pool/docker/compose) by extension 'colcon_meta'
[0.290s] Level 1:colcon.colcon_core.package_identification:_identify(src/pool/docker/compose) by extensions ['ros']
[0.290s] Level 1:colcon.colcon_core.package_identification:_identify(src/pool/docker/compose) by extension 'ros'
[0.290s] Level 1:colcon.colcon_core.package_identification:_identify(src/pool/docker/compose) by extensions ['cmake', 'python']
[0.290s] Level 1:colcon.colcon_core.package_identification:_identify(src/pool/docker/compose) by extension 'cmake'
[0.290s] Level 1:colcon.colcon_core.package_identification:_identify(src/pool/docker/compose) by extension 'python'
[0.290s] Level 1:colcon.colcon_core.package_identification:_identify(src/pool/docker/compose) by extensions ['python_setup_py']
[0.290s] Level 1:colcon.colcon_core.package_identification:_identify(src/pool/docker/compose) by extension 'python_setup_py'
[0.290s] Level 1:colcon.colcon_core.package_identification:_identify(src/pool/docker/compose/config) by extensions ['ignore', 'ignore_ament_install']
[0.290s] Level 1:colcon.colcon_core.package_identification:_identify(src/pool/docker/compose/config) by extension 'ignore'
[0.290s] Level 1:colcon.colcon_core.package_identification:_identify(src/pool/docker/compose/config) by extension 'ignore_ament_install'
[0.290s] Level 1:colcon.colcon_core.package_identification:_identify(src/pool/docker/compose/config) by extensions ['colcon_pkg']
[0.290s] Level 1:colcon.colcon_core.package_identification:_identify(src/pool/docker/compose/config) by extension 'colcon_pkg'
[0.290s] Level 1:colcon.colcon_core.package_identification:_identify(src/pool/docker/compose/config) by extensions ['colcon_meta']
[0.290s] Level 1:colcon.colcon_core.package_identification:_identify(src/pool/docker/compose/config) by extension 'colcon_meta'
[0.290s] Level 1:colcon.colcon_core.package_identification:_identify(src/pool/docker/compose/config) by extensions ['ros']
[0.291s] Level 1:colcon.colcon_core.package_identification:_identify(src/pool/docker/compose/config) by extension 'ros'
[0.291s] Level 1:colcon.colcon_core.package_identification:_identify(src/pool/docker/compose/config) by extensions ['cmake', 'python']
[0.291s] Level 1:colcon.colcon_core.package_identification:_identify(src/pool/docker/compose/config) by extension 'cmake'
[0.291s] Level 1:colcon.colcon_core.package_identification:_identify(src/pool/docker/compose/config) by extension 'python'
[0.291s] Level 1:colcon.colcon_core.package_identification:_identify(src/pool/docker/compose/config) by extensions ['python_setup_py']
[0.291s] Level 1:colcon.colcon_core.package_identification:_identify(src/pool/docker/compose/config) by extension 'python_setup_py'
[0.291s] Level 1:colcon.colcon_core.package_identification:_identify(src/pool/docker/compose/config/pip) by extensions ['ignore', 'ignore_ament_install']
[0.291s] Level 1:colcon.colcon_core.package_identification:_identify(src/pool/docker/compose/config/pip) by extension 'ignore'
[0.291s] Level 1:colcon.colcon_core.package_identification:_identify(src/pool/docker/compose/config/pip) by extension 'ignore_ament_install'
[0.291s] Level 1:colcon.colcon_core.package_identification:_identify(src/pool/docker/compose/config/pip) by extensions ['colcon_pkg']
[0.291s] Level 1:colcon.colcon_core.package_identification:_identify(src/pool/docker/compose/config/pip) by extension 'colcon_pkg'
[0.291s] Level 1:colcon.colcon_core.package_identification:_identify(src/pool/docker/compose/config/pip) by extensions ['colcon_meta']
[0.291s] Level 1:colcon.colcon_core.package_identification:_identify(src/pool/docker/compose/config/pip) by extension 'colcon_meta'
[0.292s] Level 1:colcon.colcon_core.package_identification:_identify(src/pool/docker/compose/config/pip) by extensions ['ros']
[0.292s] Level 1:colcon.colcon_core.package_identification:_identify(src/pool/docker/compose/config/pip) by extension 'ros'
[0.292s] Level 1:colcon.colcon_core.package_identification:_identify(src/pool/docker/compose/config/pip) by extensions ['cmake', 'python']
[0.292s] Level 1:colcon.colcon_core.package_identification:_identify(src/pool/docker/compose/config/pip) by extension 'cmake'
[0.292s] Level 1:colcon.colcon_core.package_identification:_identify(src/pool/docker/compose/config/pip) by extension 'python'
[0.292s] Level 1:colcon.colcon_core.package_identification:_identify(src/pool/docker/compose/config/pip) by extensions ['python_setup_py']
[0.292s] Level 1:colcon.colcon_core.package_identification:_identify(src/pool/docker/compose/config/pip) by extension 'python_setup_py'
[0.292s] Level 1:colcon.colcon_core.package_identification:_identify(src/pool/docker/compose/config/shell) by extensions ['ignore', 'ignore_ament_install']
[0.292s] Level 1:colcon.colcon_core.package_identification:_identify(src/pool/docker/compose/config/shell) by extension 'ignore'
[0.292s] Level 1:colcon.colcon_core.package_identification:_identify(src/pool/docker/compose/config/shell) by extension 'ignore_ament_install'
[0.292s] Level 1:colcon.colcon_core.package_identification:_identify(src/pool/docker/compose/config/shell) by extensions ['colcon_pkg']
[0.292s] Level 1:colcon.colcon_core.package_identification:_identify(src/pool/docker/compose/config/shell) by extension 'colcon_pkg'
[0.292s] Level 1:colcon.colcon_core.package_identification:_identify(src/pool/docker/compose/config/shell) by extensions ['colcon_meta']
[0.292s] Level 1:colcon.colcon_core.package_identification:_identify(src/pool/docker/compose/config/shell) by extension 'colcon_meta'
[0.292s] Level 1:colcon.colcon_core.package_identification:_identify(src/pool/docker/compose/config/shell) by extensions ['ros']
[0.292s] Level 1:colcon.colcon_core.package_identification:_identify(src/pool/docker/compose/config/shell) by extension 'ros'
[0.293s] Level 1:colcon.colcon_core.package_identification:_identify(src/pool/docker/compose/config/shell) by extensions ['cmake', 'python']
[0.293s] Level 1:colcon.colcon_core.package_identification:_identify(src/pool/docker/compose/config/shell) by extension 'cmake'
[0.293s] Level 1:colcon.colcon_core.package_identification:_identify(src/pool/docker/compose/config/shell) by extension 'python'
[0.293s] Level 1:colcon.colcon_core.package_identification:_identify(src/pool/docker/compose/config/shell) by extensions ['python_setup_py']
[0.293s] Level 1:colcon.colcon_core.package_identification:_identify(src/pool/docker/compose/config/shell) by extension 'python_setup_py'
[0.293s] Level 1:colcon.colcon_core.package_identification:_identify(src/pool/docker/compose/config/shell/terminator) by extensions ['ignore', 'ignore_ament_install']
[0.293s] Level 1:colcon.colcon_core.package_identification:_identify(src/pool/docker/compose/config/shell/terminator) by extension 'ignore'
[0.293s] Level 1:colcon.colcon_core.package_identification:_identify(src/pool/docker/compose/config/shell/terminator) by extension 'ignore_ament_install'
[0.293s] Level 1:colcon.colcon_core.package_identification:_identify(src/pool/docker/compose/config/shell/terminator) by extensions ['colcon_pkg']
[0.293s] Level 1:colcon.colcon_core.package_identification:_identify(src/pool/docker/compose/config/shell/terminator) by extension 'colcon_pkg'
[0.293s] Level 1:colcon.colcon_core.package_identification:_identify(src/pool/docker/compose/config/shell/terminator) by extensions ['colcon_meta']
[0.293s] Level 1:colcon.colcon_core.package_identification:_identify(src/pool/docker/compose/config/shell/terminator) by extension 'colcon_meta'
[0.293s] Level 1:colcon.colcon_core.package_identification:_identify(src/pool/docker/compose/config/shell/terminator) by extensions ['ros']
[0.293s] Level 1:colcon.colcon_core.package_identification:_identify(src/pool/docker/compose/config/shell/terminator) by extension 'ros'
[0.294s] Level 1:colcon.colcon_core.package_identification:_identify(src/pool/docker/compose/config/shell/terminator) by extensions ['cmake', 'python']
[0.294s] Level 1:colcon.colcon_core.package_identification:_identify(src/pool/docker/compose/config/shell/terminator) by extension 'cmake'
[0.294s] Level 1:colcon.colcon_core.package_identification:_identify(src/pool/docker/compose/config/shell/terminator) by extension 'python'
[0.294s] Level 1:colcon.colcon_core.package_identification:_identify(src/pool/docker/compose/config/shell/terminator) by extensions ['python_setup_py']
[0.294s] Level 1:colcon.colcon_core.package_identification:_identify(src/pool/docker/compose/config/shell/terminator) by extension 'python_setup_py'
[0.294s] Level 1:colcon.colcon_core.package_identification:_identify(src/pool/docker/compose/config/shell/tmux) by extensions ['ignore', 'ignore_ament_install']
[0.294s] Level 1:colcon.colcon_core.package_identification:_identify(src/pool/docker/compose/config/shell/tmux) by extension 'ignore'
[0.294s] Level 1:colcon.colcon_core.package_identification:_identify(src/pool/docker/compose/config/shell/tmux) by extension 'ignore_ament_install'
[0.294s] Level 1:colcon.colcon_core.package_identification:_identify(src/pool/docker/compose/config/shell/tmux) by extensions ['colcon_pkg']
[0.294s] Level 1:colcon.colcon_core.package_identification:_identify(src/pool/docker/compose/config/shell/tmux) by extension 'colcon_pkg'
[0.294s] Level 1:colcon.colcon_core.package_identification:_identify(src/pool/docker/compose/config/shell/tmux) by extensions ['colcon_meta']
[0.294s] Level 1:colcon.colcon_core.package_identification:_identify(src/pool/docker/compose/config/shell/tmux) by extension 'colcon_meta'
[0.294s] Level 1:colcon.colcon_core.package_identification:_identify(src/pool/docker/compose/config/shell/tmux) by extensions ['ros']
[0.294s] Level 1:colcon.colcon_core.package_identification:_identify(src/pool/docker/compose/config/shell/tmux) by extension 'ros'
[0.294s] Level 1:colcon.colcon_core.package_identification:_identify(src/pool/docker/compose/config/shell/tmux) by extensions ['cmake', 'python']
[0.294s] Level 1:colcon.colcon_core.package_identification:_identify(src/pool/docker/compose/config/shell/tmux) by extension 'cmake'
[0.294s] Level 1:colcon.colcon_core.package_identification:_identify(src/pool/docker/compose/config/shell/tmux) by extension 'python'
[0.294s] Level 1:colcon.colcon_core.package_identification:_identify(src/pool/docker/compose/config/shell/tmux) by extensions ['python_setup_py']
[0.295s] Level 1:colcon.colcon_core.package_identification:_identify(src/pool/docker/compose/config/shell/tmux) by extension 'python_setup_py'
[0.295s] Level 1:colcon.colcon_core.package_identification:_identify(src/pool/docker/config) by extensions ['ignore', 'ignore_ament_install']
[0.295s] Level 1:colcon.colcon_core.package_identification:_identify(src/pool/docker/config) by extension 'ignore'
[0.295s] Level 1:colcon.colcon_core.package_identification:_identify(src/pool/docker/config) by extension 'ignore_ament_install'
[0.295s] Level 1:colcon.colcon_core.package_identification:_identify(src/pool/docker/config) by extensions ['colcon_pkg']
[0.295s] Level 1:colcon.colcon_core.package_identification:_identify(src/pool/docker/config) by extension 'colcon_pkg'
[0.295s] Level 1:colcon.colcon_core.package_identification:_identify(src/pool/docker/config) by extensions ['colcon_meta']
[0.295s] Level 1:colcon.colcon_core.package_identification:_identify(src/pool/docker/config) by extension 'colcon_meta'
[0.295s] Level 1:colcon.colcon_core.package_identification:_identify(src/pool/docker/config) by extensions ['ros']
[0.295s] Level 1:colcon.colcon_core.package_identification:_identify(src/pool/docker/config) by extension 'ros'
[0.295s] Level 1:colcon.colcon_core.package_identification:_identify(src/pool/docker/config) by extensions ['cmake', 'python']
[0.295s] Level 1:colcon.colcon_core.package_identification:_identify(src/pool/docker/config) by extension 'cmake'
[0.295s] Level 1:colcon.colcon_core.package_identification:_identify(src/pool/docker/config) by extension 'python'
[0.296s] Level 1:colcon.colcon_core.package_identification:_identify(src/pool/docker/config) by extensions ['python_setup_py']
[0.296s] Level 1:colcon.colcon_core.package_identification:_identify(src/pool/docker/config) by extension 'python_setup_py'
[0.296s] Level 1:colcon.colcon_core.package_identification:_identify(src/pool/docker/config/pip) by extensions ['ignore', 'ignore_ament_install']
[0.296s] Level 1:colcon.colcon_core.package_identification:_identify(src/pool/docker/config/pip) by extension 'ignore'
[0.296s] Level 1:colcon.colcon_core.package_identification:_identify(src/pool/docker/config/pip) by extension 'ignore_ament_install'
[0.296s] Level 1:colcon.colcon_core.package_identification:_identify(src/pool/docker/config/pip) by extensions ['colcon_pkg']
[0.296s] Level 1:colcon.colcon_core.package_identification:_identify(src/pool/docker/config/pip) by extension 'colcon_pkg'
[0.296s] Level 1:colcon.colcon_core.package_identification:_identify(src/pool/docker/config/pip) by extensions ['colcon_meta']
[0.296s] Level 1:colcon.colcon_core.package_identification:_identify(src/pool/docker/config/pip) by extension 'colcon_meta'
[0.296s] Level 1:colcon.colcon_core.package_identification:_identify(src/pool/docker/config/pip) by extensions ['ros']
[0.296s] Level 1:colcon.colcon_core.package_identification:_identify(src/pool/docker/config/pip) by extension 'ros'
[0.296s] Level 1:colcon.colcon_core.package_identification:_identify(src/pool/docker/config/pip) by extensions ['cmake', 'python']
[0.296s] Level 1:colcon.colcon_core.package_identification:_identify(src/pool/docker/config/pip) by extension 'cmake'
[0.296s] Level 1:colcon.colcon_core.package_identification:_identify(src/pool/docker/config/pip) by extension 'python'
[0.296s] Level 1:colcon.colcon_core.package_identification:_identify(src/pool/docker/config/pip) by extensions ['python_setup_py']
[0.296s] Level 1:colcon.colcon_core.package_identification:_identify(src/pool/docker/config/pip) by extension 'python_setup_py'
[0.297s] Level 1:colcon.colcon_core.package_identification:_identify(src/pool/docker/config/shell) by extensions ['ignore', 'ignore_ament_install']
[0.297s] Level 1:colcon.colcon_core.package_identification:_identify(src/pool/docker/config/shell) by extension 'ignore'
[0.297s] Level 1:colcon.colcon_core.package_identification:_identify(src/pool/docker/config/shell) by extension 'ignore_ament_install'
[0.297s] Level 1:colcon.colcon_core.package_identification:_identify(src/pool/docker/config/shell) by extensions ['colcon_pkg']
[0.297s] Level 1:colcon.colcon_core.package_identification:_identify(src/pool/docker/config/shell) by extension 'colcon_pkg'
[0.297s] Level 1:colcon.colcon_core.package_identification:_identify(src/pool/docker/config/shell) by extensions ['colcon_meta']
[0.297s] Level 1:colcon.colcon_core.package_identification:_identify(src/pool/docker/config/shell) by extension 'colcon_meta'
[0.297s] Level 1:colcon.colcon_core.package_identification:_identify(src/pool/docker/config/shell) by extensions ['ros']
[0.297s] Level 1:colcon.colcon_core.package_identification:_identify(src/pool/docker/config/shell) by extension 'ros'
[0.297s] Level 1:colcon.colcon_core.package_identification:_identify(src/pool/docker/config/shell) by extensions ['cmake', 'python']
[0.297s] Level 1:colcon.colcon_core.package_identification:_identify(src/pool/docker/config/shell) by extension 'cmake'
[0.297s] Level 1:colcon.colcon_core.package_identification:_identify(src/pool/docker/config/shell) by extension 'python'
[0.297s] Level 1:colcon.colcon_core.package_identification:_identify(src/pool/docker/config/shell) by extensions ['python_setup_py']
[0.297s] Level 1:colcon.colcon_core.package_identification:_identify(src/pool/docker/config/shell) by extension 'python_setup_py'
[0.297s] Level 1:colcon.colcon_core.package_identification:_identify(src/pool/docker/config/shell/terminator) by extensions ['ignore', 'ignore_ament_install']
[0.297s] Level 1:colcon.colcon_core.package_identification:_identify(src/pool/docker/config/shell/terminator) by extension 'ignore'
[0.297s] Level 1:colcon.colcon_core.package_identification:_identify(src/pool/docker/config/shell/terminator) by extension 'ignore_ament_install'
[0.298s] Level 1:colcon.colcon_core.package_identification:_identify(src/pool/docker/config/shell/terminator) by extensions ['colcon_pkg']
[0.298s] Level 1:colcon.colcon_core.package_identification:_identify(src/pool/docker/config/shell/terminator) by extension 'colcon_pkg'
[0.298s] Level 1:colcon.colcon_core.package_identification:_identify(src/pool/docker/config/shell/terminator) by extensions ['colcon_meta']
[0.298s] Level 1:colcon.colcon_core.package_identification:_identify(src/pool/docker/config/shell/terminator) by extension 'colcon_meta'
[0.298s] Level 1:colcon.colcon_core.package_identification:_identify(src/pool/docker/config/shell/terminator) by extensions ['ros']
[0.298s] Level 1:colcon.colcon_core.package_identification:_identify(src/pool/docker/config/shell/terminator) by extension 'ros'
[0.298s] Level 1:colcon.colcon_core.package_identification:_identify(src/pool/docker/config/shell/terminator) by extensions ['cmake', 'python']
[0.298s] Level 1:colcon.colcon_core.package_identification:_identify(src/pool/docker/config/shell/terminator) by extension 'cmake'
[0.298s] Level 1:colcon.colcon_core.package_identification:_identify(src/pool/docker/config/shell/terminator) by extension 'python'
[0.298s] Level 1:colcon.colcon_core.package_identification:_identify(src/pool/docker/config/shell/terminator) by extensions ['python_setup_py']
[0.298s] Level 1:colcon.colcon_core.package_identification:_identify(src/pool/docker/config/shell/terminator) by extension 'python_setup_py'
[0.298s] Level 1:colcon.colcon_core.package_identification:_identify(src/pool/docker/config/shell/tmux) by extensions ['ignore', 'ignore_ament_install']
[0.298s] Level 1:colcon.colcon_core.package_identification:_identify(src/pool/docker/config/shell/tmux) by extension 'ignore'
[0.298s] Level 1:colcon.colcon_core.package_identification:_identify(src/pool/docker/config/shell/tmux) by extension 'ignore_ament_install'
[0.298s] Level 1:colcon.colcon_core.package_identification:_identify(src/pool/docker/config/shell/tmux) by extensions ['colcon_pkg']
[0.298s] Level 1:colcon.colcon_core.package_identification:_identify(src/pool/docker/config/shell/tmux) by extension 'colcon_pkg'
[0.298s] Level 1:colcon.colcon_core.package_identification:_identify(src/pool/docker/config/shell/tmux) by extensions ['colcon_meta']
[0.299s] Level 1:colcon.colcon_core.package_identification:_identify(src/pool/docker/config/shell/tmux) by extension 'colcon_meta'
[0.299s] Level 1:colcon.colcon_core.package_identification:_identify(src/pool/docker/config/shell/tmux) by extensions ['ros']
[0.299s] Level 1:colcon.colcon_core.package_identification:_identify(src/pool/docker/config/shell/tmux) by extension 'ros'
[0.299s] Level 1:colcon.colcon_core.package_identification:_identify(src/pool/docker/config/shell/tmux) by extensions ['cmake', 'python']
[0.299s] Level 1:colcon.colcon_core.package_identification:_identify(src/pool/docker/config/shell/tmux) by extension 'cmake'
[0.299s] Level 1:colcon.colcon_core.package_identification:_identify(src/pool/docker/config/shell/tmux) by extension 'python'
[0.299s] Level 1:colcon.colcon_core.package_identification:_identify(src/pool/docker/config/shell/tmux) by extensions ['python_setup_py']
[0.299s] Level 1:colcon.colcon_core.package_identification:_identify(src/pool/docker/config/shell/tmux) by extension 'python_setup_py'
[0.299s] Level 1:colcon.colcon_core.package_identification:_identify(src/pool/realsense-ros) by extensions ['ignore', 'ignore_ament_install']
[0.299s] Level 1:colcon.colcon_core.package_identification:_identify(src/pool/realsense-ros) by extension 'ignore'
[0.299s] Level 1:colcon.colcon_core.package_identification:_identify(src/pool/realsense-ros) by extension 'ignore_ament_install'
[0.299s] Level 1:colcon.colcon_core.package_identification:_identify(src/pool/realsense-ros) by extensions ['colcon_pkg']
[0.299s] Level 1:colcon.colcon_core.package_identification:_identify(src/pool/realsense-ros) by extension 'colcon_pkg'
[0.299s] Level 1:colcon.colcon_core.package_identification:_identify(src/pool/realsense-ros) by extensions ['colcon_meta']
[0.299s] Level 1:colcon.colcon_core.package_identification:_identify(src/pool/realsense-ros) by extension 'colcon_meta'
[0.300s] Level 1:colcon.colcon_core.package_identification:_identify(src/pool/realsense-ros) by extensions ['ros']
[0.300s] Level 1:colcon.colcon_core.package_identification:_identify(src/pool/realsense-ros) by extension 'ros'
[0.300s] Level 1:colcon.colcon_core.package_identification:_identify(src/pool/realsense-ros) by extensions ['cmake', 'python']
[0.300s] Level 1:colcon.colcon_core.package_identification:_identify(src/pool/realsense-ros) by extension 'cmake'
[0.300s] Level 1:colcon.colcon_core.package_identification:_identify(src/pool/realsense-ros) by extension 'python'
[0.300s] Level 1:colcon.colcon_core.package_identification:_identify(src/pool/realsense-ros) by extensions ['python_setup_py']
[0.300s] Level 1:colcon.colcon_core.package_identification:_identify(src/pool/realsense-ros) by extension 'python_setup_py'
[0.300s] Level 1:colcon.colcon_core.package_identification:_identify(src/pool/realsense-ros/realsense2_camera) by extensions ['ignore', 'ignore_ament_install']
[0.300s] Level 1:colcon.colcon_core.package_identification:_identify(src/pool/realsense-ros/realsense2_camera) by extension 'ignore'
[0.300s] Level 1:colcon.colcon_core.package_identification:_identify(src/pool/realsense-ros/realsense2_camera) by extension 'ignore_ament_install'
[0.300s] Level 1:colcon.colcon_core.package_identification:_identify(src/pool/realsense-ros/realsense2_camera) by extensions ['colcon_pkg']
[0.300s] Level 1:colcon.colcon_core.package_identification:_identify(src/pool/realsense-ros/realsense2_camera) by extension 'colcon_pkg'
[0.300s] Level 1:colcon.colcon_core.package_identification:_identify(src/pool/realsense-ros/realsense2_camera) by extensions ['colcon_meta']
[0.300s] Level 1:colcon.colcon_core.package_identification:_identify(src/pool/realsense-ros/realsense2_camera) by extension 'colcon_meta'
[0.300s] Level 1:colcon.colcon_core.package_identification:_identify(src/pool/realsense-ros/realsense2_camera) by extensions ['ros']
[0.300s] Level 1:colcon.colcon_core.package_identification:_identify(src/pool/realsense-ros/realsense2_camera) by extension 'ros'
[0.309s] DEBUG:colcon.colcon_core.package_identification:Package 'src/pool/realsense-ros/realsense2_camera' with type 'ros.ament_cmake' and name 'realsense2_camera'
[0.309s] Level 1:colcon.colcon_core.package_identification:_identify(src/pool/realsense-ros/realsense2_camera_msgs) by extensions ['ignore', 'ignore_ament_install']
[0.309s] Level 1:colcon.colcon_core.package_identification:_identify(src/pool/realsense-ros/realsense2_camera_msgs) by extension 'ignore'
[0.309s] Level 1:colcon.colcon_core.package_identification:_identify(src/pool/realsense-ros/realsense2_camera_msgs) by extension 'ignore_ament_install'
[0.310s] Level 1:colcon.colcon_core.package_identification:_identify(src/pool/realsense-ros/realsense2_camera_msgs) by extensions ['colcon_pkg']
[0.310s] Level 1:colcon.colcon_core.package_identification:_identify(src/pool/realsense-ros/realsense2_camera_msgs) by extension 'colcon_pkg'
[0.310s] Level 1:colcon.colcon_core.package_identification:_identify(src/pool/realsense-ros/realsense2_camera_msgs) by extensions ['colcon_meta']
[0.310s] Level 1:colcon.colcon_core.package_identification:_identify(src/pool/realsense-ros/realsense2_camera_msgs) by extension 'colcon_meta'
[0.310s] Level 1:colcon.colcon_core.package_identification:_identify(src/pool/realsense-ros/realsense2_camera_msgs) by extensions ['ros']
[0.310s] Level 1:colcon.colcon_core.package_identification:_identify(src/pool/realsense-ros/realsense2_camera_msgs) by extension 'ros'
[0.311s] DEBUG:colcon.colcon_core.package_identification:Package 'src/pool/realsense-ros/realsense2_camera_msgs' with type 'ros.ament_cmake' and name 'realsense2_camera_msgs'
[0.311s] Level 1:colcon.colcon_core.package_identification:_identify(src/pool/realsense-ros/realsense2_description) by extensions ['ignore', 'ignore_ament_install']
[0.311s] Level 1:colcon.colcon_core.package_identification:_identify(src/pool/realsense-ros/realsense2_description) by extension 'ignore'
[0.311s] Level 1:colcon.colcon_core.package_identification:_identify(src/pool/realsense-ros/realsense2_description) by extension 'ignore_ament_install'
[0.311s] Level 1:colcon.colcon_core.package_identification:_identify(src/pool/realsense-ros/realsense2_description) by extensions ['colcon_pkg']
[0.311s] Level 1:colcon.colcon_core.package_identification:_identify(src/pool/realsense-ros/realsense2_description) by extension 'colcon_pkg'
[0.311s] Level 1:colcon.colcon_core.package_identification:_identify(src/pool/realsense-ros/realsense2_description) by extensions ['colcon_meta']
[0.312s] Level 1:colcon.colcon_core.package_identification:_identify(src/pool/realsense-ros/realsense2_description) by extension 'colcon_meta'
[0.312s] Level 1:colcon.colcon_core.package_identification:_identify(src/pool/realsense-ros/realsense2_description) by extensions ['ros']
[0.312s] Level 1:colcon.colcon_core.package_identification:_identify(src/pool/realsense-ros/realsense2_description) by extension 'ros'
[0.313s] DEBUG:colcon.colcon_core.package_identification:Package 'src/pool/realsense-ros/realsense2_description' with type 'ros.ament_cmake' and name 'realsense2_description'
[0.313s] Level 1:colcon.colcon_core.package_identification:_identify(src/pool/realsense-ros/scripts) by extensions ['ignore', 'ignore_ament_install']
[0.313s] Level 1:colcon.colcon_core.package_identification:_identify(src/pool/realsense-ros/scripts) by extension 'ignore'
[0.313s] Level 1:colcon.colcon_core.package_identification:_identify(src/pool/realsense-ros/scripts) by extension 'ignore_ament_install'
[0.313s] Level 1:colcon.colcon_core.package_identification:_identify(src/pool/realsense-ros/scripts) by extensions ['colcon_pkg']
[0.313s] Level 1:colcon.colcon_core.package_identification:_identify(src/pool/realsense-ros/scripts) by extension 'colcon_pkg'
[0.314s] Level 1:colcon.colcon_core.package_identification:_identify(src/pool/realsense-ros/scripts) by extensions ['colcon_meta']
[0.314s] Level 1:colcon.colcon_core.package_identification:_identify(src/pool/realsense-ros/scripts) by extension 'colcon_meta'
[0.314s] Level 1:colcon.colcon_core.package_identification:_identify(src/pool/realsense-ros/scripts) by extensions ['ros']
[0.314s] Level 1:colcon.colcon_core.package_identification:_identify(src/pool/realsense-ros/scripts) by extension 'ros'
[0.314s] Level 1:colcon.colcon_core.package_identification:_identify(src/pool/realsense-ros/scripts) by extensions ['cmake', 'python']
[0.314s] Level 1:colcon.colcon_core.package_identification:_identify(src/pool/realsense-ros/scripts) by extension 'cmake'
[0.314s] Level 1:colcon.colcon_core.package_identification:_identify(src/pool/realsense-ros/scripts) by extension 'python'
[0.314s] Level 1:colcon.colcon_core.package_identification:_identify(src/pool/realsense-ros/scripts) by extensions ['python_setup_py']
[0.314s] Level 1:colcon.colcon_core.package_identification:_identify(src/pool/realsense-ros/scripts) by extension 'python_setup_py'
[0.314s] Level 1:colcon.colcon_core.package_identification:_identify(src/pool/view) by extensions ['ignore', 'ignore_ament_install']
[0.314s] Level 1:colcon.colcon_core.package_identification:_identify(src/pool/view) by extension 'ignore'
[0.314s] Level 1:colcon.colcon_core.package_identification:_identify(src/pool/view) by extension 'ignore_ament_install'
[0.314s] Level 1:colcon.colcon_core.package_identification:_identify(src/pool/view) by extensions ['colcon_pkg']
[0.314s] Level 1:colcon.colcon_core.package_identification:_identify(src/pool/view) by extension 'colcon_pkg'
[0.314s] Level 1:colcon.colcon_core.package_identification:_identify(src/pool/view) by extensions ['colcon_meta']
[0.314s] Level 1:colcon.colcon_core.package_identification:_identify(src/pool/view) by extension 'colcon_meta'
[0.314s] Level 1:colcon.colcon_core.package_identification:_identify(src/pool/view) by extensions ['ros']
[0.315s] Level 1:colcon.colcon_core.package_identification:_identify(src/pool/view) by extension 'ros'
[0.315s] Level 1:colcon.colcon_core.package_identification:_identify(src/pool/view) by extensions ['cmake', 'python']
[0.315s] Level 1:colcon.colcon_core.package_identification:_identify(src/pool/view) by extension 'cmake'
[0.315s] Level 1:colcon.colcon_core.package_identification:_identify(src/pool/view) by extension 'python'
[0.315s] Level 1:colcon.colcon_core.package_identification:_identify(src/pool/view) by extensions ['python_setup_py']
[0.315s] Level 1:colcon.colcon_core.package_identification:_identify(src/pool/view) by extension 'python_setup_py'
[0.315s] Level 1:colcon.colcon_core.package_discovery:discover_packages(recursive) using defaults
[0.315s] Level 1:colcon.colcon_core.package_discovery:discover_packages(ignore) discover
[0.315s] Level 1:colcon.colcon_core.package_discovery:discover_packages(ignore) using defaults
[0.315s] Level 1:colcon.colcon_core.package_discovery:discover_packages(path) discover
[0.315s] Level 1:colcon.colcon_core.package_discovery:discover_packages(path) using defaults
[0.343s] Level 1:colcon.colcon_core.package_discovery:discover_packages(prefix_path) check parameters
[0.343s] Level 1:colcon.colcon_core.package_discovery:discover_packages(prefix_path) discover
[0.346s] DEBUG:colcon.colcon_installed_package_information.package_discovery:Found 11 installed packages in /home/jack/work/install
[0.348s] DEBUG:colcon.colcon_installed_package_information.package_discovery:Found 279 installed packages in /opt/ros/humble
[0.350s] Level 1:colcon.colcon_core.package_discovery:discover_packages(prefix_path) using defaults
[0.404s] Level 5:colcon.colcon_core.verb:set package 'detect_interface' build argument 'cmake_args' from command line to 'None'
[0.404s] Level 5:colcon.colcon_core.verb:set package 'detect_interface' build argument 'cmake_target' from command line to 'None'
[0.404s] Level 5:colcon.colcon_core.verb:set package 'detect_interface' build argument 'cmake_target_skip_unavailable' from command line to 'False'
[0.404s] Level 5:colcon.colcon_core.verb:set package 'detect_interface' build argument 'cmake_clean_cache' from command line to 'False'
[0.404s] Level 5:colcon.colcon_core.verb:set package 'detect_interface' build argument 'cmake_clean_first' from command line to 'False'
[0.404s] Level 5:colcon.colcon_core.verb:set package 'detect_interface' build argument 'cmake_force_configure' from command line to 'False'
[0.404s] Level 5:colcon.colcon_core.verb:set package 'detect_interface' build argument 'ament_cmake_args' from command line to 'None'
[0.404s] Level 5:colcon.colcon_core.verb:set package 'detect_interface' build argument 'catkin_cmake_args' from command line to 'None'
[0.404s] Level 5:colcon.colcon_core.verb:set package 'detect_interface' build argument 'catkin_skip_building_tests' from command line to 'False'
[0.404s] DEBUG:colcon.colcon_core.verb:Building package 'detect_interface' with the following arguments: {'ament_cmake_args': None, 'build_base': '/home/jack/work/build/detect_interface', 'catkin_cmake_args': None, 'catkin_skip_building_tests': False, 'cmake_args': None, 'cmake_clean_cache': False, 'cmake_clean_first': False, 'cmake_force_configure': False, 'cmake_target': None, 'cmake_target_skip_unavailable': False, 'install_base': '/home/jack/work/install/detect_interface', 'merge_install': False, 'path': '/home/jack/work/src/pool/detect/detect_interface', 'symlink_install': False, 'test_result_base': None}
[0.405s] Level 5:colcon.colcon_core.verb:set package 'hiwin_example' build argument 'cmake_args' from command line to 'None'
[0.405s] Level 5:colcon.colcon_core.verb:set package 'hiwin_example' build argument 'cmake_target' from command line to 'None'
[0.405s] Level 5:colcon.colcon_core.verb:set package 'hiwin_example' build argument 'cmake_target_skip_unavailable' from command line to 'False'
[0.405s] Level 5:colcon.colcon_core.verb:set package 'hiwin_example' build argument 'cmake_clean_cache' from command line to 'False'
[0.405s] Level 5:colcon.colcon_core.verb:set package 'hiwin_example' build argument 'cmake_clean_first' from command line to 'False'
[0.405s] Level 5:colcon.colcon_core.verb:set package 'hiwin_example' build argument 'cmake_force_configure' from command line to 'False'
[0.405s] Level 5:colcon.colcon_core.verb:set package 'hiwin_example' build argument 'ament_cmake_args' from command line to 'None'
[0.405s] Level 5:colcon.colcon_core.verb:set package 'hiwin_example' build argument 'catkin_cmake_args' from command line to 'None'
[0.405s] Level 5:colcon.colcon_core.verb:set package 'hiwin_example' build argument 'catkin_skip_building_tests' from command line to 'False'
[0.405s] DEBUG:colcon.colcon_core.verb:Building package 'hiwin_example' with the following arguments: {'ament_cmake_args': None, 'build_base': '/home/jack/work/build/hiwin_example', 'catkin_cmake_args': None, 'catkin_skip_building_tests': False, 'cmake_args': None, 'cmake_clean_cache': False, 'cmake_clean_first': False, 'cmake_force_configure': False, 'cmake_target': None, 'cmake_target_skip_unavailable': False, 'install_base': '/home/jack/work/install/hiwin_example', 'merge_install': False, 'path': '/home/jack/work/src/Hiwin_libmodbus/hiwin_example', 'symlink_install': False, 'test_result_base': None}
[0.405s] Level 5:colcon.colcon_core.verb:set package 'hiwin_interfaces' build argument 'cmake_args' from command line to 'None'
[0.405s] Level 5:colcon.colcon_core.verb:set package 'hiwin_interfaces' build argument 'cmake_target' from command line to 'None'
[0.405s] Level 5:colcon.colcon_core.verb:set package 'hiwin_interfaces' build argument 'cmake_target_skip_unavailable' from command line to 'False'
[0.406s] Level 5:colcon.colcon_core.verb:set package 'hiwin_interfaces' build argument 'cmake_clean_cache' from command line to 'False'
[0.406s] Level 5:colcon.colcon_core.verb:set package 'hiwin_interfaces' build argument 'cmake_clean_first' from command line to 'False'
[0.406s] Level 5:colcon.colcon_core.verb:set package 'hiwin_interfaces' build argument 'cmake_force_configure' from command line to 'False'
[0.406s] Level 5:colcon.colcon_core.verb:set package 'hiwin_interfaces' build argument 'ament_cmake_args' from command line to 'None'
[0.406s] Level 5:colcon.colcon_core.verb:set package 'hiwin_interfaces' build argument 'catkin_cmake_args' from command line to 'None'
[0.406s] Level 5:colcon.colcon_core.verb:set package 'hiwin_interfaces' build argument 'catkin_skip_building_tests' from command line to 'False'
[0.406s] DEBUG:colcon.colcon_core.verb:Building package 'hiwin_interfaces' with the following arguments: {'ament_cmake_args': None, 'build_base': '/home/jack/work/build/hiwin_interfaces', 'catkin_cmake_args': None, 'catkin_skip_building_tests': False, 'cmake_args': None, 'cmake_clean_cache': False, 'cmake_clean_first': False, 'cmake_force_configure': False, 'cmake_target': None, 'cmake_target_skip_unavailable': False, 'install_base': '/home/jack/work/install/hiwin_interfaces', 'merge_install': False, 'path': '/home/jack/work/src/Hiwin_libmodbus/hiwin_interfaces', 'symlink_install': False, 'test_result_base': None}
[0.406s] Level 5:colcon.colcon_core.verb:set package 'realsense2_camera_msgs' build argument 'cmake_args' from command line to 'None'
[0.406s] Level 5:colcon.colcon_core.verb:set package 'realsense2_camera_msgs' build argument 'cmake_target' from command line to 'None'
[0.406s] Level 5:colcon.colcon_core.verb:set package 'realsense2_camera_msgs' build argument 'cmake_target_skip_unavailable' from command line to 'False'
[0.406s] Level 5:colcon.colcon_core.verb:set package 'realsense2_camera_msgs' build argument 'cmake_clean_cache' from command line to 'False'
[0.406s] Level 5:colcon.colcon_core.verb:set package 'realsense2_camera_msgs' build argument 'cmake_clean_first' from command line to 'False'
[0.406s] Level 5:colcon.colcon_core.verb:set package 'realsense2_camera_msgs' build argument 'cmake_force_configure' from command line to 'False'
[0.406s] Level 5:colcon.colcon_core.verb:set package 'realsense2_camera_msgs' build argument 'ament_cmake_args' from command line to 'None'
[0.406s] Level 5:colcon.colcon_core.verb:set package 'realsense2_camera_msgs' build argument 'catkin_cmake_args' from command line to 'None'
[0.406s] Level 5:colcon.colcon_core.verb:set package 'realsense2_camera_msgs' build argument 'catkin_skip_building_tests' from command line to 'False'
[0.406s] DEBUG:colcon.colcon_core.verb:Building package 'realsense2_camera_msgs' with the following arguments: {'ament_cmake_args': None, 'build_base': '/home/jack/work/build/realsense2_camera_msgs', 'catkin_cmake_args': None, 'catkin_skip_building_tests': False, 'cmake_args': None, 'cmake_clean_cache': False, 'cmake_clean_first': False, 'cmake_force_configure': False, 'cmake_target': None, 'cmake_target_skip_unavailable': False, 'install_base': '/home/jack/work/install/realsense2_camera_msgs', 'merge_install': False, 'path': '/home/jack/work/src/pool/realsense-ros/realsense2_camera_msgs', 'symlink_install': False, 'test_result_base': None}
[0.407s] Level 5:colcon.colcon_core.verb:set package 'center' build argument 'cmake_args' from command line to 'None'
[0.407s] Level 5:colcon.colcon_core.verb:set package 'center' build argument 'cmake_target' from command line to 'None'
[0.407s] Level 5:colcon.colcon_core.verb:set package 'center' build argument 'cmake_target_skip_unavailable' from command line to 'False'
[0.407s] Level 5:colcon.colcon_core.verb:set package 'center' build argument 'cmake_clean_cache' from command line to 'False'
[0.407s] Level 5:colcon.colcon_core.verb:set package 'center' build argument 'cmake_clean_first' from command line to 'False'
[0.407s] Level 5:colcon.colcon_core.verb:set package 'center' build argument 'cmake_force_configure' from command line to 'False'
[0.407s] Level 5:colcon.colcon_core.verb:set package 'center' build argument 'ament_cmake_args' from command line to 'None'
[0.407s] Level 5:colcon.colcon_core.verb:set package 'center' build argument 'catkin_cmake_args' from command line to 'None'
[0.407s] Level 5:colcon.colcon_core.verb:set package 'center' build argument 'catkin_skip_building_tests' from command line to 'False'
[0.407s] DEBUG:colcon.colcon_core.verb:Building package 'center' with the following arguments: {'ament_cmake_args': None, 'build_base': '/home/jack/work/build/center', 'catkin_cmake_args': None, 'catkin_skip_building_tests': False, 'cmake_args': None, 'cmake_clean_cache': False, 'cmake_clean_first': False, 'cmake_force_configure': False, 'cmake_target': None, 'cmake_target_skip_unavailable': False, 'install_base': '/home/jack/work/install/center', 'merge_install': False, 'path': '/home/jack/work/src/pool/center', 'symlink_install': False, 'test_result_base': None}
[0.407s] Level 5:colcon.colcon_core.verb:set package 'hiwin_control' build argument 'cmake_args' from command line to 'None'
[0.408s] Level 5:colcon.colcon_core.verb:set package 'hiwin_control' build argument 'cmake_target' from command line to 'None'
[0.408s] Level 5:colcon.colcon_core.verb:set package 'hiwin_control' build argument 'cmake_target_skip_unavailable' from command line to 'False'
[0.408s] Level 5:colcon.colcon_core.verb:set package 'hiwin_control' build argument 'cmake_clean_cache' from command line to 'False'
[0.408s] Level 5:colcon.colcon_core.verb:set package 'hiwin_control' build argument 'cmake_clean_first' from command line to 'False'
[0.408s] Level 5:colcon.colcon_core.verb:set package 'hiwin_control' build argument 'cmake_force_configure' from command line to 'False'
[0.408s] Level 5:colcon.colcon_core.verb:set package 'hiwin_control' build argument 'ament_cmake_args' from command line to 'None'
[0.408s] Level 5:colcon.colcon_core.verb:set package 'hiwin_control' build argument 'catkin_cmake_args' from command line to 'None'
[0.408s] Level 5:colcon.colcon_core.verb:set package 'hiwin_control' build argument 'catkin_skip_building_tests' from command line to 'False'
[0.408s] DEBUG:colcon.colcon_core.verb:Building package 'hiwin_control' with the following arguments: {'ament_cmake_args': None, 'build_base': '/home/jack/work/build/hiwin_control', 'catkin_cmake_args': None, 'catkin_skip_building_tests': False, 'cmake_args': None, 'cmake_clean_cache': False, 'cmake_clean_first': False, 'cmake_force_configure': False, 'cmake_target': None, 'cmake_target_skip_unavailable': False, 'install_base': '/home/jack/work/install/hiwin_control', 'merge_install': False, 'path': '/home/jack/work/src/hiwin_control', 'symlink_install': False, 'test_result_base': None}
[0.408s] Level 5:colcon.colcon_core.verb:set package 'hiwin_libmodbus' build argument 'cmake_args' from command line to 'None'
[0.408s] Level 5:colcon.colcon_core.verb:set package 'hiwin_libmodbus' build argument 'cmake_target' from command line to 'None'
[0.408s] Level 5:colcon.colcon_core.verb:set package 'hiwin_libmodbus' build argument 'cmake_target_skip_unavailable' from command line to 'False'
[0.408s] Level 5:colcon.colcon_core.verb:set package 'hiwin_libmodbus' build argument 'cmake_clean_cache' from command line to 'False'
[0.408s] Level 5:colcon.colcon_core.verb:set package 'hiwin_libmodbus' build argument 'cmake_clean_first' from command line to 'False'
[0.408s] Level 5:colcon.colcon_core.verb:set package 'hiwin_libmodbus' build argument 'cmake_force_configure' from command line to 'False'
[0.408s] Level 5:colcon.colcon_core.verb:set package 'hiwin_libmodbus' build argument 'ament_cmake_args' from command line to 'None'
[0.408s] Level 5:colcon.colcon_core.verb:set package 'hiwin_libmodbus' build argument 'catkin_cmake_args' from command line to 'None'
[0.408s] Level 5:colcon.colcon_core.verb:set package 'hiwin_libmodbus' build argument 'catkin_skip_building_tests' from command line to 'False'
[0.408s] DEBUG:colcon.colcon_core.verb:Building package 'hiwin_libmodbus' with the following arguments: {'ament_cmake_args': None, 'build_base': '/home/jack/work/build/hiwin_libmodbus', 'catkin_cmake_args': None, 'catkin_skip_building_tests': False, 'cmake_args': None, 'cmake_clean_cache': False, 'cmake_clean_first': False, 'cmake_force_configure': False, 'cmake_target': None, 'cmake_target_skip_unavailable': False, 'install_base': '/home/jack/work/install/hiwin_libmodbus', 'merge_install': False, 'path': '/home/jack/work/src/Hiwin_libmodbus/hiwin_libmodbus', 'symlink_install': False, 'test_result_base': None}
[0.409s] Level 5:colcon.colcon_core.verb:set package 'realsense2_camera' build argument 'cmake_args' from command line to 'None'
[0.409s] Level 5:colcon.colcon_core.verb:set package 'realsense2_camera' build argument 'cmake_target' from command line to 'None'
[0.409s] Level 5:colcon.colcon_core.verb:set package 'realsense2_camera' build argument 'cmake_target_skip_unavailable' from command line to 'False'
[0.409s] Level 5:colcon.colcon_core.verb:set package 'realsense2_camera' build argument 'cmake_clean_cache' from command line to 'False'
[0.409s] Level 5:colcon.colcon_core.verb:set package 'realsense2_camera' build argument 'cmake_clean_first' from command line to 'False'
[0.409s] Level 5:colcon.colcon_core.verb:set package 'realsense2_camera' build argument 'cmake_force_configure' from command line to 'False'
[0.409s] Level 5:colcon.colcon_core.verb:set package 'realsense2_camera' build argument 'ament_cmake_args' from command line to 'None'
[0.409s] Level 5:colcon.colcon_core.verb:set package 'realsense2_camera' build argument 'catkin_cmake_args' from command line to 'None'
[0.409s] Level 5:colcon.colcon_core.verb:set package 'realsense2_camera' build argument 'catkin_skip_building_tests' from command line to 'False'
[0.409s] DEBUG:colcon.colcon_core.verb:Building package 'realsense2_camera' with the following arguments: {'ament_cmake_args': None, 'build_base': '/home/jack/work/build/realsense2_camera', 'catkin_cmake_args': None, 'catkin_skip_building_tests': False, 'cmake_args': None, 'cmake_clean_cache': False, 'cmake_clean_first': False, 'cmake_force_configure': False, 'cmake_target': None, 'cmake_target_skip_unavailable': False, 'install_base': '/home/jack/work/install/realsense2_camera', 'merge_install': False, 'path': '/home/jack/work/src/pool/realsense-ros/realsense2_camera', 'symlink_install': False, 'test_result_base': None}
[0.410s] Level 5:colcon.colcon_core.verb:set package 'realsense2_description' build argument 'cmake_args' from command line to 'None'
[0.410s] Level 5:colcon.colcon_core.verb:set package 'realsense2_description' build argument 'cmake_target' from command line to 'None'
[0.410s] Level 5:colcon.colcon_core.verb:set package 'realsense2_description' build argument 'cmake_target_skip_unavailable' from command line to 'False'
[0.410s] Level 5:colcon.colcon_core.verb:set package 'realsense2_description' build argument 'cmake_clean_cache' from command line to 'False'
[0.410s] Level 5:colcon.colcon_core.verb:set package 'realsense2_description' build argument 'cmake_clean_first' from command line to 'False'
[0.410s] Level 5:colcon.colcon_core.verb:set package 'realsense2_description' build argument 'cmake_force_configure' from command line to 'False'
[0.410s] Level 5:colcon.colcon_core.verb:set package 'realsense2_description' build argument 'ament_cmake_args' from command line to 'None'
[0.410s] Level 5:colcon.colcon_core.verb:set package 'realsense2_description' build argument 'catkin_cmake_args' from command line to 'None'
[0.410s] Level 5:colcon.colcon_core.verb:set package 'realsense2_description' build argument 'catkin_skip_building_tests' from command line to 'False'
[0.410s] DEBUG:colcon.colcon_core.verb:Building package 'realsense2_description' with the following arguments: {'ament_cmake_args': None, 'build_base': '/home/jack/work/build/realsense2_description', 'catkin_cmake_args': None, 'catkin_skip_building_tests': False, 'cmake_args': None, 'cmake_clean_cache': False, 'cmake_clean_first': False, 'cmake_force_configure': False, 'cmake_target': None, 'cmake_target_skip_unavailable': False, 'install_base': '/home/jack/work/install/realsense2_description', 'merge_install': False, 'path': '/home/jack/work/src/pool/realsense-ros/realsense2_description', 'symlink_install': False, 'test_result_base': None}
[0.411s] Level 5:colcon.colcon_core.verb:set package 'yolov7_obj_detect' build argument 'cmake_args' from command line to 'None'
[0.411s] Level 5:colcon.colcon_core.verb:set package 'yolov7_obj_detect' build argument 'cmake_target' from command line to 'None'
[0.411s] Level 5:colcon.colcon_core.verb:set package 'yolov7_obj_detect' build argument 'cmake_target_skip_unavailable' from command line to 'False'
[0.411s] Level 5:colcon.colcon_core.verb:set package 'yolov7_obj_detect' build argument 'cmake_clean_cache' from command line to 'False'
[0.411s] Level 5:colcon.colcon_core.verb:set package 'yolov7_obj_detect' build argument 'cmake_clean_first' from command line to 'False'
[0.411s] Level 5:colcon.colcon_core.verb:set package 'yolov7_obj_detect' build argument 'cmake_force_configure' from command line to 'False'
[0.411s] Level 5:colcon.colcon_core.verb:set package 'yolov7_obj_detect' build argument 'ament_cmake_args' from command line to 'None'
[0.411s] Level 5:colcon.colcon_core.verb:set package 'yolov7_obj_detect' build argument 'catkin_cmake_args' from command line to 'None'
[0.411s] Level 5:colcon.colcon_core.verb:set package 'yolov7_obj_detect' build argument 'catkin_skip_building_tests' from command line to 'False'
[0.411s] DEBUG:colcon.colcon_core.verb:Building package 'yolov7_obj_detect' with the following arguments: {'ament_cmake_args': None, 'build_base': '/home/jack/work/build/yolov7_obj_detect', 'catkin_cmake_args': None, 'catkin_skip_building_tests': False, 'cmake_args': None, 'cmake_clean_cache': False, 'cmake_clean_first': False, 'cmake_force_configure': False, 'cmake_target': None, 'cmake_target_skip_unavailable': False, 'install_base': '/home/jack/work/install/yolov7_obj_detect', 'merge_install': False, 'path': '/home/jack/work/src/pool/detect/yolov7_obj_detect', 'symlink_install': False, 'test_result_base': None}
[0.411s] Level 5:colcon.colcon_core.verb:set package 'hiwin_service_client' build argument 'cmake_args' from command line to 'None'
[0.411s] Level 5:colcon.colcon_core.verb:set package 'hiwin_service_client' build argument 'cmake_target' from command line to 'None'
[0.411s] Level 5:colcon.colcon_core.verb:set package 'hiwin_service_client' build argument 'cmake_target_skip_unavailable' from command line to 'False'
[0.411s] Level 5:colcon.colcon_core.verb:set package 'hiwin_service_client' build argument 'cmake_clean_cache' from command line to 'False'
[0.411s] Level 5:colcon.colcon_core.verb:set package 'hiwin_service_client' build argument 'cmake_clean_first' from command line to 'False'
[0.411s] Level 5:colcon.colcon_core.verb:set package 'hiwin_service_client' build argument 'cmake_force_configure' from command line to 'False'
[0.411s] Level 5:colcon.colcon_core.verb:set package 'hiwin_service_client' build argument 'ament_cmake_args' from command line to 'None'
[0.411s] Level 5:colcon.colcon_core.verb:set package 'hiwin_service_client' build argument 'catkin_cmake_args' from command line to 'None'
[0.412s] Level 5:colcon.colcon_core.verb:set package 'hiwin_service_client' build argument 'catkin_skip_building_tests' from command line to 'False'
[0.412s] DEBUG:colcon.colcon_core.verb:Building package 'hiwin_service_client' with the following arguments: {'ament_cmake_args': None, 'build_base': '/home/jack/work/build/hiwin_service_client', 'catkin_cmake_args': None, 'catkin_skip_building_tests': False, 'cmake_args': None, 'cmake_clean_cache': False, 'cmake_clean_first': False, 'cmake_force_configure': False, 'cmake_target': None, 'cmake_target_skip_unavailable': False, 'install_base': '/home/jack/work/install/hiwin_service_client', 'merge_install': False, 'path': '/home/jack/work/src/Hiwin_libmodbus/hiwin_service_client', 'symlink_install': False, 'test_result_base': None}
[0.412s] INFO:colcon.colcon_core.executor:Executing jobs using 'parallel' executor
[0.413s] DEBUG:colcon.colcon_parallel_executor.executor.parallel:run_until_complete
[0.413s] INFO:colcon.colcon_ros.task.ament_cmake.build:Building ROS package in '/home/jack/work/src/pool/detect/detect_interface' with build type 'ament_cmake'
[0.413s] INFO:colcon.colcon_cmake.task.cmake.build:Building CMake package in '/home/jack/work/src/pool/detect/detect_interface'
[0.416s] INFO:colcon.colcon_core.plugin_system:Skipping extension 'colcon_core.shell.bat': Not used on non-Windows systems
[0.416s] INFO:colcon.colcon_core.shell:Skip shell extension 'powershell' for command environment: Not usable outside of PowerShell
[0.416s] DEBUG:colcon.colcon_core.shell:Skip shell extension 'dsv' for command environment
[0.423s] INFO:colcon.colcon_ros.task.ament_cmake.build:Building ROS package in '/home/jack/work/src/Hiwin_libmodbus/hiwin_interfaces' with build type 'ament_cmake'
[0.423s] INFO:colcon.colcon_cmake.task.cmake.build:Building CMake package in '/home/jack/work/src/Hiwin_libmodbus/hiwin_interfaces'
[0.423s] INFO:colcon.colcon_core.shell:Skip shell extension 'powershell' for command environment: Not usable outside of PowerShell
[0.423s] DEBUG:colcon.colcon_core.shell:Skip shell extension 'dsv' for command environment
[0.436s] INFO:colcon.colcon_ros.task.ament_cmake.build:Building ROS package in '/home/jack/work/src/pool/realsense-ros/realsense2_camera_msgs' with build type 'ament_cmake'
[0.437s] INFO:colcon.colcon_cmake.task.cmake.build:Building CMake package in '/home/jack/work/src/pool/realsense-ros/realsense2_camera_msgs'
[0.437s] INFO:colcon.colcon_core.shell:Skip shell extension 'powershell' for command environment: Not usable outside of PowerShell
[0.437s] DEBUG:colcon.colcon_core.shell:Skip shell extension 'dsv' for command environment
[0.444s] INFO:colcon.colcon_ros.task.ament_python.build:Building ROS package in '/home/jack/work/src/Hiwin_libmodbus/hiwin_example' with build type 'ament_python'
[0.445s] Level 1:colcon.colcon_core.shell:create_environment_hook('hiwin_example', 'ament_prefix_path')
[0.446s] INFO:colcon.colcon_core.shell:Creating environment hook '/home/jack/work/install/hiwin_example/share/hiwin_example/hook/ament_prefix_path.ps1'
[0.447s] INFO:colcon.colcon_core.shell:Creating environment descriptor '/home/jack/work/install/hiwin_example/share/hiwin_example/hook/ament_prefix_path.dsv'
[0.448s] INFO:colcon.colcon_core.shell:Creating environment hook '/home/jack/work/install/hiwin_example/share/hiwin_example/hook/ament_prefix_path.sh'
[0.449s] INFO:colcon.colcon_core.shell:Skip shell extension 'powershell' for command environment: Not usable outside of PowerShell
[0.449s] DEBUG:colcon.colcon_core.shell:Skip shell extension 'dsv' for command environment
[0.462s] DEBUG:colcon.colcon_core.event_handler.log_command:Invoking command in '/home/jack/work/build/detect_interface': CMAKE_PREFIX_PATH=${CMAKE_PREFIX_PATH}:/home/jack/work/install/yolov7_obj_detect:/home/jack/work/install/hiwin_example:/home/jack/work/install/hiwin_control:/home/jack/work/install/center:/opt/ros/humble /usr/bin/cmake --build /home/jack/work/build/detect_interface -- -j16 -l16
[0.469s] DEBUG:colcon.colcon_core.event_handler.log_command:Invoking command in '/home/jack/work/build/hiwin_interfaces': CMAKE_PREFIX_PATH=${CMAKE_PREFIX_PATH}:/home/jack/work/install/yolov7_obj_detect:/home/jack/work/install/hiwin_example:/home/jack/work/install/hiwin_control:/home/jack/work/install/center:/opt/ros/humble /usr/bin/cmake --build /home/jack/work/build/hiwin_interfaces -- -j16 -l16
[0.472s] DEBUG:colcon.colcon_core.event_handler.log_command:Invoking command in '/home/jack/work/build/realsense2_camera_msgs': CMAKE_PREFIX_PATH=${CMAKE_PREFIX_PATH}:/home/jack/work/install/yolov7_obj_detect:/home/jack/work/install/hiwin_example:/home/jack/work/install/hiwin_control:/home/jack/work/install/center:/opt/ros/humble /usr/bin/cmake --build /home/jack/work/build/realsense2_camera_msgs -- -j16 -l16
[0.760s] INFO:colcon.colcon_core.task.python.build:Building Python package in '/home/jack/work/src/Hiwin_libmodbus/hiwin_example'
[0.760s] INFO:colcon.colcon_core.shell:Skip shell extension 'powershell' for command environment: Not usable outside of PowerShell
[0.760s] DEBUG:colcon.colcon_core.shell:Skip shell extension 'dsv' for command environment
[1.047s] DEBUG:colcon.colcon_core.event_handler.log_command:Invoked command in '/home/jack/work/build/hiwin_interfaces' returned '0': CMAKE_PREFIX_PATH=${CMAKE_PREFIX_PATH}:/home/jack/work/install/yolov7_obj_detect:/home/jack/work/install/hiwin_example:/home/jack/work/install/hiwin_control:/home/jack/work/install/center:/opt/ros/humble /usr/bin/cmake --build /home/jack/work/build/hiwin_interfaces -- -j16 -l16
[1.064s] DEBUG:colcon.colcon_core.event_handler.log_command:Invoking command in '/home/jack/work/build/hiwin_interfaces': CMAKE_PREFIX_PATH=${CMAKE_PREFIX_PATH}:/home/jack/work/install/yolov7_obj_detect:/home/jack/work/install/hiwin_example:/home/jack/work/install/hiwin_control:/home/jack/work/install/center:/opt/ros/humble /usr/bin/cmake --install /home/jack/work/build/hiwin_interfaces
[1.067s] DEBUG:colcon.colcon_core.event_handler.log_command:Invoked command in '/home/jack/work/build/realsense2_camera_msgs' returned '0': CMAKE_PREFIX_PATH=${CMAKE_PREFIX_PATH}:/home/jack/work/install/yolov7_obj_detect:/home/jack/work/install/hiwin_example:/home/jack/work/install/hiwin_control:/home/jack/work/install/center:/opt/ros/humble /usr/bin/cmake --build /home/jack/work/build/realsense2_camera_msgs -- -j16 -l16
[1.068s] DEBUG:colcon.colcon_core.event_handler.log_command:Invoking command in '/home/jack/work/build/realsense2_camera_msgs': CMAKE_PREFIX_PATH=${CMAKE_PREFIX_PATH}:/home/jack/work/install/yolov7_obj_detect:/home/jack/work/install/hiwin_example:/home/jack/work/install/hiwin_control:/home/jack/work/install/center:/opt/ros/humble /usr/bin/cmake --install /home/jack/work/build/realsense2_camera_msgs
[1.157s] Level 1:colcon.colcon_core.environment:create_environment_scripts_only(hiwin_interfaces)
[1.163s] DEBUG:colcon.colcon_core.event_handler.log_command:Invoked command in '/home/jack/work/build/detect_interface' returned '0': CMAKE_PREFIX_PATH=${CMAKE_PREFIX_PATH}:/home/jack/work/install/yolov7_obj_detect:/home/jack/work/install/hiwin_example:/home/jack/work/install/hiwin_control:/home/jack/work/install/center:/opt/ros/humble /usr/bin/cmake --build /home/jack/work/build/detect_interface -- -j16 -l16
[1.163s] DEBUG:colcon.colcon_core.event_handler.log_command:Invoking command in '/home/jack/work/build/detect_interface': CMAKE_PREFIX_PATH=${CMAKE_PREFIX_PATH}:/home/jack/work/install/yolov7_obj_detect:/home/jack/work/install/hiwin_example:/home/jack/work/install/hiwin_control:/home/jack/work/install/center:/opt/ros/humble /usr/bin/cmake --install /home/jack/work/build/detect_interface
[1.169s] DEBUG:colcon.colcon_core.event_handler.log_command:Invoked command in '/home/jack/work/build/hiwin_interfaces' returned '0': CMAKE_PREFIX_PATH=${CMAKE_PREFIX_PATH}:/home/jack/work/install/yolov7_obj_detect:/home/jack/work/install/hiwin_example:/home/jack/work/install/hiwin_control:/home/jack/work/install/center:/opt/ros/humble /usr/bin/cmake --install /home/jack/work/build/hiwin_interfaces
[1.176s] Level 1:colcon.colcon_core.environment:checking '/home/jack/work/install/hiwin_interfaces' for CMake module files
[1.176s] Level 1:colcon.colcon_core.environment:checking '/home/jack/work/install/hiwin_interfaces' for CMake config files
[1.177s] Level 1:colcon.colcon_core.shell:create_environment_hook('hiwin_interfaces', 'cmake_prefix_path')
[1.177s] INFO:colcon.colcon_core.shell:Creating environment hook '/home/jack/work/install/hiwin_interfaces/share/hiwin_interfaces/hook/cmake_prefix_path.ps1'
[1.178s] INFO:colcon.colcon_core.shell:Creating environment descriptor '/home/jack/work/install/hiwin_interfaces/share/hiwin_interfaces/hook/cmake_prefix_path.dsv'
[1.178s] INFO:colcon.colcon_core.shell:Creating environment hook '/home/jack/work/install/hiwin_interfaces/share/hiwin_interfaces/hook/cmake_prefix_path.sh'
[1.180s] Level 1:colcon.colcon_core.environment:checking '/home/jack/work/install/hiwin_interfaces/lib'
[1.181s] Level 1:colcon.colcon_core.shell:create_environment_hook('hiwin_interfaces', 'ld_library_path_lib')
[1.181s] INFO:colcon.colcon_core.shell:Creating environment hook '/home/jack/work/install/hiwin_interfaces/share/hiwin_interfaces/hook/ld_library_path_lib.ps1'
[1.183s] INFO:colcon.colcon_core.shell:Creating environment descriptor '/home/jack/work/install/hiwin_interfaces/share/hiwin_interfaces/hook/ld_library_path_lib.dsv'
[1.184s] INFO:colcon.colcon_core.shell:Creating environment hook '/home/jack/work/install/hiwin_interfaces/share/hiwin_interfaces/hook/ld_library_path_lib.sh'
[1.184s] Level 1:colcon.colcon_core.environment:checking '/home/jack/work/install/hiwin_interfaces/bin'
[1.184s] Level 1:colcon.colcon_core.environment:checking '/home/jack/work/install/hiwin_interfaces/lib/pkgconfig/hiwin_interfaces.pc'
[1.184s] Level 1:colcon.colcon_core.environment:checking '/home/jack/work/install/hiwin_interfaces/lib/python3.10/site-packages'
[1.185s] Level 1:colcon.colcon_core.environment:checking '/home/jack/work/install/hiwin_interfaces/bin'
[1.185s] INFO:colcon.colcon_core.shell:Creating package script '/home/jack/work/install/hiwin_interfaces/share/hiwin_interfaces/package.ps1'
[1.186s] INFO:colcon.colcon_core.shell:Creating package descriptor '/home/jack/work/install/hiwin_interfaces/share/hiwin_interfaces/package.dsv'
[1.188s] INFO:colcon.colcon_core.shell:Creating package script '/home/jack/work/install/hiwin_interfaces/share/hiwin_interfaces/package.sh'
[1.188s] INFO:colcon.colcon_core.shell:Creating package script '/home/jack/work/install/hiwin_interfaces/share/hiwin_interfaces/package.bash'
[1.189s] INFO:colcon.colcon_core.shell:Creating package script '/home/jack/work/install/hiwin_interfaces/share/hiwin_interfaces/package.zsh'
[1.190s] Level 1:colcon.colcon_core.environment:create_file_with_runtime_dependencies(/home/jack/work/install/hiwin_interfaces/share/colcon-core/packages/hiwin_interfaces)
[1.191s] Level 1:colcon.colcon_core.environment:create_environment_scripts_only(hiwin_interfaces)
[1.191s] Level 1:colcon.colcon_core.environment:checking '/home/jack/work/install/hiwin_interfaces' for CMake module files
[1.192s] Level 1:colcon.colcon_core.environment:checking '/home/jack/work/install/hiwin_interfaces' for CMake config files
[1.192s] Level 1:colcon.colcon_core.shell:create_environment_hook('hiwin_interfaces', 'cmake_prefix_path')
[1.192s] INFO:colcon.colcon_core.shell:Creating environment hook '/home/jack/work/install/hiwin_interfaces/share/hiwin_interfaces/hook/cmake_prefix_path.ps1'
[1.193s] INFO:colcon.colcon_core.shell:Creating environment descriptor '/home/jack/work/install/hiwin_interfaces/share/hiwin_interfaces/hook/cmake_prefix_path.dsv'
[1.193s] INFO:colcon.colcon_core.shell:Creating environment hook '/home/jack/work/install/hiwin_interfaces/share/hiwin_interfaces/hook/cmake_prefix_path.sh'
[1.194s] Level 1:colcon.colcon_core.environment:checking '/home/jack/work/install/hiwin_interfaces/lib'
[1.194s] Level 1:colcon.colcon_core.shell:create_environment_hook('hiwin_interfaces', 'ld_library_path_lib')
[1.194s] INFO:colcon.colcon_core.shell:Creating environment hook '/home/jack/work/install/hiwin_interfaces/share/hiwin_interfaces/hook/ld_library_path_lib.ps1'
[1.194s] INFO:colcon.colcon_core.shell:Creating environment descriptor '/home/jack/work/install/hiwin_interfaces/share/hiwin_interfaces/hook/ld_library_path_lib.dsv'
[1.195s] INFO:colcon.colcon_core.shell:Creating environment hook '/home/jack/work/install/hiwin_interfaces/share/hiwin_interfaces/hook/ld_library_path_lib.sh'
[1.195s] Level 1:colcon.colcon_core.environment:checking '/home/jack/work/install/hiwin_interfaces/bin'
[1.195s] Level 1:colcon.colcon_core.environment:checking '/home/jack/work/install/hiwin_interfaces/lib/pkgconfig/hiwin_interfaces.pc'
[1.195s] Level 1:colcon.colcon_core.environment:checking '/home/jack/work/install/hiwin_interfaces/lib/python3.10/site-packages'
[1.196s] Level 1:colcon.colcon_core.environment:checking '/home/jack/work/install/hiwin_interfaces/bin'
[1.196s] INFO:colcon.colcon_core.shell:Creating package script '/home/jack/work/install/hiwin_interfaces/share/hiwin_interfaces/package.ps1'
[1.197s] INFO:colcon.colcon_core.shell:Creating package descriptor '/home/jack/work/install/hiwin_interfaces/share/hiwin_interfaces/package.dsv'
[1.197s] INFO:colcon.colcon_core.shell:Creating package script '/home/jack/work/install/hiwin_interfaces/share/hiwin_interfaces/package.sh'
[1.198s] INFO:colcon.colcon_core.shell:Creating package script '/home/jack/work/install/hiwin_interfaces/share/hiwin_interfaces/package.bash'
[1.198s] INFO:colcon.colcon_core.shell:Creating package script '/home/jack/work/install/hiwin_interfaces/share/hiwin_interfaces/package.zsh'
[1.198s] Level 1:colcon.colcon_core.environment:create_file_with_runtime_dependencies(/home/jack/work/install/hiwin_interfaces/share/colcon-core/packages/hiwin_interfaces)
[1.199s] INFO:colcon.colcon_ros.task.ament_cmake.build:Building ROS package in '/home/jack/work/src/Hiwin_libmodbus/hiwin_libmodbus' with build type 'ament_cmake'
[1.199s] INFO:colcon.colcon_cmake.task.cmake.build:Building CMake package in '/home/jack/work/src/Hiwin_libmodbus/hiwin_libmodbus'
[1.199s] INFO:colcon.colcon_core.shell:Skip shell extension 'powershell' for command environment: Not usable outside of PowerShell
[1.199s] DEBUG:colcon.colcon_core.shell:Skip shell extension 'dsv' for command environment
[1.204s] Level 1:colcon.colcon_core.environment:create_environment_scripts_only(realsense2_camera_msgs)
[1.204s] Level 1:colcon.colcon_core.environment:checking '/home/jack/work/install/realsense2_camera_msgs' for CMake module files
[1.205s] DEBUG:colcon.colcon_core.event_handler.log_command:Invoked command in '/home/jack/work/build/realsense2_camera_msgs' returned '0': CMAKE_PREFIX_PATH=${CMAKE_PREFIX_PATH}:/home/jack/work/install/yolov7_obj_detect:/home/jack/work/install/hiwin_example:/home/jack/work/install/hiwin_control:/home/jack/work/install/center:/opt/ros/humble /usr/bin/cmake --install /home/jack/work/build/realsense2_camera_msgs
[1.205s] Level 1:colcon.colcon_core.environment:checking '/home/jack/work/install/realsense2_camera_msgs' for CMake config files
[1.209s] Level 1:colcon.colcon_core.shell:create_environment_hook('realsense2_camera_msgs', 'cmake_prefix_path')
[1.209s] INFO:colcon.colcon_core.shell:Creating environment hook '/home/jack/work/install/realsense2_camera_msgs/share/realsense2_camera_msgs/hook/cmake_prefix_path.ps1'
[1.210s] INFO:colcon.colcon_core.shell:Creating environment descriptor '/home/jack/work/install/realsense2_camera_msgs/share/realsense2_camera_msgs/hook/cmake_prefix_path.dsv'
[1.210s] INFO:colcon.colcon_core.shell:Creating environment hook '/home/jack/work/install/realsense2_camera_msgs/share/realsense2_camera_msgs/hook/cmake_prefix_path.sh'
[1.211s] Level 1:colcon.colcon_core.environment:checking '/home/jack/work/install/realsense2_camera_msgs/lib'
[1.211s] Level 1:colcon.colcon_core.shell:create_environment_hook('realsense2_camera_msgs', 'ld_library_path_lib')
[1.214s] INFO:colcon.colcon_core.shell:Creating environment hook '/home/jack/work/install/realsense2_camera_msgs/share/realsense2_camera_msgs/hook/ld_library_path_lib.ps1'
[1.216s] INFO:colcon.colcon_core.shell:Creating environment descriptor '/home/jack/work/install/realsense2_camera_msgs/share/realsense2_camera_msgs/hook/ld_library_path_lib.dsv'
[1.216s] INFO:colcon.colcon_core.shell:Creating environment hook '/home/jack/work/install/realsense2_camera_msgs/share/realsense2_camera_msgs/hook/ld_library_path_lib.sh'
[1.217s] Level 1:colcon.colcon_core.environment:checking '/home/jack/work/install/realsense2_camera_msgs/bin'
[1.217s] Level 1:colcon.colcon_core.environment:checking '/home/jack/work/install/realsense2_camera_msgs/lib/pkgconfig/realsense2_camera_msgs.pc'
[1.217s] Level 1:colcon.colcon_core.environment:checking '/home/jack/work/install/realsense2_camera_msgs/lib/python3.10/site-packages'
[1.217s] Level 1:colcon.colcon_core.environment:checking '/home/jack/work/install/realsense2_camera_msgs/bin'
[1.218s] INFO:colcon.colcon_core.shell:Creating package script '/home/jack/work/install/realsense2_camera_msgs/share/realsense2_camera_msgs/package.ps1'
[1.222s] INFO:colcon.colcon_core.shell:Creating package descriptor '/home/jack/work/install/realsense2_camera_msgs/share/realsense2_camera_msgs/package.dsv'
[1.222s] INFO:colcon.colcon_core.shell:Creating package script '/home/jack/work/install/realsense2_camera_msgs/share/realsense2_camera_msgs/package.sh'
[1.223s] INFO:colcon.colcon_core.shell:Creating package script '/home/jack/work/install/realsense2_camera_msgs/share/realsense2_camera_msgs/package.bash'
[1.223s] INFO:colcon.colcon_core.shell:Creating package script '/home/jack/work/install/realsense2_camera_msgs/share/realsense2_camera_msgs/package.zsh'
[1.224s] Level 1:colcon.colcon_core.environment:create_file_with_runtime_dependencies(/home/jack/work/install/realsense2_camera_msgs/share/colcon-core/packages/realsense2_camera_msgs)
[1.228s] Level 1:colcon.colcon_core.environment:create_environment_scripts_only(realsense2_camera_msgs)
[1.228s] Level 1:colcon.colcon_core.environment:checking '/home/jack/work/install/realsense2_camera_msgs' for CMake module files
[1.232s] Level 1:colcon.colcon_core.environment:checking '/home/jack/work/install/realsense2_camera_msgs' for CMake config files
[1.232s] Level 1:colcon.colcon_core.shell:create_environment_hook('realsense2_camera_msgs', 'cmake_prefix_path')
[1.233s] INFO:colcon.colcon_core.shell:Creating environment hook '/home/jack/work/install/realsense2_camera_msgs/share/realsense2_camera_msgs/hook/cmake_prefix_path.ps1'
[1.233s] INFO:colcon.colcon_core.shell:Creating environment descriptor '/home/jack/work/install/realsense2_camera_msgs/share/realsense2_camera_msgs/hook/cmake_prefix_path.dsv'
[1.233s] INFO:colcon.colcon_core.shell:Creating environment hook '/home/jack/work/install/realsense2_camera_msgs/share/realsense2_camera_msgs/hook/cmake_prefix_path.sh'
[1.234s] Level 1:colcon.colcon_core.environment:checking '/home/jack/work/install/realsense2_camera_msgs/lib'
[1.234s] Level 1:colcon.colcon_core.shell:create_environment_hook('realsense2_camera_msgs', 'ld_library_path_lib')
[1.234s] INFO:colcon.colcon_core.shell:Creating environment hook '/home/jack/work/install/realsense2_camera_msgs/share/realsense2_camera_msgs/hook/ld_library_path_lib.ps1'
[1.234s] INFO:colcon.colcon_core.shell:Creating environment descriptor '/home/jack/work/install/realsense2_camera_msgs/share/realsense2_camera_msgs/hook/ld_library_path_lib.dsv'
[1.235s] INFO:colcon.colcon_core.shell:Creating environment hook '/home/jack/work/install/realsense2_camera_msgs/share/realsense2_camera_msgs/hook/ld_library_path_lib.sh'
[1.235s] Level 1:colcon.colcon_core.environment:checking '/home/jack/work/install/realsense2_camera_msgs/bin'
[1.235s] Level 1:colcon.colcon_core.environment:checking '/home/jack/work/install/realsense2_camera_msgs/lib/pkgconfig/realsense2_camera_msgs.pc'
[1.235s] Level 1:colcon.colcon_core.environment:checking '/home/jack/work/install/realsense2_camera_msgs/lib/python3.10/site-packages'
[1.235s] Level 1:colcon.colcon_core.environment:checking '/home/jack/work/install/realsense2_camera_msgs/bin'
[1.236s] INFO:colcon.colcon_core.shell:Creating package script '/home/jack/work/install/realsense2_camera_msgs/share/realsense2_camera_msgs/package.ps1'
[1.236s] INFO:colcon.colcon_core.shell:Creating package descriptor '/home/jack/work/install/realsense2_camera_msgs/share/realsense2_camera_msgs/package.dsv'
[1.238s] INFO:colcon.colcon_core.shell:Creating package script '/home/jack/work/install/realsense2_camera_msgs/share/realsense2_camera_msgs/package.sh'
[1.239s] INFO:colcon.colcon_core.shell:Creating package script '/home/jack/work/install/realsense2_camera_msgs/share/realsense2_camera_msgs/package.bash'
[1.239s] INFO:colcon.colcon_core.shell:Creating package script '/home/jack/work/install/realsense2_camera_msgs/share/realsense2_camera_msgs/package.zsh'
[1.239s] Level 1:colcon.colcon_core.environment:create_file_with_runtime_dependencies(/home/jack/work/install/realsense2_camera_msgs/share/colcon-core/packages/realsense2_camera_msgs)
[1.240s] INFO:colcon.colcon_ros.task.ament_cmake.build:Building ROS package in '/home/jack/work/src/pool/realsense-ros/realsense2_camera' with build type 'ament_cmake'
[1.240s] INFO:colcon.colcon_cmake.task.cmake.build:Building CMake package in '/home/jack/work/src/pool/realsense-ros/realsense2_camera'
[1.241s] INFO:colcon.colcon_core.shell:Skip shell extension 'powershell' for command environment: Not usable outside of PowerShell
[1.241s] DEBUG:colcon.colcon_core.shell:Skip shell extension 'dsv' for command environment
[1.244s] INFO:colcon.colcon_ros.task.ament_cmake.build:Building ROS package in '/home/jack/work/src/pool/realsense-ros/realsense2_description' with build type 'ament_cmake'
[1.245s] INFO:colcon.colcon_cmake.task.cmake.build:Building CMake package in '/home/jack/work/src/pool/realsense-ros/realsense2_description'
[1.245s] INFO:colcon.colcon_core.shell:Skip shell extension 'powershell' for command environment: Not usable outside of PowerShell
[1.245s] DEBUG:colcon.colcon_core.shell:Skip shell extension 'dsv' for command environment
[1.256s] Level 1:colcon.colcon_core.environment:create_environment_scripts_only(detect_interface)
[1.257s] DEBUG:colcon.colcon_core.event_handler.log_command:Invoked command in '/home/jack/work/build/detect_interface' returned '0': CMAKE_PREFIX_PATH=${CMAKE_PREFIX_PATH}:/home/jack/work/install/yolov7_obj_detect:/home/jack/work/install/hiwin_example:/home/jack/work/install/hiwin_control:/home/jack/work/install/center:/opt/ros/humble /usr/bin/cmake --install /home/jack/work/build/detect_interface
[1.257s] Level 1:colcon.colcon_core.environment:checking '/home/jack/work/install/detect_interface' for CMake module files
[1.258s] Level 1:colcon.colcon_core.environment:checking '/home/jack/work/install/detect_interface' for CMake config files
[1.258s] Level 1:colcon.colcon_core.shell:create_environment_hook('detect_interface', 'cmake_prefix_path')
[1.258s] INFO:colcon.colcon_core.shell:Creating environment hook '/home/jack/work/install/detect_interface/share/detect_interface/hook/cmake_prefix_path.ps1'
[1.259s] INFO:colcon.colcon_core.shell:Creating environment descriptor '/home/jack/work/install/detect_interface/share/detect_interface/hook/cmake_prefix_path.dsv'
[1.259s] INFO:colcon.colcon_core.shell:Creating environment hook '/home/jack/work/install/detect_interface/share/detect_interface/hook/cmake_prefix_path.sh'
[1.259s] Level 1:colcon.colcon_core.environment:checking '/home/jack/work/install/detect_interface/lib'
[1.259s] Level 1:colcon.colcon_core.shell:create_environment_hook('detect_interface', 'ld_library_path_lib')
[1.260s] INFO:colcon.colcon_core.shell:Creating environment hook '/home/jack/work/install/detect_interface/share/detect_interface/hook/ld_library_path_lib.ps1'
[1.260s] INFO:colcon.colcon_core.shell:Creating environment descriptor '/home/jack/work/install/detect_interface/share/detect_interface/hook/ld_library_path_lib.dsv'
[1.260s] INFO:colcon.colcon_core.shell:Creating environment hook '/home/jack/work/install/detect_interface/share/detect_interface/hook/ld_library_path_lib.sh'
[1.260s] Level 1:colcon.colcon_core.environment:checking '/home/jack/work/install/detect_interface/bin'
[1.260s] Level 1:colcon.colcon_core.environment:checking '/home/jack/work/install/detect_interface/lib/pkgconfig/detect_interface.pc'
[1.261s] Level 1:colcon.colcon_core.environment:checking '/home/jack/work/install/detect_interface/lib/python3.10/site-packages'
[1.261s] Level 1:colcon.colcon_core.environment:checking '/home/jack/work/install/detect_interface/bin'
[1.261s] INFO:colcon.colcon_core.shell:Creating package script '/home/jack/work/install/detect_interface/share/detect_interface/package.ps1'
[1.262s] INFO:colcon.colcon_core.shell:Creating package descriptor '/home/jack/work/install/detect_interface/share/detect_interface/package.dsv'
[1.262s] INFO:colcon.colcon_core.shell:Creating package script '/home/jack/work/install/detect_interface/share/detect_interface/package.sh'
[1.262s] INFO:colcon.colcon_core.shell:Creating package script '/home/jack/work/install/detect_interface/share/detect_interface/package.bash'
[1.263s] INFO:colcon.colcon_core.shell:Creating package script '/home/jack/work/install/detect_interface/share/detect_interface/package.zsh'
[1.264s] Level 1:colcon.colcon_core.environment:create_file_with_runtime_dependencies(/home/jack/work/install/detect_interface/share/colcon-core/packages/detect_interface)
[1.264s] Level 1:colcon.colcon_core.environment:create_environment_scripts_only(detect_interface)
[1.264s] Level 1:colcon.colcon_core.environment:checking '/home/jack/work/install/detect_interface' for CMake module files
[1.265s] Level 1:colcon.colcon_core.environment:checking '/home/jack/work/install/detect_interface' for CMake config files
[1.265s] Level 1:colcon.colcon_core.shell:create_environment_hook('detect_interface', 'cmake_prefix_path')
[1.265s] INFO:colcon.colcon_core.shell:Creating environment hook '/home/jack/work/install/detect_interface/share/detect_interface/hook/cmake_prefix_path.ps1'
[1.266s] INFO:colcon.colcon_core.shell:Creating environment descriptor '/home/jack/work/install/detect_interface/share/detect_interface/hook/cmake_prefix_path.dsv'
[1.266s] INFO:colcon.colcon_core.shell:Creating environment hook '/home/jack/work/install/detect_interface/share/detect_interface/hook/cmake_prefix_path.sh'
[1.266s] Level 1:colcon.colcon_core.environment:checking '/home/jack/work/install/detect_interface/lib'
[1.266s] Level 1:colcon.colcon_core.shell:create_environment_hook('detect_interface', 'ld_library_path_lib')
[1.266s] INFO:colcon.colcon_core.shell:Creating environment hook '/home/jack/work/install/detect_interface/share/detect_interface/hook/ld_library_path_lib.ps1'
[1.267s] INFO:colcon.colcon_core.shell:Creating environment descriptor '/home/jack/work/install/detect_interface/share/detect_interface/hook/ld_library_path_lib.dsv'
[1.267s] INFO:colcon.colcon_core.shell:Creating environment hook '/home/jack/work/install/detect_interface/share/detect_interface/hook/ld_library_path_lib.sh'
[1.267s] Level 1:colcon.colcon_core.environment:checking '/home/jack/work/install/detect_interface/bin'
[1.267s] Level 1:colcon.colcon_core.environment:checking '/home/jack/work/install/detect_interface/lib/pkgconfig/detect_interface.pc'
[1.268s] Level 1:colcon.colcon_core.environment:checking '/home/jack/work/install/detect_interface/lib/python3.10/site-packages'
[1.268s] Level 1:colcon.colcon_core.environment:checking '/home/jack/work/install/detect_interface/bin'
[1.268s] INFO:colcon.colcon_core.shell:Creating package script '/home/jack/work/install/detect_interface/share/detect_interface/package.ps1'
[1.269s] INFO:colcon.colcon_core.shell:Creating package descriptor '/home/jack/work/install/detect_interface/share/detect_interface/package.dsv'
[1.269s] INFO:colcon.colcon_core.shell:Creating package script '/home/jack/work/install/detect_interface/share/detect_interface/package.sh'
[1.270s] INFO:colcon.colcon_core.shell:Creating package script '/home/jack/work/install/detect_interface/share/detect_interface/package.bash'
[1.270s] INFO:colcon.colcon_core.shell:Creating package script '/home/jack/work/install/detect_interface/share/detect_interface/package.zsh'
[1.270s] Level 1:colcon.colcon_core.environment:create_file_with_runtime_dependencies(/home/jack/work/install/detect_interface/share/colcon-core/packages/detect_interface)
[1.271s] INFO:colcon.colcon_ros.task.ament_python.build:Building ROS package in '/home/jack/work/src/pool/center' with build type 'ament_python'
[1.271s] Level 1:colcon.colcon_core.shell:create_environment_hook('center', 'ament_prefix_path')
[1.271s] INFO:colcon.colcon_core.shell:Creating environment hook '/home/jack/work/install/center/share/center/hook/ament_prefix_path.ps1'
[1.272s] INFO:colcon.colcon_core.shell:Creating environment descriptor '/home/jack/work/install/center/share/center/hook/ament_prefix_path.dsv'
[1.272s] INFO:colcon.colcon_core.shell:Creating environment hook '/home/jack/work/install/center/share/center/hook/ament_prefix_path.sh'
[1.273s] INFO:colcon.colcon_core.shell:Skip shell extension 'powershell' for command environment: Not usable outside of PowerShell
[1.273s] DEBUG:colcon.colcon_core.shell:Skip shell extension 'dsv' for command environment
[1.276s] INFO:colcon.colcon_ros.task.ament_python.build:Building ROS package in '/home/jack/work/src/hiwin_control' with build type 'ament_python'
[1.276s] Level 1:colcon.colcon_core.shell:create_environment_hook('hiwin_control', 'ament_prefix_path')
[1.276s] INFO:colcon.colcon_core.shell:Creating environment hook '/home/jack/work/install/hiwin_control/share/hiwin_control/hook/ament_prefix_path.ps1'
[1.277s] INFO:colcon.colcon_core.shell:Creating environment descriptor '/home/jack/work/install/hiwin_control/share/hiwin_control/hook/ament_prefix_path.dsv'
[1.277s] INFO:colcon.colcon_core.shell:Creating environment hook '/home/jack/work/install/hiwin_control/share/hiwin_control/hook/ament_prefix_path.sh'
[1.278s] INFO:colcon.colcon_core.shell:Skip shell extension 'powershell' for command environment: Not usable outside of PowerShell
[1.278s] DEBUG:colcon.colcon_core.shell:Skip shell extension 'dsv' for command environment
[1.281s] INFO:colcon.colcon_ros.task.ament_python.build:Building ROS package in '/home/jack/work/src/pool/detect/yolov7_obj_detect' with build type 'ament_python'
[1.282s] Level 1:colcon.colcon_core.shell:create_environment_hook('yolov7_obj_detect', 'ament_prefix_path')
[1.282s] INFO:colcon.colcon_core.shell:Creating environment hook '/home/jack/work/install/yolov7_obj_detect/share/yolov7_obj_detect/hook/ament_prefix_path.ps1'
[1.282s] INFO:colcon.colcon_core.shell:Creating environment descriptor '/home/jack/work/install/yolov7_obj_detect/share/yolov7_obj_detect/hook/ament_prefix_path.dsv'
[1.283s] INFO:colcon.colcon_core.shell:Creating environment hook '/home/jack/work/install/yolov7_obj_detect/share/yolov7_obj_detect/hook/ament_prefix_path.sh'
[1.283s] INFO:colcon.colcon_core.shell:Skip shell extension 'powershell' for command environment: Not usable outside of PowerShell
[1.283s] DEBUG:colcon.colcon_core.shell:Skip shell extension 'dsv' for command environment
[1.288s] DEBUG:colcon.colcon_core.event_handler.log_command:Invoking command in '/home/jack/work/build/hiwin_libmodbus': CMAKE_PREFIX_PATH=/home/jack/work/install/hiwin_interfaces:/home/jack/work/install/realsense2_description:/home/jack/work/install/realsense2_camera:/home/jack/work/install/realsense2_camera_msgs:/home/jack/work/install/hiwin_service_client:/home/jack/work/install/hiwin_libmodbus:/home/jack/work/install/detect_interface:/home/jack/work/install/yolov7_obj_detect:/home/jack/work/install/hiwin_example:/home/jack/work/install/hiwin_control:/home/jack/work/install/center:/opt/ros/humble LD_LIBRARY_PATH=/home/jack/work/install/hiwin_interfaces/lib:/home/jack/work/install/realsense2_camera/lib:/home/jack/work/install/realsense2_camera_msgs/lib:/home/jack/work/install/hiwin_libmodbus/lib:/home/jack/work/install/detect_interface/lib:/opt/ros/humble/opt/rviz_ogre_vendor/lib:/opt/ros/humble/lib/x86_64-linux-gnu:/opt/ros/humble/lib:/usr/local/nvidia/lib:/usr/local/nvidia/lib64 /usr/bin/cmake --build /home/jack/work/build/hiwin_libmodbus -- -j16 -l16
[1.309s] DEBUG:colcon.colcon_core.event_handler.log_command:Invoking command in '/home/jack/work/build/realsense2_camera': CMAKE_PREFIX_PATH=/home/jack/work/install/realsense2_camera_msgs:/home/jack/work/install/realsense2_description:/home/jack/work/install/realsense2_camera:/home/jack/work/install/hiwin_service_client:/home/jack/work/install/hiwin_libmodbus:/home/jack/work/install/hiwin_interfaces:/home/jack/work/install/detect_interface:/home/jack/work/install/yolov7_obj_detect:/home/jack/work/install/hiwin_example:/home/jack/work/install/hiwin_control:/home/jack/work/install/center:/opt/ros/humble LD_LIBRARY_PATH=/home/jack/work/install/realsense2_camera_msgs/lib:/home/jack/work/install/realsense2_camera/lib:/home/jack/work/install/hiwin_libmodbus/lib:/home/jack/work/install/hiwin_interfaces/lib:/home/jack/work/install/detect_interface/lib:/opt/ros/humble/opt/rviz_ogre_vendor/lib:/opt/ros/humble/lib/x86_64-linux-gnu:/opt/ros/humble/lib:/usr/local/nvidia/lib:/usr/local/nvidia/lib64 /usr/bin/cmake --build /home/jack/work/build/realsense2_camera -- -j16 -l16
[1.309s] DEBUG:colcon.colcon_core.event_handler.log_command:Invoking command in '/home/jack/work/build/realsense2_description': CMAKE_PREFIX_PATH=/home/jack/work/install/realsense2_camera_msgs:/home/jack/work/install/realsense2_description:/home/jack/work/install/realsense2_camera:/home/jack/work/install/hiwin_service_client:/home/jack/work/install/hiwin_libmodbus:/home/jack/work/install/hiwin_interfaces:/home/jack/work/install/detect_interface:/home/jack/work/install/yolov7_obj_detect:/home/jack/work/install/hiwin_example:/home/jack/work/install/hiwin_control:/home/jack/work/install/center:/opt/ros/humble LD_LIBRARY_PATH=/home/jack/work/install/realsense2_camera_msgs/lib:/home/jack/work/install/realsense2_camera/lib:/home/jack/work/install/hiwin_libmodbus/lib:/home/jack/work/install/hiwin_interfaces/lib:/home/jack/work/install/detect_interface/lib:/opt/ros/humble/opt/rviz_ogre_vendor/lib:/opt/ros/humble/lib/x86_64-linux-gnu:/opt/ros/humble/lib:/usr/local/nvidia/lib:/usr/local/nvidia/lib64 /usr/bin/cmake --build /home/jack/work/build/realsense2_description -- -j16 -l16
[1.614s] INFO:colcon.colcon_core.task.python.build:Building Python package in '/home/jack/work/src/pool/center'
[1.615s] INFO:colcon.colcon_core.shell:Skip shell extension 'powershell' for command environment: Not usable outside of PowerShell
[1.615s] DEBUG:colcon.colcon_core.shell:Skip shell extension 'dsv' for command environment
[1.895s] INFO:colcon.colcon_core.task.python.build:Building Python package in '/home/jack/work/src/hiwin_control'
[1.895s] INFO:colcon.colcon_core.shell:Skip shell extension 'powershell' for command environment: Not usable outside of PowerShell
[1.895s] DEBUG:colcon.colcon_core.shell:Skip shell extension 'dsv' for command environment
[2.099s] INFO:colcon.colcon_core.task.python.build:Building Python package in '/home/jack/work/src/pool/detect/yolov7_obj_detect'
[2.099s] INFO:colcon.colcon_core.shell:Skip shell extension 'powershell' for command environment: Not usable outside of PowerShell
[2.099s] DEBUG:colcon.colcon_core.shell:Skip shell extension 'dsv' for command environment
[2.103s] DEBUG:colcon.colcon_core.event_handler.log_command:Invoked command in '/home/jack/work/build/realsense2_camera' returned '0': CMAKE_PREFIX_PATH=/home/jack/work/install/realsense2_camera_msgs:/home/jack/work/install/realsense2_description:/home/jack/work/install/realsense2_camera:/home/jack/work/install/hiwin_service_client:/home/jack/work/install/hiwin_libmodbus:/home/jack/work/install/hiwin_interfaces:/home/jack/work/install/detect_interface:/home/jack/work/install/yolov7_obj_detect:/home/jack/work/install/hiwin_example:/home/jack/work/install/hiwin_control:/home/jack/work/install/center:/opt/ros/humble LD_LIBRARY_PATH=/home/jack/work/install/realsense2_camera_msgs/lib:/home/jack/work/install/realsense2_camera/lib:/home/jack/work/install/hiwin_libmodbus/lib:/home/jack/work/install/hiwin_interfaces/lib:/home/jack/work/install/detect_interface/lib:/opt/ros/humble/opt/rviz_ogre_vendor/lib:/opt/ros/humble/lib/x86_64-linux-gnu:/opt/ros/humble/lib:/usr/local/nvidia/lib:/usr/local/nvidia/lib64 /usr/bin/cmake --build /home/jack/work/build/realsense2_camera -- -j16 -l16
[2.104s] DEBUG:colcon.colcon_core.event_handler.log_command:Invoking command in '/home/jack/work/build/realsense2_camera': CMAKE_PREFIX_PATH=/home/jack/work/install/realsense2_camera_msgs:/home/jack/work/install/realsense2_description:/home/jack/work/install/realsense2_camera:/home/jack/work/install/hiwin_service_client:/home/jack/work/install/hiwin_libmodbus:/home/jack/work/install/hiwin_interfaces:/home/jack/work/install/detect_interface:/home/jack/work/install/yolov7_obj_detect:/home/jack/work/install/hiwin_example:/home/jack/work/install/hiwin_control:/home/jack/work/install/center:/opt/ros/humble LD_LIBRARY_PATH=/home/jack/work/install/realsense2_camera_msgs/lib:/home/jack/work/install/realsense2_camera/lib:/home/jack/work/install/hiwin_libmodbus/lib:/home/jack/work/install/hiwin_interfaces/lib:/home/jack/work/install/detect_interface/lib:/opt/ros/humble/opt/rviz_ogre_vendor/lib:/opt/ros/humble/lib/x86_64-linux-gnu:/opt/ros/humble/lib:/usr/local/nvidia/lib:/usr/local/nvidia/lib64 /usr/bin/cmake --install /home/jack/work/build/realsense2_camera
[2.106s] DEBUG:colcon.colcon_core.event_handler.log_command:Invoked command in '/home/jack/work/build/realsense2_description' returned '0': CMAKE_PREFIX_PATH=/home/jack/work/install/realsense2_camera_msgs:/home/jack/work/install/realsense2_description:/home/jack/work/install/realsense2_camera:/home/jack/work/install/hiwin_service_client:/home/jack/work/install/hiwin_libmodbus:/home/jack/work/install/hiwin_interfaces:/home/jack/work/install/detect_interface:/home/jack/work/install/yolov7_obj_detect:/home/jack/work/install/hiwin_example:/home/jack/work/install/hiwin_control:/home/jack/work/install/center:/opt/ros/humble LD_LIBRARY_PATH=/home/jack/work/install/realsense2_camera_msgs/lib:/home/jack/work/install/realsense2_camera/lib:/home/jack/work/install/hiwin_libmodbus/lib:/home/jack/work/install/hiwin_interfaces/lib:/home/jack/work/install/detect_interface/lib:/opt/ros/humble/opt/rviz_ogre_vendor/lib:/opt/ros/humble/lib/x86_64-linux-gnu:/opt/ros/humble/lib:/usr/local/nvidia/lib:/usr/local/nvidia/lib64 /usr/bin/cmake --build /home/jack/work/build/realsense2_description -- -j16 -l16
[2.106s] DEBUG:colcon.colcon_core.event_handler.log_command:Invoking command in '/home/jack/work/build/realsense2_description': CMAKE_PREFIX_PATH=/home/jack/work/install/realsense2_camera_msgs:/home/jack/work/install/realsense2_description:/home/jack/work/install/realsense2_camera:/home/jack/work/install/hiwin_service_client:/home/jack/work/install/hiwin_libmodbus:/home/jack/work/install/hiwin_interfaces:/home/jack/work/install/detect_interface:/home/jack/work/install/yolov7_obj_detect:/home/jack/work/install/hiwin_example:/home/jack/work/install/hiwin_control:/home/jack/work/install/center:/opt/ros/humble LD_LIBRARY_PATH=/home/jack/work/install/realsense2_camera_msgs/lib:/home/jack/work/install/realsense2_camera/lib:/home/jack/work/install/hiwin_libmodbus/lib:/home/jack/work/install/hiwin_interfaces/lib:/home/jack/work/install/detect_interface/lib:/opt/ros/humble/opt/rviz_ogre_vendor/lib:/opt/ros/humble/lib/x86_64-linux-gnu:/opt/ros/humble/lib:/usr/local/nvidia/lib:/usr/local/nvidia/lib64 /usr/bin/cmake --install /home/jack/work/build/realsense2_description
[2.113s] DEBUG:colcon.colcon_core.event_handler.log_command:Invoking command in '/home/jack/work/src/Hiwin_libmodbus/hiwin_example': PYTHONPATH=/home/jack/work/build/hiwin_example/prefix_override:/usr/lib/python3/dist-packages/colcon_core/task/python/colcon_distutils_commands:/home/jack/work/install/hiwin_example/lib/python3.10/site-packages:${PYTHONPATH} /usr/bin/python3 -W ignore:setup.py install is deprecated -W ignore:easy_install command is deprecated setup.py egg_info --egg-base ../../../build/hiwin_example build --build-base /home/jack/work/build/hiwin_example/build install --record /home/jack/work/build/hiwin_example/install.log --single-version-externally-managed install_data
[2.113s] DEBUG:colcon.colcon_core.event_handler.log_command:Invoked command in '/home/jack/work/build/hiwin_libmodbus' returned '0': CMAKE_PREFIX_PATH=/home/jack/work/install/hiwin_interfaces:/home/jack/work/install/realsense2_description:/home/jack/work/install/realsense2_camera:/home/jack/work/install/realsense2_camera_msgs:/home/jack/work/install/hiwin_service_client:/home/jack/work/install/hiwin_libmodbus:/home/jack/work/install/detect_interface:/home/jack/work/install/yolov7_obj_detect:/home/jack/work/install/hiwin_example:/home/jack/work/install/hiwin_control:/home/jack/work/install/center:/opt/ros/humble LD_LIBRARY_PATH=/home/jack/work/install/hiwin_interfaces/lib:/home/jack/work/install/realsense2_camera/lib:/home/jack/work/install/realsense2_camera_msgs/lib:/home/jack/work/install/hiwin_libmodbus/lib:/home/jack/work/install/detect_interface/lib:/opt/ros/humble/opt/rviz_ogre_vendor/lib:/opt/ros/humble/lib/x86_64-linux-gnu:/opt/ros/humble/lib:/usr/local/nvidia/lib:/usr/local/nvidia/lib64 /usr/bin/cmake --build /home/jack/work/build/hiwin_libmodbus -- -j16 -l16
[2.115s] DEBUG:colcon.colcon_core.event_handler.log_command:Invoking command in '/home/jack/work/build/hiwin_libmodbus': CMAKE_PREFIX_PATH=/home/jack/work/install/hiwin_interfaces:/home/jack/work/install/realsense2_description:/home/jack/work/install/realsense2_camera:/home/jack/work/install/realsense2_camera_msgs:/home/jack/work/install/hiwin_service_client:/home/jack/work/install/hiwin_libmodbus:/home/jack/work/install/detect_interface:/home/jack/work/install/yolov7_obj_detect:/home/jack/work/install/hiwin_example:/home/jack/work/install/hiwin_control:/home/jack/work/install/center:/opt/ros/humble LD_LIBRARY_PATH=/home/jack/work/install/hiwin_interfaces/lib:/home/jack/work/install/realsense2_camera/lib:/home/jack/work/install/realsense2_camera_msgs/lib:/home/jack/work/install/hiwin_libmodbus/lib:/home/jack/work/install/detect_interface/lib:/opt/ros/humble/opt/rviz_ogre_vendor/lib:/opt/ros/humble/lib/x86_64-linux-gnu:/opt/ros/humble/lib:/usr/local/nvidia/lib:/usr/local/nvidia/lib64 /usr/bin/cmake --install /home/jack/work/build/hiwin_libmodbus
[2.158s] Level 1:colcon.colcon_core.environment:create_environment_scripts_only(realsense2_camera)
[2.159s] Level 1:colcon.colcon_core.environment:checking '/home/jack/work/install/realsense2_camera' for CMake module files
[2.163s] DEBUG:colcon.colcon_core.event_handler.log_command:Invoked command in '/home/jack/work/build/realsense2_camera' returned '0': CMAKE_PREFIX_PATH=/home/jack/work/install/realsense2_camera_msgs:/home/jack/work/install/realsense2_description:/home/jack/work/install/realsense2_camera:/home/jack/work/install/hiwin_service_client:/home/jack/work/install/hiwin_libmodbus:/home/jack/work/install/hiwin_interfaces:/home/jack/work/install/detect_interface:/home/jack/work/install/yolov7_obj_detect:/home/jack/work/install/hiwin_example:/home/jack/work/install/hiwin_control:/home/jack/work/install/center:/opt/ros/humble LD_LIBRARY_PATH=/home/jack/work/install/realsense2_camera_msgs/lib:/home/jack/work/install/realsense2_camera/lib:/home/jack/work/install/hiwin_libmodbus/lib:/home/jack/work/install/hiwin_interfaces/lib:/home/jack/work/install/detect_interface/lib:/opt/ros/humble/opt/rviz_ogre_vendor/lib:/opt/ros/humble/lib/x86_64-linux-gnu:/opt/ros/humble/lib:/usr/local/nvidia/lib:/usr/local/nvidia/lib64 /usr/bin/cmake --install /home/jack/work/build/realsense2_camera
[2.163s] Level 1:colcon.colcon_core.environment:checking '/home/jack/work/install/realsense2_camera' for CMake config files
[2.164s] Level 1:colcon.colcon_core.shell:create_environment_hook('realsense2_camera', 'cmake_prefix_path')
[2.164s] INFO:colcon.colcon_core.shell:Creating environment hook '/home/jack/work/install/realsense2_camera/share/realsense2_camera/hook/cmake_prefix_path.ps1'
[2.165s] INFO:colcon.colcon_core.shell:Creating environment descriptor '/home/jack/work/install/realsense2_camera/share/realsense2_camera/hook/cmake_prefix_path.dsv'
[2.166s] INFO:colcon.colcon_core.shell:Creating environment hook '/home/jack/work/install/realsense2_camera/share/realsense2_camera/hook/cmake_prefix_path.sh'
[2.166s] Level 1:colcon.colcon_core.environment:checking '/home/jack/work/install/realsense2_camera/lib'
[2.166s] Level 1:colcon.colcon_core.shell:create_environment_hook('realsense2_camera', 'ld_library_path_lib')
[2.167s] INFO:colcon.colcon_core.shell:Creating environment hook '/home/jack/work/install/realsense2_camera/share/realsense2_camera/hook/ld_library_path_lib.ps1'
[2.167s] INFO:colcon.colcon_core.shell:Creating environment descriptor '/home/jack/work/install/realsense2_camera/share/realsense2_camera/hook/ld_library_path_lib.dsv'
[2.171s] INFO:colcon.colcon_core.shell:Creating environment hook '/home/jack/work/install/realsense2_camera/share/realsense2_camera/hook/ld_library_path_lib.sh'
[2.172s] Level 1:colcon.colcon_core.environment:checking '/home/jack/work/install/realsense2_camera/bin'
[2.172s] Level 1:colcon.colcon_core.environment:checking '/home/jack/work/install/realsense2_camera/lib/pkgconfig/realsense2_camera.pc'
[2.172s] Level 1:colcon.colcon_core.environment:checking '/home/jack/work/install/realsense2_camera/lib/python3.10/site-packages'
[2.173s] Level 1:colcon.colcon_core.environment:checking '/home/jack/work/install/realsense2_camera/bin'
[2.173s] INFO:colcon.colcon_core.shell:Creating package script '/home/jack/work/install/realsense2_camera/share/realsense2_camera/package.ps1'
[2.177s] INFO:colcon.colcon_core.shell:Creating package descriptor '/home/jack/work/install/realsense2_camera/share/realsense2_camera/package.dsv'
[2.178s] INFO:colcon.colcon_core.shell:Creating package script '/home/jack/work/install/realsense2_camera/share/realsense2_camera/package.sh'
[2.178s] INFO:colcon.colcon_core.shell:Creating package script '/home/jack/work/install/realsense2_camera/share/realsense2_camera/package.bash'
[2.179s] INFO:colcon.colcon_core.shell:Creating package script '/home/jack/work/install/realsense2_camera/share/realsense2_camera/package.zsh'
[2.179s] Level 1:colcon.colcon_core.environment:create_file_with_runtime_dependencies(/home/jack/work/install/realsense2_camera/share/colcon-core/packages/realsense2_camera)
[2.183s] Level 1:colcon.colcon_core.environment:create_environment_scripts_only(realsense2_camera)
[2.184s] Level 1:colcon.colcon_core.environment:checking '/home/jack/work/install/realsense2_camera' for CMake module files
[2.184s] Level 1:colcon.colcon_core.environment:checking '/home/jack/work/install/realsense2_camera' for CMake config files
[2.185s] Level 1:colcon.colcon_core.shell:create_environment_hook('realsense2_camera', 'cmake_prefix_path')
[2.185s] INFO:colcon.colcon_core.shell:Creating environment hook '/home/jack/work/install/realsense2_camera/share/realsense2_camera/hook/cmake_prefix_path.ps1'
[2.189s] INFO:colcon.colcon_core.shell:Creating environment descriptor '/home/jack/work/install/realsense2_camera/share/realsense2_camera/hook/cmake_prefix_path.dsv'
[2.189s] INFO:colcon.colcon_core.shell:Creating environment hook '/home/jack/work/install/realsense2_camera/share/realsense2_camera/hook/cmake_prefix_path.sh'
[2.190s] Level 1:colcon.colcon_core.environment:checking '/home/jack/work/install/realsense2_camera/lib'
[2.190s] Level 1:colcon.colcon_core.shell:create_environment_hook('realsense2_camera', 'ld_library_path_lib')
[2.190s] INFO:colcon.colcon_core.shell:Creating environment hook '/home/jack/work/install/realsense2_camera/share/realsense2_camera/hook/ld_library_path_lib.ps1'
[2.191s] INFO:colcon.colcon_core.shell:Creating environment descriptor '/home/jack/work/install/realsense2_camera/share/realsense2_camera/hook/ld_library_path_lib.dsv'
[2.191s] INFO:colcon.colcon_core.shell:Creating environment hook '/home/jack/work/install/realsense2_camera/share/realsense2_camera/hook/ld_library_path_lib.sh'
[2.195s] Level 1:colcon.colcon_core.environment:checking '/home/jack/work/install/realsense2_camera/bin'
[2.195s] Level 1:colcon.colcon_core.environment:checking '/home/jack/work/install/realsense2_camera/lib/pkgconfig/realsense2_camera.pc'
[2.196s] Level 1:colcon.colcon_core.environment:checking '/home/jack/work/install/realsense2_camera/lib/python3.10/site-packages'
[2.196s] Level 1:colcon.colcon_core.environment:checking '/home/jack/work/install/realsense2_camera/bin'
[2.197s] INFO:colcon.colcon_core.shell:Creating package script '/home/jack/work/install/realsense2_camera/share/realsense2_camera/package.ps1'
[2.197s] INFO:colcon.colcon_core.shell:Creating package descriptor '/home/jack/work/install/realsense2_camera/share/realsense2_camera/package.dsv'
[2.198s] INFO:colcon.colcon_core.shell:Creating package script '/home/jack/work/install/realsense2_camera/share/realsense2_camera/package.sh'
[2.206s] INFO:colcon.colcon_core.shell:Creating package script '/home/jack/work/install/realsense2_camera/share/realsense2_camera/package.bash'
[2.208s] INFO:colcon.colcon_core.shell:Creating package script '/home/jack/work/install/realsense2_camera/share/realsense2_camera/package.zsh'
[2.208s] Level 1:colcon.colcon_core.environment:create_file_with_runtime_dependencies(/home/jack/work/install/realsense2_camera/share/colcon-core/packages/realsense2_camera)
[2.209s] Level 1:colcon.colcon_core.environment:create_environment_scripts_only(realsense2_description)
[2.209s] Level 1:colcon.colcon_core.environment:checking '/home/jack/work/install/realsense2_description' for CMake module files
[2.211s] DEBUG:colcon.colcon_core.event_handler.log_command:Invoked command in '/home/jack/work/build/realsense2_description' returned '0': CMAKE_PREFIX_PATH=/home/jack/work/install/realsense2_camera_msgs:/home/jack/work/install/realsense2_description:/home/jack/work/install/realsense2_camera:/home/jack/work/install/hiwin_service_client:/home/jack/work/install/hiwin_libmodbus:/home/jack/work/install/hiwin_interfaces:/home/jack/work/install/detect_interface:/home/jack/work/install/yolov7_obj_detect:/home/jack/work/install/hiwin_example:/home/jack/work/install/hiwin_control:/home/jack/work/install/center:/opt/ros/humble LD_LIBRARY_PATH=/home/jack/work/install/realsense2_camera_msgs/lib:/home/jack/work/install/realsense2_camera/lib:/home/jack/work/install/hiwin_libmodbus/lib:/home/jack/work/install/hiwin_interfaces/lib:/home/jack/work/install/detect_interface/lib:/opt/ros/humble/opt/rviz_ogre_vendor/lib:/opt/ros/humble/lib/x86_64-linux-gnu:/opt/ros/humble/lib:/usr/local/nvidia/lib:/usr/local/nvidia/lib64 /usr/bin/cmake --install /home/jack/work/build/realsense2_description
[2.212s] Level 1:colcon.colcon_core.environment:checking '/home/jack/work/install/realsense2_description' for CMake config files
[2.212s] Level 1:colcon.colcon_core.shell:create_environment_hook('realsense2_description', 'cmake_prefix_path')
[2.213s] INFO:colcon.colcon_core.shell:Creating environment hook '/home/jack/work/install/realsense2_description/share/realsense2_description/hook/cmake_prefix_path.ps1'
[2.213s] INFO:colcon.colcon_core.shell:Creating environment descriptor '/home/jack/work/install/realsense2_description/share/realsense2_description/hook/cmake_prefix_path.dsv'
[2.214s] INFO:colcon.colcon_core.shell:Creating environment hook '/home/jack/work/install/realsense2_description/share/realsense2_description/hook/cmake_prefix_path.sh'
[2.215s] Level 1:colcon.colcon_core.environment:checking '/home/jack/work/install/realsense2_description/bin'
[2.215s] Level 1:colcon.colcon_core.environment:checking '/home/jack/work/install/realsense2_description/lib/pkgconfig/realsense2_description.pc'
[2.215s] Level 1:colcon.colcon_core.environment:checking '/home/jack/work/install/realsense2_description/lib/python3.10/site-packages'
[2.218s] Level 1:colcon.colcon_core.environment:checking '/home/jack/work/install/realsense2_description/bin'
[2.219s] INFO:colcon.colcon_core.shell:Creating package script '/home/jack/work/install/realsense2_description/share/realsense2_description/package.ps1'
[2.220s] INFO:colcon.colcon_core.shell:Creating package descriptor '/home/jack/work/install/realsense2_description/share/realsense2_description/package.dsv'
[2.221s] INFO:colcon.colcon_core.shell:Creating package script '/home/jack/work/install/realsense2_description/share/realsense2_description/package.sh'
[2.221s] INFO:colcon.colcon_core.shell:Creating package script '/home/jack/work/install/realsense2_description/share/realsense2_description/package.bash'
[2.222s] INFO:colcon.colcon_core.shell:Creating package script '/home/jack/work/install/realsense2_description/share/realsense2_description/package.zsh'
[2.222s] Level 1:colcon.colcon_core.environment:create_file_with_runtime_dependencies(/home/jack/work/install/realsense2_description/share/colcon-core/packages/realsense2_description)
[2.226s] Level 1:colcon.colcon_core.environment:create_environment_scripts_only(realsense2_description)
[2.226s] Level 1:colcon.colcon_core.environment:checking '/home/jack/work/install/realsense2_description' for CMake module files
[2.227s] Level 1:colcon.colcon_core.environment:checking '/home/jack/work/install/realsense2_description' for CMake config files
[2.227s] Level 1:colcon.colcon_core.shell:create_environment_hook('realsense2_description', 'cmake_prefix_path')
[2.227s] INFO:colcon.colcon_core.shell:Creating environment hook '/home/jack/work/install/realsense2_description/share/realsense2_description/hook/cmake_prefix_path.ps1'
[2.228s] INFO:colcon.colcon_core.shell:Creating environment descriptor '/home/jack/work/install/realsense2_description/share/realsense2_description/hook/cmake_prefix_path.dsv'
[2.231s] INFO:colcon.colcon_core.shell:Creating environment hook '/home/jack/work/install/realsense2_description/share/realsense2_description/hook/cmake_prefix_path.sh'
[2.232s] Level 1:colcon.colcon_core.environment:checking '/home/jack/work/install/realsense2_description/bin'
[2.232s] Level 1:colcon.colcon_core.environment:checking '/home/jack/work/install/realsense2_description/lib/pkgconfig/realsense2_description.pc'
[2.233s] Level 1:colcon.colcon_core.environment:checking '/home/jack/work/install/realsense2_description/lib/python3.10/site-packages'
[2.233s] Level 1:colcon.colcon_core.environment:checking '/home/jack/work/install/realsense2_description/bin'
[2.233s] INFO:colcon.colcon_core.shell:Creating package script '/home/jack/work/install/realsense2_description/share/realsense2_description/package.ps1'
[2.234s] INFO:colcon.colcon_core.shell:Creating package descriptor '/home/jack/work/install/realsense2_description/share/realsense2_description/package.dsv'
[2.238s] INFO:colcon.colcon_core.shell:Creating package script '/home/jack/work/install/realsense2_description/share/realsense2_description/package.sh'
[2.238s] INFO:colcon.colcon_core.shell:Creating package script '/home/jack/work/install/realsense2_description/share/realsense2_description/package.bash'
[2.239s] INFO:colcon.colcon_core.shell:Creating package script '/home/jack/work/install/realsense2_description/share/realsense2_description/package.zsh'
[2.240s] Level 1:colcon.colcon_core.environment:create_file_with_runtime_dependencies(/home/jack/work/install/realsense2_description/share/colcon-core/packages/realsense2_description)
[2.244s] Level 1:colcon.colcon_core.environment:create_environment_scripts_only(hiwin_libmodbus)
[2.245s] Level 1:colcon.colcon_core.environment:checking '/home/jack/work/install/hiwin_libmodbus' for CMake module files
[2.248s] Level 1:colcon.colcon_core.environment:checking '/home/jack/work/install/hiwin_libmodbus' for CMake config files
[2.249s] Level 1:colcon.colcon_core.shell:create_environment_hook('hiwin_libmodbus', 'cmake_prefix_path')
[2.249s] INFO:colcon.colcon_core.shell:Creating environment hook '/home/jack/work/install/hiwin_libmodbus/share/hiwin_libmodbus/hook/cmake_prefix_path.ps1'
[2.250s] INFO:colcon.colcon_core.shell:Creating environment descriptor '/home/jack/work/install/hiwin_libmodbus/share/hiwin_libmodbus/hook/cmake_prefix_path.dsv'
[2.250s] INFO:colcon.colcon_core.shell:Creating environment hook '/home/jack/work/install/hiwin_libmodbus/share/hiwin_libmodbus/hook/cmake_prefix_path.sh'
[2.245s] DEBUG:colcon.colcon_core.event_handler.log_command:Invoked command in '/home/jack/work/build/hiwin_libmodbus' returned '0': CMAKE_PREFIX_PATH=/home/jack/work/install/hiwin_interfaces:/home/jack/work/install/realsense2_description:/home/jack/work/install/realsense2_camera:/home/jack/work/install/realsense2_camera_msgs:/home/jack/work/install/hiwin_service_client:/home/jack/work/install/hiwin_libmodbus:/home/jack/work/install/detect_interface:/home/jack/work/install/yolov7_obj_detect:/home/jack/work/install/hiwin_example:/home/jack/work/install/hiwin_control:/home/jack/work/install/center:/opt/ros/humble LD_LIBRARY_PATH=/home/jack/work/install/hiwin_interfaces/lib:/home/jack/work/install/realsense2_camera/lib:/home/jack/work/install/realsense2_camera_msgs/lib:/home/jack/work/install/hiwin_libmodbus/lib:/home/jack/work/install/detect_interface/lib:/opt/ros/humble/opt/rviz_ogre_vendor/lib:/opt/ros/humble/lib/x86_64-linux-gnu:/opt/ros/humble/lib:/usr/local/nvidia/lib:/usr/local/nvidia/lib64 /usr/bin/cmake --install /home/jack/work/build/hiwin_libmodbus
[2.254s] Level 1:colcon.colcon_core.environment:checking '/home/jack/work/install/hiwin_libmodbus/lib'
[2.254s] Level 1:colcon.colcon_core.shell:create_environment_hook('hiwin_libmodbus', 'ld_library_path_lib')
[2.254s] INFO:colcon.colcon_core.shell:Creating environment hook '/home/jack/work/install/hiwin_libmodbus/share/hiwin_libmodbus/hook/ld_library_path_lib.ps1'
[2.255s] INFO:colcon.colcon_core.shell:Creating environment descriptor '/home/jack/work/install/hiwin_libmodbus/share/hiwin_libmodbus/hook/ld_library_path_lib.dsv'
[2.255s] INFO:colcon.colcon_core.shell:Creating environment hook '/home/jack/work/install/hiwin_libmodbus/share/hiwin_libmodbus/hook/ld_library_path_lib.sh'
[2.256s] Level 1:colcon.colcon_core.environment:checking '/home/jack/work/install/hiwin_libmodbus/bin'
[2.256s] Level 1:colcon.colcon_core.environment:checking '/home/jack/work/install/hiwin_libmodbus/lib/pkgconfig/hiwin_libmodbus.pc'
[2.256s] Level 1:colcon.colcon_core.environment:checking '/home/jack/work/install/hiwin_libmodbus/lib/python3.10/site-packages'
[2.260s] Level 1:colcon.colcon_core.environment:checking '/home/jack/work/install/hiwin_libmodbus/bin'
[2.261s] INFO:colcon.colcon_core.shell:Creating package script '/home/jack/work/install/hiwin_libmodbus/share/hiwin_libmodbus/package.ps1'
[2.262s] INFO:colcon.colcon_core.shell:Creating package descriptor '/home/jack/work/install/hiwin_libmodbus/share/hiwin_libmodbus/package.dsv'
[2.262s] INFO:colcon.colcon_core.shell:Creating package script '/home/jack/work/install/hiwin_libmodbus/share/hiwin_libmodbus/package.sh'
[2.266s] INFO:colcon.colcon_core.shell:Creating package script '/home/jack/work/install/hiwin_libmodbus/share/hiwin_libmodbus/package.bash'
[2.267s] INFO:colcon.colcon_core.shell:Creating package script '/home/jack/work/install/hiwin_libmodbus/share/hiwin_libmodbus/package.zsh'
[2.267s] Level 1:colcon.colcon_core.environment:create_file_with_runtime_dependencies(/home/jack/work/install/hiwin_libmodbus/share/colcon-core/packages/hiwin_libmodbus)
[2.268s] Level 1:colcon.colcon_core.environment:create_environment_scripts_only(hiwin_libmodbus)
[2.268s] Level 1:colcon.colcon_core.environment:checking '/home/jack/work/install/hiwin_libmodbus' for CMake module files
[2.269s] Level 1:colcon.colcon_core.environment:checking '/home/jack/work/install/hiwin_libmodbus' for CMake config files
[2.269s] Level 1:colcon.colcon_core.shell:create_environment_hook('hiwin_libmodbus', 'cmake_prefix_path')
[2.273s] INFO:colcon.colcon_core.shell:Creating environment hook '/home/jack/work/install/hiwin_libmodbus/share/hiwin_libmodbus/hook/cmake_prefix_path.ps1'
[2.273s] INFO:colcon.colcon_core.shell:Creating environment descriptor '/home/jack/work/install/hiwin_libmodbus/share/hiwin_libmodbus/hook/cmake_prefix_path.dsv'
[2.274s] INFO:colcon.colcon_core.shell:Creating environment hook '/home/jack/work/install/hiwin_libmodbus/share/hiwin_libmodbus/hook/cmake_prefix_path.sh'
[2.278s] Level 1:colcon.colcon_core.environment:checking '/home/jack/work/install/hiwin_libmodbus/lib'
[2.278s] Level 1:colcon.colcon_core.shell:create_environment_hook('hiwin_libmodbus', 'ld_library_path_lib')
[2.278s] INFO:colcon.colcon_core.shell:Creating environment hook '/home/jack/work/install/hiwin_libmodbus/share/hiwin_libmodbus/hook/ld_library_path_lib.ps1'
[2.279s] INFO:colcon.colcon_core.shell:Creating environment descriptor '/home/jack/work/install/hiwin_libmodbus/share/hiwin_libmodbus/hook/ld_library_path_lib.dsv'
[2.279s] INFO:colcon.colcon_core.shell:Creating environment hook '/home/jack/work/install/hiwin_libmodbus/share/hiwin_libmodbus/hook/ld_library_path_lib.sh'
[2.280s] Level 1:colcon.colcon_core.environment:checking '/home/jack/work/install/hiwin_libmodbus/bin'
[2.280s] Level 1:colcon.colcon_core.environment:checking '/home/jack/work/install/hiwin_libmodbus/lib/pkgconfig/hiwin_libmodbus.pc'
[2.280s] Level 1:colcon.colcon_core.environment:checking '/home/jack/work/install/hiwin_libmodbus/lib/python3.10/site-packages'
[2.284s] Level 1:colcon.colcon_core.environment:checking '/home/jack/work/install/hiwin_libmodbus/bin'
[2.284s] INFO:colcon.colcon_core.shell:Creating package script '/home/jack/work/install/hiwin_libmodbus/share/hiwin_libmodbus/package.ps1'
[2.285s] INFO:colcon.colcon_core.shell:Creating package descriptor '/home/jack/work/install/hiwin_libmodbus/share/hiwin_libmodbus/package.dsv'
[2.286s] INFO:colcon.colcon_core.shell:Creating package script '/home/jack/work/install/hiwin_libmodbus/share/hiwin_libmodbus/package.sh'
[2.287s] INFO:colcon.colcon_core.shell:Creating package script '/home/jack/work/install/hiwin_libmodbus/share/hiwin_libmodbus/package.bash'
[2.287s] INFO:colcon.colcon_core.shell:Creating package script '/home/jack/work/install/hiwin_libmodbus/share/hiwin_libmodbus/package.zsh'
[2.291s] Level 1:colcon.colcon_core.environment:create_file_with_runtime_dependencies(/home/jack/work/install/hiwin_libmodbus/share/colcon-core/packages/hiwin_libmodbus)
[2.291s] INFO:colcon.colcon_ros.task.ament_cmake.build:Building ROS package in '/home/jack/work/src/Hiwin_libmodbus/hiwin_service_client' with build type 'ament_cmake'
[2.291s] INFO:colcon.colcon_cmake.task.cmake.build:Building CMake package in '/home/jack/work/src/Hiwin_libmodbus/hiwin_service_client'
[2.292s] INFO:colcon.colcon_core.shell:Skip shell extension 'powershell' for command environment: Not usable outside of PowerShell
[2.292s] DEBUG:colcon.colcon_core.shell:Skip shell extension 'dsv' for command environment
[2.331s] DEBUG:colcon.colcon_core.event_handler.log_command:Invoking command in '/home/jack/work/build/hiwin_service_client': CMAKE_PREFIX_PATH=/home/jack/work/install/hiwin_libmodbus:/home/jack/work/install/hiwin_interfaces:/home/jack/work/install/realsense2_description:/home/jack/work/install/realsense2_camera:/home/jack/work/install/realsense2_camera_msgs:/home/jack/work/install/hiwin_service_client:/home/jack/work/install/detect_interface:/home/jack/work/install/yolov7_obj_detect:/home/jack/work/install/hiwin_example:/home/jack/work/install/hiwin_control:/home/jack/work/install/center:/opt/ros/humble LD_LIBRARY_PATH=/home/jack/work/install/hiwin_libmodbus/lib:/home/jack/work/install/hiwin_interfaces/lib:/home/jack/work/install/realsense2_camera/lib:/home/jack/work/install/realsense2_camera_msgs/lib:/home/jack/work/install/detect_interface/lib:/opt/ros/humble/opt/rviz_ogre_vendor/lib:/opt/ros/humble/lib/x86_64-linux-gnu:/opt/ros/humble/lib:/usr/local/nvidia/lib:/usr/local/nvidia/lib64 /usr/bin/cmake --build /home/jack/work/build/hiwin_service_client -- -j16 -l16
[2.433s] DEBUG:colcon.colcon_core.event_handler.log_command:Invoked command in '/home/jack/work/build/hiwin_service_client' returned '0': CMAKE_PREFIX_PATH=/home/jack/work/install/hiwin_libmodbus:/home/jack/work/install/hiwin_interfaces:/home/jack/work/install/realsense2_description:/home/jack/work/install/realsense2_camera:/home/jack/work/install/realsense2_camera_msgs:/home/jack/work/install/hiwin_service_client:/home/jack/work/install/detect_interface:/home/jack/work/install/yolov7_obj_detect:/home/jack/work/install/hiwin_example:/home/jack/work/install/hiwin_control:/home/jack/work/install/center:/opt/ros/humble LD_LIBRARY_PATH=/home/jack/work/install/hiwin_libmodbus/lib:/home/jack/work/install/hiwin_interfaces/lib:/home/jack/work/install/realsense2_camera/lib:/home/jack/work/install/realsense2_camera_msgs/lib:/home/jack/work/install/detect_interface/lib:/opt/ros/humble/opt/rviz_ogre_vendor/lib:/opt/ros/humble/lib/x86_64-linux-gnu:/opt/ros/humble/lib:/usr/local/nvidia/lib:/usr/local/nvidia/lib64 /usr/bin/cmake --build /home/jack/work/build/hiwin_service_client -- -j16 -l16
[2.437s] DEBUG:colcon.colcon_core.event_handler.log_command:Invoking command in '/home/jack/work/build/hiwin_service_client': CMAKE_PREFIX_PATH=/home/jack/work/install/hiwin_libmodbus:/home/jack/work/install/hiwin_interfaces:/home/jack/work/install/realsense2_description:/home/jack/work/install/realsense2_camera:/home/jack/work/install/realsense2_camera_msgs:/home/jack/work/install/hiwin_service_client:/home/jack/work/install/detect_interface:/home/jack/work/install/yolov7_obj_detect:/home/jack/work/install/hiwin_example:/home/jack/work/install/hiwin_control:/home/jack/work/install/center:/opt/ros/humble LD_LIBRARY_PATH=/home/jack/work/install/hiwin_libmodbus/lib:/home/jack/work/install/hiwin_interfaces/lib:/home/jack/work/install/realsense2_camera/lib:/home/jack/work/install/realsense2_camera_msgs/lib:/home/jack/work/install/detect_interface/lib:/opt/ros/humble/opt/rviz_ogre_vendor/lib:/opt/ros/humble/lib/x86_64-linux-gnu:/opt/ros/humble/lib:/usr/local/nvidia/lib:/usr/local/nvidia/lib64 /usr/bin/cmake --install /home/jack/work/build/hiwin_service_client
[2.451s] Level 1:colcon.colcon_core.environment:create_environment_scripts_only(hiwin_service_client)
[2.451s] Level 1:colcon.colcon_core.environment:checking '/home/jack/work/install/hiwin_service_client' for CMake module files
[2.452s] DEBUG:colcon.colcon_core.event_handler.log_command:Invoked command in '/home/jack/work/build/hiwin_service_client' returned '0': CMAKE_PREFIX_PATH=/home/jack/work/install/hiwin_libmodbus:/home/jack/work/install/hiwin_interfaces:/home/jack/work/install/realsense2_description:/home/jack/work/install/realsense2_camera:/home/jack/work/install/realsense2_camera_msgs:/home/jack/work/install/hiwin_service_client:/home/jack/work/install/detect_interface:/home/jack/work/install/yolov7_obj_detect:/home/jack/work/install/hiwin_example:/home/jack/work/install/hiwin_control:/home/jack/work/install/center:/opt/ros/humble LD_LIBRARY_PATH=/home/jack/work/install/hiwin_libmodbus/lib:/home/jack/work/install/hiwin_interfaces/lib:/home/jack/work/install/realsense2_camera/lib:/home/jack/work/install/realsense2_camera_msgs/lib:/home/jack/work/install/detect_interface/lib:/opt/ros/humble/opt/rviz_ogre_vendor/lib:/opt/ros/humble/lib/x86_64-linux-gnu:/opt/ros/humble/lib:/usr/local/nvidia/lib:/usr/local/nvidia/lib64 /usr/bin/cmake --install /home/jack/work/build/hiwin_service_client
[2.452s] Level 1:colcon.colcon_core.environment:checking '/home/jack/work/install/hiwin_service_client' for CMake config files
[2.457s] Level 1:colcon.colcon_core.shell:create_environment_hook('hiwin_service_client', 'cmake_prefix_path')
[2.457s] INFO:colcon.colcon_core.shell:Creating environment hook '/home/jack/work/install/hiwin_service_client/share/hiwin_service_client/hook/cmake_prefix_path.ps1'
[2.458s] INFO:colcon.colcon_core.shell:Creating environment descriptor '/home/jack/work/install/hiwin_service_client/share/hiwin_service_client/hook/cmake_prefix_path.dsv'
[2.458s] INFO:colcon.colcon_core.shell:Creating environment hook '/home/jack/work/install/hiwin_service_client/share/hiwin_service_client/hook/cmake_prefix_path.sh'
[2.459s] Level 1:colcon.colcon_core.environment:checking '/home/jack/work/install/hiwin_service_client/bin'
[2.459s] Level 1:colcon.colcon_core.environment:checking '/home/jack/work/install/hiwin_service_client/lib/pkgconfig/hiwin_service_client.pc'
[2.459s] Level 1:colcon.colcon_core.environment:checking '/home/jack/work/install/hiwin_service_client/lib/python3.10/site-packages'
[2.460s] Level 1:colcon.colcon_core.environment:checking '/home/jack/work/install/hiwin_service_client/bin'
[2.460s] INFO:colcon.colcon_core.shell:Creating package script '/home/jack/work/install/hiwin_service_client/share/hiwin_service_client/package.ps1'
[2.464s] INFO:colcon.colcon_core.shell:Creating package descriptor '/home/jack/work/install/hiwin_service_client/share/hiwin_service_client/package.dsv'
[2.465s] INFO:colcon.colcon_core.shell:Creating package script '/home/jack/work/install/hiwin_service_client/share/hiwin_service_client/package.sh'
[2.465s] INFO:colcon.colcon_core.shell:Creating package script '/home/jack/work/install/hiwin_service_client/share/hiwin_service_client/package.bash'
[2.466s] INFO:colcon.colcon_core.shell:Creating package script '/home/jack/work/install/hiwin_service_client/share/hiwin_service_client/package.zsh'
[2.466s] Level 1:colcon.colcon_core.environment:create_file_with_runtime_dependencies(/home/jack/work/install/hiwin_service_client/share/colcon-core/packages/hiwin_service_client)
[2.470s] Level 1:colcon.colcon_core.environment:create_environment_scripts_only(hiwin_service_client)
[2.470s] Level 1:colcon.colcon_core.environment:checking '/home/jack/work/install/hiwin_service_client' for CMake module files
[2.471s] Level 1:colcon.colcon_core.environment:checking '/home/jack/work/install/hiwin_service_client' for CMake config files
[2.471s] Level 1:colcon.colcon_core.shell:create_environment_hook('hiwin_service_client', 'cmake_prefix_path')
[2.471s] INFO:colcon.colcon_core.shell:Creating environment hook '/home/jack/work/install/hiwin_service_client/share/hiwin_service_client/hook/cmake_prefix_path.ps1'
[2.472s] INFO:colcon.colcon_core.shell:Creating environment descriptor '/home/jack/work/install/hiwin_service_client/share/hiwin_service_client/hook/cmake_prefix_path.dsv'
[2.476s] INFO:colcon.colcon_core.shell:Creating environment hook '/home/jack/work/install/hiwin_service_client/share/hiwin_service_client/hook/cmake_prefix_path.sh'
[2.477s] Level 1:colcon.colcon_core.environment:checking '/home/jack/work/install/hiwin_service_client/bin'
[2.477s] Level 1:colcon.colcon_core.environment:checking '/home/jack/work/install/hiwin_service_client/lib/pkgconfig/hiwin_service_client.pc'
[2.477s] Level 1:colcon.colcon_core.environment:checking '/home/jack/work/install/hiwin_service_client/lib/python3.10/site-packages'
[2.478s] Level 1:colcon.colcon_core.environment:checking '/home/jack/work/install/hiwin_service_client/bin'
[2.481s] INFO:colcon.colcon_core.shell:Creating package script '/home/jack/work/install/hiwin_service_client/share/hiwin_service_client/package.ps1'
[2.482s] INFO:colcon.colcon_core.shell:Creating package descriptor '/home/jack/work/install/hiwin_service_client/share/hiwin_service_client/package.dsv'
[2.483s] INFO:colcon.colcon_core.shell:Creating package script '/home/jack/work/install/hiwin_service_client/share/hiwin_service_client/package.sh'
[2.484s] INFO:colcon.colcon_core.shell:Creating package script '/home/jack/work/install/hiwin_service_client/share/hiwin_service_client/package.bash'
[2.484s] INFO:colcon.colcon_core.shell:Creating package script '/home/jack/work/install/hiwin_service_client/share/hiwin_service_client/package.zsh'
[2.489s] Level 1:colcon.colcon_core.environment:create_file_with_runtime_dependencies(/home/jack/work/install/hiwin_service_client/share/colcon-core/packages/hiwin_service_client)
[2.659s] DEBUG:colcon.colcon_core.event_handler.log_command:Invoking command in '/home/jack/work/build/hiwin_control': CMAKE_PREFIX_PATH=/home/jack/work/install/detect_interface:/home/jack/work/install/realsense2_description:/home/jack/work/install/realsense2_camera:/home/jack/work/install/realsense2_camera_msgs:/home/jack/work/install/hiwin_service_client:/home/jack/work/install/hiwin_libmodbus:/home/jack/work/install/hiwin_interfaces LD_LIBRARY_PATH=/home/jack/work/install/detect_interface/lib:/home/jack/work/install/realsense2_camera/lib:/home/jack/work/install/realsense2_camera_msgs/lib:/home/jack/work/install/hiwin_libmodbus/lib:/home/jack/work/install/hiwin_interfaces/lib:/opt/ros/humble/opt/rviz_ogre_vendor/lib:/opt/ros/humble/lib/x86_64-linux-gnu:/opt/ros/humble/lib:/usr/local/nvidia/lib:/usr/local/nvidia/lib64 PYTHONPATH=/home/jack/work/build/hiwin_control/prefix_override:/usr/lib/python3/dist-packages/colcon_core/task/python/colcon_distutils_commands:/home/jack/work/install/hiwin_control/lib/python3.10/site-packages:${PYTHONPATH} /usr/bin/python3 -W ignore:setup.py install is deprecated -W ignore:easy_install command is deprecated setup.py develop --uninstall --editable --build-directory /home/jack/work/build/hiwin_control/build
[2.721s] DEBUG:colcon.colcon_core.event_handler.log_command:Invoking command in '/home/jack/work/src/pool/center': CMAKE_PREFIX_PATH=/home/jack/work/install/detect_interface:/home/jack/work/install/realsense2_description:/home/jack/work/install/realsense2_camera:/home/jack/work/install/realsense2_camera_msgs:/home/jack/work/install/hiwin_service_client:/home/jack/work/install/hiwin_libmodbus:/home/jack/work/install/hiwin_interfaces LD_LIBRARY_PATH=/home/jack/work/install/detect_interface/lib:/home/jack/work/install/realsense2_camera/lib:/home/jack/work/install/realsense2_camera_msgs/lib:/home/jack/work/install/hiwin_libmodbus/lib:/home/jack/work/install/hiwin_interfaces/lib:/opt/ros/humble/opt/rviz_ogre_vendor/lib:/opt/ros/humble/lib/x86_64-linux-gnu:/opt/ros/humble/lib:/usr/local/nvidia/lib:/usr/local/nvidia/lib64 PYTHONPATH=/home/jack/work/build/center/prefix_override:/usr/lib/python3/dist-packages/colcon_core/task/python/colcon_distutils_commands:/home/jack/work/install/center/lib/python3.10/site-packages:${PYTHONPATH} /usr/bin/python3 -W ignore:setup.py install is deprecated -W ignore:easy_install command is deprecated setup.py egg_info --egg-base ../../../build/center build --build-base /home/jack/work/build/center/build install --record /home/jack/work/build/center/install.log --single-version-externally-managed install_data
[2.875s] Level 1:colcon.colcon_core.environment:checking '/home/jack/work/install/hiwin_example' for CMake module files
[2.876s] Level 1:colcon.colcon_core.environment:checking '/home/jack/work/install/hiwin_example' for CMake config files
[2.876s] DEBUG:colcon.colcon_core.event_handler.log_command:Invoked command in '/home/jack/work/src/Hiwin_libmodbus/hiwin_example' returned '0': PYTHONPATH=/home/jack/work/build/hiwin_example/prefix_override:/usr/lib/python3/dist-packages/colcon_core/task/python/colcon_distutils_commands:/home/jack/work/install/hiwin_example/lib/python3.10/site-packages:${PYTHONPATH} /usr/bin/python3 -W ignore:setup.py install is deprecated -W ignore:easy_install command is deprecated setup.py egg_info --egg-base ../../../build/hiwin_example build --build-base /home/jack/work/build/hiwin_example/build install --record /home/jack/work/build/hiwin_example/install.log --single-version-externally-managed install_data
[2.889s] Level 1:colcon.colcon_core.environment:checking '/home/jack/work/install/hiwin_example/lib'
[2.889s] Level 1:colcon.colcon_core.environment:checking '/home/jack/work/install/hiwin_example/bin'
[2.889s] Level 1:colcon.colcon_core.environment:checking '/home/jack/work/install/hiwin_example/lib/pkgconfig/hiwin_example.pc'
[2.889s] Level 1:colcon.colcon_core.environment:checking '/home/jack/work/install/hiwin_example/lib/python3.10/site-packages'
[2.889s] Level 1:colcon.colcon_core.shell:create_environment_hook('hiwin_example', 'pythonpath')
[2.890s] INFO:colcon.colcon_core.shell:Creating environment hook '/home/jack/work/install/hiwin_example/share/hiwin_example/hook/pythonpath.ps1'
[2.890s] INFO:colcon.colcon_core.shell:Creating environment descriptor '/home/jack/work/install/hiwin_example/share/hiwin_example/hook/pythonpath.dsv'
[2.891s] INFO:colcon.colcon_core.shell:Creating environment hook '/home/jack/work/install/hiwin_example/share/hiwin_example/hook/pythonpath.sh'
[2.895s] Level 1:colcon.colcon_core.environment:checking '/home/jack/work/install/hiwin_example/bin'
[2.895s] Level 1:colcon.colcon_core.environment:create_environment_scripts_only(hiwin_example)
[2.896s] INFO:colcon.colcon_core.shell:Creating package script '/home/jack/work/install/hiwin_example/share/hiwin_example/package.ps1'
[2.897s] INFO:colcon.colcon_core.shell:Creating package descriptor '/home/jack/work/install/hiwin_example/share/hiwin_example/package.dsv'
[2.897s] INFO:colcon.colcon_core.shell:Creating package script '/home/jack/work/install/hiwin_example/share/hiwin_example/package.sh'
[2.901s] INFO:colcon.colcon_core.shell:Creating package script '/home/jack/work/install/hiwin_example/share/hiwin_example/package.bash'
[2.902s] INFO:colcon.colcon_core.shell:Creating package script '/home/jack/work/install/hiwin_example/share/hiwin_example/package.zsh'
[2.902s] Level 1:colcon.colcon_core.environment:create_file_with_runtime_dependencies(/home/jack/work/install/hiwin_example/share/colcon-core/packages/hiwin_example)
[2.907s] DEBUG:colcon.colcon_core.event_handler.log_command:Invoking command in '/home/jack/work/src/pool/detect/yolov7_obj_detect': CMAKE_PREFIX_PATH=/home/jack/work/install/detect_interface:/home/jack/work/install/realsense2_description:/home/jack/work/install/realsense2_camera:/home/jack/work/install/realsense2_camera_msgs:/home/jack/work/install/hiwin_service_client:/home/jack/work/install/hiwin_libmodbus:/home/jack/work/install/hiwin_interfaces LD_LIBRARY_PATH=/home/jack/work/install/detect_interface/lib:/home/jack/work/install/realsense2_camera/lib:/home/jack/work/install/realsense2_camera_msgs/lib:/home/jack/work/install/hiwin_libmodbus/lib:/home/jack/work/install/hiwin_interfaces/lib:/opt/ros/humble/opt/rviz_ogre_vendor/lib:/opt/ros/humble/lib/x86_64-linux-gnu:/opt/ros/humble/lib:/usr/local/nvidia/lib:/usr/local/nvidia/lib64 PYTHONPATH=/home/jack/work/build/yolov7_obj_detect/prefix_override:/usr/lib/python3/dist-packages/colcon_core/task/python/colcon_distutils_commands:/home/jack/work/install/yolov7_obj_detect/lib/python3.10/site-packages:${PYTHONPATH} /usr/bin/python3 -W ignore:setup.py install is deprecated -W ignore:easy_install command is deprecated setup.py egg_info --egg-base ../../../../build/yolov7_obj_detect build --build-base /home/jack/work/build/yolov7_obj_detect/build install --record /home/jack/work/build/yolov7_obj_detect/install.log --single-version-externally-managed install_data
[3.200s] DEBUG:colcon.colcon_core.event_handler.log_command:Invoked command in '/home/jack/work/build/hiwin_control' returned '0': CMAKE_PREFIX_PATH=/home/jack/work/install/detect_interface:/home/jack/work/install/realsense2_description:/home/jack/work/install/realsense2_camera:/home/jack/work/install/realsense2_camera_msgs:/home/jack/work/install/hiwin_service_client:/home/jack/work/install/hiwin_libmodbus:/home/jack/work/install/hiwin_interfaces LD_LIBRARY_PATH=/home/jack/work/install/detect_interface/lib:/home/jack/work/install/realsense2_camera/lib:/home/jack/work/install/realsense2_camera_msgs/lib:/home/jack/work/install/hiwin_libmodbus/lib:/home/jack/work/install/hiwin_interfaces/lib:/opt/ros/humble/opt/rviz_ogre_vendor/lib:/opt/ros/humble/lib/x86_64-linux-gnu:/opt/ros/humble/lib:/usr/local/nvidia/lib:/usr/local/nvidia/lib64 PYTHONPATH=/home/jack/work/build/hiwin_control/prefix_override:/usr/lib/python3/dist-packages/colcon_core/task/python/colcon_distutils_commands:/home/jack/work/install/hiwin_control/lib/python3.10/site-packages:${PYTHONPATH} /usr/bin/python3 -W ignore:setup.py install is deprecated -W ignore:easy_install command is deprecated setup.py develop --uninstall --editable --build-directory /home/jack/work/build/hiwin_control/build
[3.201s] DEBUG:colcon.colcon_core.event_handler.log_command:Invoking command in '/home/jack/work/src/hiwin_control': CMAKE_PREFIX_PATH=/home/jack/work/install/detect_interface:/home/jack/work/install/realsense2_description:/home/jack/work/install/realsense2_camera:/home/jack/work/install/realsense2_camera_msgs:/home/jack/work/install/hiwin_service_client:/home/jack/work/install/hiwin_libmodbus:/home/jack/work/install/hiwin_interfaces LD_LIBRARY_PATH=/home/jack/work/install/detect_interface/lib:/home/jack/work/install/realsense2_camera/lib:/home/jack/work/install/realsense2_camera_msgs/lib:/home/jack/work/install/hiwin_libmodbus/lib:/home/jack/work/install/hiwin_interfaces/lib:/opt/ros/humble/opt/rviz_ogre_vendor/lib:/opt/ros/humble/lib/x86_64-linux-gnu:/opt/ros/humble/lib:/usr/local/nvidia/lib:/usr/local/nvidia/lib64 PYTHONPATH=/home/jack/work/build/hiwin_control/prefix_override:/usr/lib/python3/dist-packages/colcon_core/task/python/colcon_distutils_commands:/home/jack/work/install/hiwin_control/lib/python3.10/site-packages:${PYTHONPATH} /usr/bin/python3 -W ignore:setup.py install is deprecated -W ignore:easy_install command is deprecated setup.py egg_info --egg-base ../../build/hiwin_control build --build-base /home/jack/work/build/hiwin_control/build install --record /home/jack/work/build/hiwin_control/install.log --single-version-externally-managed install_data --force
[3.449s] Level 1:colcon.colcon_core.environment:checking '/home/jack/work/install/center' for CMake module files
[3.450s] DEBUG:colcon.colcon_core.event_handler.log_command:Invoked command in '/home/jack/work/src/pool/center' returned '0': CMAKE_PREFIX_PATH=/home/jack/work/install/detect_interface:/home/jack/work/install/realsense2_description:/home/jack/work/install/realsense2_camera:/home/jack/work/install/realsense2_camera_msgs:/home/jack/work/install/hiwin_service_client:/home/jack/work/install/hiwin_libmodbus:/home/jack/work/install/hiwin_interfaces LD_LIBRARY_PATH=/home/jack/work/install/detect_interface/lib:/home/jack/work/install/realsense2_camera/lib:/home/jack/work/install/realsense2_camera_msgs/lib:/home/jack/work/install/hiwin_libmodbus/lib:/home/jack/work/install/hiwin_interfaces/lib:/opt/ros/humble/opt/rviz_ogre_vendor/lib:/opt/ros/humble/lib/x86_64-linux-gnu:/opt/ros/humble/lib:/usr/local/nvidia/lib:/usr/local/nvidia/lib64 PYTHONPATH=/home/jack/work/build/center/prefix_override:/usr/lib/python3/dist-packages/colcon_core/task/python/colcon_distutils_commands:/home/jack/work/install/center/lib/python3.10/site-packages:${PYTHONPATH} /usr/bin/python3 -W ignore:setup.py install is deprecated -W ignore:easy_install command is deprecated setup.py egg_info --egg-base ../../../build/center build --build-base /home/jack/work/build/center/build install --record /home/jack/work/build/center/install.log --single-version-externally-managed install_data
[3.450s] Level 1:colcon.colcon_core.environment:checking '/home/jack/work/install/center' for CMake config files
[3.455s] Level 1:colcon.colcon_core.environment:checking '/home/jack/work/install/center/lib'
[3.455s] Level 1:colcon.colcon_core.environment:checking '/home/jack/work/install/center/bin'
[3.455s] Level 1:colcon.colcon_core.environment:checking '/home/jack/work/install/center/lib/pkgconfig/center.pc'
[3.455s] Level 1:colcon.colcon_core.environment:checking '/home/jack/work/install/center/lib/python3.10/site-packages'
[3.455s] Level 1:colcon.colcon_core.shell:create_environment_hook('center', 'pythonpath')
[3.456s] INFO:colcon.colcon_core.shell:Creating environment hook '/home/jack/work/install/center/share/center/hook/pythonpath.ps1'
[3.456s] INFO:colcon.colcon_core.shell:Creating environment descriptor '/home/jack/work/install/center/share/center/hook/pythonpath.dsv'
[3.457s] INFO:colcon.colcon_core.shell:Creating environment hook '/home/jack/work/install/center/share/center/hook/pythonpath.sh'
[3.458s] Level 1:colcon.colcon_core.environment:checking '/home/jack/work/install/center/bin'
[3.458s] Level 1:colcon.colcon_core.environment:create_environment_scripts_only(center)
[3.458s] INFO:colcon.colcon_core.shell:Creating package script '/home/jack/work/install/center/share/center/package.ps1'
[3.459s] INFO:colcon.colcon_core.shell:Creating package descriptor '/home/jack/work/install/center/share/center/package.dsv'
[3.459s] INFO:colcon.colcon_core.shell:Creating package script '/home/jack/work/install/center/share/center/package.sh'
[3.460s] INFO:colcon.colcon_core.shell:Creating package script '/home/jack/work/install/center/share/center/package.bash'
[3.460s] INFO:colcon.colcon_core.shell:Creating package script '/home/jack/work/install/center/share/center/package.zsh'
[3.461s] Level 1:colcon.colcon_core.environment:create_file_with_runtime_dependencies(/home/jack/work/install/center/share/colcon-core/packages/center)
[3.859s] Level 1:colcon.colcon_core.environment:checking '/home/jack/work/install/yolov7_obj_detect' for CMake module files
[3.860s] DEBUG:colcon.colcon_core.event_handler.log_command:Invoked command in '/home/jack/work/src/pool/detect/yolov7_obj_detect' returned '0': CMAKE_PREFIX_PATH=/home/jack/work/install/detect_interface:/home/jack/work/install/realsense2_description:/home/jack/work/install/realsense2_camera:/home/jack/work/install/realsense2_camera_msgs:/home/jack/work/install/hiwin_service_client:/home/jack/work/install/hiwin_libmodbus:/home/jack/work/install/hiwin_interfaces LD_LIBRARY_PATH=/home/jack/work/install/detect_interface/lib:/home/jack/work/install/realsense2_camera/lib:/home/jack/work/install/realsense2_camera_msgs/lib:/home/jack/work/install/hiwin_libmodbus/lib:/home/jack/work/install/hiwin_interfaces/lib:/opt/ros/humble/opt/rviz_ogre_vendor/lib:/opt/ros/humble/lib/x86_64-linux-gnu:/opt/ros/humble/lib:/usr/local/nvidia/lib:/usr/local/nvidia/lib64 PYTHONPATH=/home/jack/work/build/yolov7_obj_detect/prefix_override:/usr/lib/python3/dist-packages/colcon_core/task/python/colcon_distutils_commands:/home/jack/work/install/yolov7_obj_detect/lib/python3.10/site-packages:${PYTHONPATH} /usr/bin/python3 -W ignore:setup.py install is deprecated -W ignore:easy_install command is deprecated setup.py egg_info --egg-base ../../../../build/yolov7_obj_detect build --build-base /home/jack/work/build/yolov7_obj_detect/build install --record /home/jack/work/build/yolov7_obj_detect/install.log --single-version-externally-managed install_data
[3.860s] Level 1:colcon.colcon_core.environment:checking '/home/jack/work/install/yolov7_obj_detect' for CMake config files
[3.875s] Level 1:colcon.colcon_core.environment:checking '/home/jack/work/install/yolov7_obj_detect/lib'
[3.875s] Level 1:colcon.colcon_core.environment:checking '/home/jack/work/install/yolov7_obj_detect/bin'
[3.875s] Level 1:colcon.colcon_core.environment:checking '/home/jack/work/install/yolov7_obj_detect/lib/pkgconfig/yolov7_obj_detect.pc'
[3.875s] Level 1:colcon.colcon_core.environment:checking '/home/jack/work/install/yolov7_obj_detect/lib/python3.10/site-packages'
[3.875s] Level 1:colcon.colcon_core.shell:create_environment_hook('yolov7_obj_detect', 'pythonpath')
[3.876s] INFO:colcon.colcon_core.shell:Creating environment hook '/home/jack/work/install/yolov7_obj_detect/share/yolov7_obj_detect/hook/pythonpath.ps1'
[3.877s] INFO:colcon.colcon_core.shell:Creating environment descriptor '/home/jack/work/install/yolov7_obj_detect/share/yolov7_obj_detect/hook/pythonpath.dsv'
[3.878s] INFO:colcon.colcon_core.shell:Creating environment hook '/home/jack/work/install/yolov7_obj_detect/share/yolov7_obj_detect/hook/pythonpath.sh'
[3.879s] Level 1:colcon.colcon_core.environment:checking '/home/jack/work/install/yolov7_obj_detect/bin'
[3.879s] Level 1:colcon.colcon_core.environment:create_environment_scripts_only(yolov7_obj_detect)
[3.880s] INFO:colcon.colcon_core.shell:Creating package script '/home/jack/work/install/yolov7_obj_detect/share/yolov7_obj_detect/package.ps1'
[3.880s] INFO:colcon.colcon_core.shell:Creating package descriptor '/home/jack/work/install/yolov7_obj_detect/share/yolov7_obj_detect/package.dsv'
[3.881s] INFO:colcon.colcon_core.shell:Creating package script '/home/jack/work/install/yolov7_obj_detect/share/yolov7_obj_detect/package.sh'
[3.881s] INFO:colcon.colcon_core.shell:Creating package script '/home/jack/work/install/yolov7_obj_detect/share/yolov7_obj_detect/package.bash'
[3.881s] INFO:colcon.colcon_core.shell:Creating package script '/home/jack/work/install/yolov7_obj_detect/share/yolov7_obj_detect/package.zsh'
[3.882s] Level 1:colcon.colcon_core.environment:create_file_with_runtime_dependencies(/home/jack/work/install/yolov7_obj_detect/share/colcon-core/packages/yolov7_obj_detect)
[3.910s] Level 1:colcon.colcon_core.environment:checking '/home/jack/work/install/hiwin_control' for CMake module files
[3.910s] DEBUG:colcon.colcon_core.event_handler.log_command:Invoked command in '/home/jack/work/src/hiwin_control' returned '0': CMAKE_PREFIX_PATH=/home/jack/work/install/detect_interface:/home/jack/work/install/realsense2_description:/home/jack/work/install/realsense2_camera:/home/jack/work/install/realsense2_camera_msgs:/home/jack/work/install/hiwin_service_client:/home/jack/work/install/hiwin_libmodbus:/home/jack/work/install/hiwin_interfaces LD_LIBRARY_PATH=/home/jack/work/install/detect_interface/lib:/home/jack/work/install/realsense2_camera/lib:/home/jack/work/install/realsense2_camera_msgs/lib:/home/jack/work/install/hiwin_libmodbus/lib:/home/jack/work/install/hiwin_interfaces/lib:/opt/ros/humble/opt/rviz_ogre_vendor/lib:/opt/ros/humble/lib/x86_64-linux-gnu:/opt/ros/humble/lib:/usr/local/nvidia/lib:/usr/local/nvidia/lib64 PYTHONPATH=/home/jack/work/build/hiwin_control/prefix_override:/usr/lib/python3/dist-packages/colcon_core/task/python/colcon_distutils_commands:/home/jack/work/install/hiwin_control/lib/python3.10/site-packages:${PYTHONPATH} /usr/bin/python3 -W ignore:setup.py install is deprecated -W ignore:easy_install command is deprecated setup.py egg_info --egg-base ../../build/hiwin_control build --build-base /home/jack/work/build/hiwin_control/build install --record /home/jack/work/build/hiwin_control/install.log --single-version-externally-managed install_data --force
[3.911s] Level 1:colcon.colcon_core.environment:checking '/home/jack/work/install/hiwin_control' for CMake config files
[3.911s] Level 1:colcon.colcon_core.environment:checking '/home/jack/work/install/hiwin_control/lib'
[3.911s] Level 1:colcon.colcon_core.environment:checking '/home/jack/work/install/hiwin_control/bin'
[3.911s] Level 1:colcon.colcon_core.environment:checking '/home/jack/work/install/hiwin_control/lib/pkgconfig/hiwin_control.pc'
[3.911s] Level 1:colcon.colcon_core.environment:checking '/home/jack/work/install/hiwin_control/lib/python3.10/site-packages'
[3.911s] Level 1:colcon.colcon_core.shell:create_environment_hook('hiwin_control', 'pythonpath')
[3.912s] INFO:colcon.colcon_core.shell:Creating environment hook '/home/jack/work/install/hiwin_control/share/hiwin_control/hook/pythonpath.ps1'
[3.912s] INFO:colcon.colcon_core.shell:Creating environment descriptor '/home/jack/work/install/hiwin_control/share/hiwin_control/hook/pythonpath.dsv'
[3.913s] INFO:colcon.colcon_core.shell:Creating environment hook '/home/jack/work/install/hiwin_control/share/hiwin_control/hook/pythonpath.sh'
[3.914s] Level 1:colcon.colcon_core.environment:checking '/home/jack/work/install/hiwin_control/bin'
[3.914s] Level 1:colcon.colcon_core.environment:create_environment_scripts_only(hiwin_control)
[3.914s] INFO:colcon.colcon_core.shell:Creating package script '/home/jack/work/install/hiwin_control/share/hiwin_control/package.ps1'
[3.914s] INFO:colcon.colcon_core.shell:Creating package descriptor '/home/jack/work/install/hiwin_control/share/hiwin_control/package.dsv'
[3.915s] INFO:colcon.colcon_core.shell:Creating package script '/home/jack/work/install/hiwin_control/share/hiwin_control/package.sh'
[3.915s] INFO:colcon.colcon_core.shell:Creating package script '/home/jack/work/install/hiwin_control/share/hiwin_control/package.bash'
[3.915s] INFO:colcon.colcon_core.shell:Creating package script '/home/jack/work/install/hiwin_control/share/hiwin_control/package.zsh'
[3.916s] Level 1:colcon.colcon_core.environment:create_file_with_runtime_dependencies(/home/jack/work/install/hiwin_control/share/colcon-core/packages/hiwin_control)
[3.916s] DEBUG:colcon.colcon_parallel_executor.executor.parallel:closing loop
[3.916s] DEBUG:colcon.colcon_parallel_executor.executor.parallel:loop closed
[3.916s] DEBUG:colcon.colcon_parallel_executor.executor.parallel:run_until_complete finished with '0'
[3.916s] DEBUG:colcon.colcon_core.event_reactor:joining thread
[3.921s] INFO:colcon.colcon_core.plugin_system:Skipping extension 'colcon_notification.desktop_notification.notify_send': Could not find 'notify-send'
[3.921s] INFO:colcon.colcon_core.plugin_system:Skipping extension 'colcon_notification.desktop_notification.terminal_notifier': Not used on non-Darwin systems
[3.921s] INFO:colcon.colcon_core.plugin_system:Skipping extension 'colcon_notification.desktop_notification.win32': Not used on non-Windows systems
[3.921s] INFO:colcon.colcon_notification.desktop_notification:Sending desktop notification using 'notify2'
[3.923s] DEBUG:colcon.colcon_notification.desktop_notification.notify2:Failed to initialize notify2: org.freedesktop.DBus.Error.Spawn.ExecFailed: /usr/bin/dbus-launch terminated abnormally without any error message
[3.924s] DEBUG:colcon.colcon_core.event_reactor:joined thread
[3.924s] INFO:colcon.colcon_core.shell:Creating prefix script '/home/jack/work/install/local_setup.ps1'
[3.926s] INFO:colcon.colcon_core.shell:Creating prefix util module '/home/jack/work/install/_local_setup_util_ps1.py'
[3.928s] INFO:colcon.colcon_core.shell:Creating prefix chain script '/home/jack/work/install/setup.ps1'
[3.930s] INFO:colcon.colcon_core.shell:Creating prefix script '/home/jack/work/install/local_setup.sh'
[3.930s] INFO:colcon.colcon_core.shell:Creating prefix util module '/home/jack/work/install/_local_setup_util_sh.py'
[3.930s] INFO:colcon.colcon_core.shell:Creating prefix chain script '/home/jack/work/install/setup.sh'
[3.932s] INFO:colcon.colcon_core.shell:Creating prefix script '/home/jack/work/install/local_setup.bash'
[3.933s] INFO:colcon.colcon_core.shell:Creating prefix chain script '/home/jack/work/install/setup.bash'
[3.934s] INFO:colcon.colcon_core.shell:Creating prefix script '/home/jack/work/install/local_setup.zsh'
[3.935s] INFO:colcon.colcon_core.shell:Creating prefix chain script '/home/jack/work/install/setup.zsh'
