[0.069s] DEBUG:colcon:Command line arguments: ['/usr/bin/colcon', 'build']
[0.069s] DEBUG:colcon:Parsed command line arguments: Namespace(log_base=None, log_level=None, verb_name='build', build_base='build', install_base='install', merge_install=False, symlink_install=False, test_result_base=None, continue_on_error=False, executor='parallel', parallel_workers=16, event_handlers=None, ignore_user_meta=False, metas=['./colcon.meta'], base_paths=['.'], packages_ignore=None, packages_ignore_regex=None, paths=None, packages_up_to=None, packages_up_to_regex=None, packages_above=None, packages_above_and_dependencies=None, packages_above_depth=None, packages_select_by_dep=None, packages_skip_by_dep=None, packages_skip_up_to=None, packages_select_build_failed=False, packages_skip_build_finished=False, packages_select_test_failures=False, packages_skip_test_passed=False, packages_select=None, packages_skip=None, packages_select_regex=None, packages_skip_regex=None, packages_start=None, packages_end=None, allow_overriding=[], cmake_args=None, cmake_target=None, cmake_target_skip_unavailable=False, cmake_clean_cache=False, cmake_clean_first=False, cmake_force_configure=False, ament_cmake_args=None, catkin_cmake_args=None, catkin_skip_building_tests=False, verb_parser=<colcon_defaults.argument_parser.defaults.DefaultArgumentsDecorator object at 0x79babe871210>, verb_extension=<colcon_core.verb.build.BuildVerb object at 0x79babe870c40>, main=<bound method BuildVerb.main of <colcon_core.verb.build.BuildVerb object at 0x79babe870c40>>)
[0.098s] Level 1:colcon.colcon_core.package_discovery:discover_packages(colcon_meta) check parameters
[0.098s] Level 1:colcon.colcon_core.package_discovery:discover_packages(recursive) check parameters
[0.098s] Level 1:colcon.colcon_core.package_discovery:discover_packages(ignore) check parameters
[0.098s] Level 1:colcon.colcon_core.package_discovery:discover_packages(path) check parameters
[0.098s] Level 1:colcon.colcon_core.package_discovery:discover_packages(colcon_meta) discover
[0.098s] Level 1:colcon.colcon_core.package_discovery:discover_packages(recursive) discover
[0.098s] INFO:colcon.colcon_core.package_discovery:Crawling recursively for packages in '/home/jack/work'
[0.098s] Level 1:colcon.colcon_core.package_identification:_identify(.) by extensions ['ignore', 'ignore_ament_install']
[0.098s] Level 1:colcon.colcon_core.package_identification:_identify(.) by extension 'ignore'
[0.098s] Level 1:colcon.colcon_core.package_identification:_identify(.) by extension 'ignore_ament_install'
[0.098s] Level 1:colcon.colcon_core.package_identification:_identify(.) by extensions ['colcon_pkg']
[0.098s] Level 1:colcon.colcon_core.package_identification:_identify(.) by extension 'colcon_pkg'
[0.098s] Level 1:colcon.colcon_core.package_identification:_identify(.) by extensions ['colcon_meta']
[0.098s] Level 1:colcon.colcon_core.package_identification:_identify(.) by extension 'colcon_meta'
[0.098s] Level 1:colcon.colcon_core.package_identification:_identify(.) by extensions ['ros']
[0.098s] Level 1:colcon.colcon_core.package_identification:_identify(.) by extension 'ros'
[0.109s] Level 1:colcon.colcon_core.package_identification:_identify(.) by extensions ['cmake', 'python']
[0.109s] Level 1:colcon.colcon_core.package_identification:_identify(.) by extension 'cmake'
[0.109s] Level 1:colcon.colcon_core.package_identification:_identify(.) by extension 'python'
[0.109s] Level 1:colcon.colcon_core.package_identification:_identify(.) by extensions ['python_setup_py']
[0.109s] Level 1:colcon.colcon_core.package_identification:_identify(.) by extension 'python_setup_py'
[0.110s] Level 1:colcon.colcon_core.package_identification:_identify(build) by extensions ['ignore', 'ignore_ament_install']
[0.110s] Level 1:colcon.colcon_core.package_identification:_identify(build) by extension 'ignore'
[0.110s] Level 1:colcon.colcon_core.package_identification:_identify(build) ignored
[0.110s] Level 1:colcon.colcon_core.package_identification:_identify(docker) by extensions ['ignore', 'ignore_ament_install']
[0.110s] Level 1:colcon.colcon_core.package_identification:_identify(docker) by extension 'ignore'
[0.110s] Level 1:colcon.colcon_core.package_identification:_identify(docker) by extension 'ignore_ament_install'
[0.110s] Level 1:colcon.colcon_core.package_identification:_identify(docker) by extensions ['colcon_pkg']
[0.110s] Level 1:colcon.colcon_core.package_identification:_identify(docker) by extension 'colcon_pkg'
[0.110s] Level 1:colcon.colcon_core.package_identification:_identify(docker) by extensions ['colcon_meta']
[0.110s] Level 1:colcon.colcon_core.package_identification:_identify(docker) by extension 'colcon_meta'
[0.110s] Level 1:colcon.colcon_core.package_identification:_identify(docker) by extensions ['ros']
[0.110s] Level 1:colcon.colcon_core.package_identification:_identify(docker) by extension 'ros'
[0.110s] Level 1:colcon.colcon_core.package_identification:_identify(docker) by extensions ['cmake', 'python']
[0.110s] Level 1:colcon.colcon_core.package_identification:_identify(docker) by extension 'cmake'
[0.110s] Level 1:colcon.colcon_core.package_identification:_identify(docker) by extension 'python'
[0.110s] Level 1:colcon.colcon_core.package_identification:_identify(docker) by extensions ['python_setup_py']
[0.110s] Level 1:colcon.colcon_core.package_identification:_identify(docker) by extension 'python_setup_py'
[0.110s] Level 1:colcon.colcon_core.package_identification:_identify(docker/compose) by extensions ['ignore', 'ignore_ament_install']
[0.110s] Level 1:colcon.colcon_core.package_identification:_identify(docker/compose) by extension 'ignore'
[0.110s] Level 1:colcon.colcon_core.package_identification:_identify(docker/compose) by extension 'ignore_ament_install'
[0.110s] Level 1:colcon.colcon_core.package_identification:_identify(docker/compose) by extensions ['colcon_pkg']
[0.110s] Level 1:colcon.colcon_core.package_identification:_identify(docker/compose) by extension 'colcon_pkg'
[0.110s] Level 1:colcon.colcon_core.package_identification:_identify(docker/compose) by extensions ['colcon_meta']
[0.110s] Level 1:colcon.colcon_core.package_identification:_identify(docker/compose) by extension 'colcon_meta'
[0.110s] Level 1:colcon.colcon_core.package_identification:_identify(docker/compose) by extensions ['ros']
[0.110s] Level 1:colcon.colcon_core.package_identification:_identify(docker/compose) by extension 'ros'
[0.110s] Level 1:colcon.colcon_core.package_identification:_identify(docker/compose) by extensions ['cmake', 'python']
[0.110s] Level 1:colcon.colcon_core.package_identification:_identify(docker/compose) by extension 'cmake'
[0.110s] Level 1:colcon.colcon_core.package_identification:_identify(docker/compose) by extension 'python'
[0.110s] Level 1:colcon.colcon_core.package_identification:_identify(docker/compose) by extensions ['python_setup_py']
[0.110s] Level 1:colcon.colcon_core.package_identification:_identify(docker/compose) by extension 'python_setup_py'
[0.110s] Level 1:colcon.colcon_core.package_identification:_identify(docker/compose/config) by extensions ['ignore', 'ignore_ament_install']
[0.111s] Level 1:colcon.colcon_core.package_identification:_identify(docker/compose/config) by extension 'ignore'
[0.111s] Level 1:colcon.colcon_core.package_identification:_identify(docker/compose/config) by extension 'ignore_ament_install'
[0.111s] Level 1:colcon.colcon_core.package_identification:_identify(docker/compose/config) by extensions ['colcon_pkg']
[0.111s] Level 1:colcon.colcon_core.package_identification:_identify(docker/compose/config) by extension 'colcon_pkg'
[0.111s] Level 1:colcon.colcon_core.package_identification:_identify(docker/compose/config) by extensions ['colcon_meta']
[0.111s] Level 1:colcon.colcon_core.package_identification:_identify(docker/compose/config) by extension 'colcon_meta'
[0.111s] Level 1:colcon.colcon_core.package_identification:_identify(docker/compose/config) by extensions ['ros']
[0.111s] Level 1:colcon.colcon_core.package_identification:_identify(docker/compose/config) by extension 'ros'
[0.111s] Level 1:colcon.colcon_core.package_identification:_identify(docker/compose/config) by extensions ['cmake', 'python']
[0.111s] Level 1:colcon.colcon_core.package_identification:_identify(docker/compose/config) by extension 'cmake'
[0.111s] Level 1:colcon.colcon_core.package_identification:_identify(docker/compose/config) by extension 'python'
[0.111s] Level 1:colcon.colcon_core.package_identification:_identify(docker/compose/config) by extensions ['python_setup_py']
[0.111s] Level 1:colcon.colcon_core.package_identification:_identify(docker/compose/config) by extension 'python_setup_py'
[0.111s] Level 1:colcon.colcon_core.package_identification:_identify(docker/compose/config/pip) by extensions ['ignore', 'ignore_ament_install']
[0.111s] Level 1:colcon.colcon_core.package_identification:_identify(docker/compose/config/pip) by extension 'ignore'
[0.111s] Level 1:colcon.colcon_core.package_identification:_identify(docker/compose/config/pip) by extension 'ignore_ament_install'
[0.111s] Level 1:colcon.colcon_core.package_identification:_identify(docker/compose/config/pip) by extensions ['colcon_pkg']
[0.111s] Level 1:colcon.colcon_core.package_identification:_identify(docker/compose/config/pip) by extension 'colcon_pkg'
[0.111s] Level 1:colcon.colcon_core.package_identification:_identify(docker/compose/config/pip) by extensions ['colcon_meta']
[0.111s] Level 1:colcon.colcon_core.package_identification:_identify(docker/compose/config/pip) by extension 'colcon_meta'
[0.111s] Level 1:colcon.colcon_core.package_identification:_identify(docker/compose/config/pip) by extensions ['ros']
[0.111s] Level 1:colcon.colcon_core.package_identification:_identify(docker/compose/config/pip) by extension 'ros'
[0.111s] Level 1:colcon.colcon_core.package_identification:_identify(docker/compose/config/pip) by extensions ['cmake', 'python']
[0.111s] Level 1:colcon.colcon_core.package_identification:_identify(docker/compose/config/pip) by extension 'cmake'
[0.111s] Level 1:colcon.colcon_core.package_identification:_identify(docker/compose/config/pip) by extension 'python'
[0.111s] Level 1:colcon.colcon_core.package_identification:_identify(docker/compose/config/pip) by extensions ['python_setup_py']
[0.111s] Level 1:colcon.colcon_core.package_identification:_identify(docker/compose/config/pip) by extension 'python_setup_py'
[0.111s] Level 1:colcon.colcon_core.package_identification:_identify(docker/compose/config/shell) by extensions ['ignore', 'ignore_ament_install']
[0.111s] Level 1:colcon.colcon_core.package_identification:_identify(docker/compose/config/shell) by extension 'ignore'
[0.111s] Level 1:colcon.colcon_core.package_identification:_identify(docker/compose/config/shell) by extension 'ignore_ament_install'
[0.111s] Level 1:colcon.colcon_core.package_identification:_identify(docker/compose/config/shell) by extensions ['colcon_pkg']
[0.111s] Level 1:colcon.colcon_core.package_identification:_identify(docker/compose/config/shell) by extension 'colcon_pkg'
[0.111s] Level 1:colcon.colcon_core.package_identification:_identify(docker/compose/config/shell) by extensions ['colcon_meta']
[0.111s] Level 1:colcon.colcon_core.package_identification:_identify(docker/compose/config/shell) by extension 'colcon_meta'
[0.111s] Level 1:colcon.colcon_core.package_identification:_identify(docker/compose/config/shell) by extensions ['ros']
[0.111s] Level 1:colcon.colcon_core.package_identification:_identify(docker/compose/config/shell) by extension 'ros'
[0.111s] Level 1:colcon.colcon_core.package_identification:_identify(docker/compose/config/shell) by extensions ['cmake', 'python']
[0.111s] Level 1:colcon.colcon_core.package_identification:_identify(docker/compose/config/shell) by extension 'cmake'
[0.111s] Level 1:colcon.colcon_core.package_identification:_identify(docker/compose/config/shell) by extension 'python'
[0.111s] Level 1:colcon.colcon_core.package_identification:_identify(docker/compose/config/shell) by extensions ['python_setup_py']
[0.111s] Level 1:colcon.colcon_core.package_identification:_identify(docker/compose/config/shell) by extension 'python_setup_py'
[0.112s] Level 1:colcon.colcon_core.package_identification:_identify(docker/compose/config/shell/terminator) by extensions ['ignore', 'ignore_ament_install']
[0.112s] Level 1:colcon.colcon_core.package_identification:_identify(docker/compose/config/shell/terminator) by extension 'ignore'
[0.112s] Level 1:colcon.colcon_core.package_identification:_identify(docker/compose/config/shell/terminator) by extension 'ignore_ament_install'
[0.112s] Level 1:colcon.colcon_core.package_identification:_identify(docker/compose/config/shell/terminator) by extensions ['colcon_pkg']
[0.112s] Level 1:colcon.colcon_core.package_identification:_identify(docker/compose/config/shell/terminator) by extension 'colcon_pkg'
[0.112s] Level 1:colcon.colcon_core.package_identification:_identify(docker/compose/config/shell/terminator) by extensions ['colcon_meta']
[0.112s] Level 1:colcon.colcon_core.package_identification:_identify(docker/compose/config/shell/terminator) by extension 'colcon_meta'
[0.112s] Level 1:colcon.colcon_core.package_identification:_identify(docker/compose/config/shell/terminator) by extensions ['ros']
[0.112s] Level 1:colcon.colcon_core.package_identification:_identify(docker/compose/config/shell/terminator) by extension 'ros'
[0.112s] Level 1:colcon.colcon_core.package_identification:_identify(docker/compose/config/shell/terminator) by extensions ['cmake', 'python']
[0.112s] Level 1:colcon.colcon_core.package_identification:_identify(docker/compose/config/shell/terminator) by extension 'cmake'
[0.112s] Level 1:colcon.colcon_core.package_identification:_identify(docker/compose/config/shell/terminator) by extension 'python'
[0.112s] Level 1:colcon.colcon_core.package_identification:_identify(docker/compose/config/shell/terminator) by extensions ['python_setup_py']
[0.112s] Level 1:colcon.colcon_core.package_identification:_identify(docker/compose/config/shell/terminator) by extension 'python_setup_py'
[0.112s] Level 1:colcon.colcon_core.package_identification:_identify(docker/compose/config/shell/tmux) by extensions ['ignore', 'ignore_ament_install']
[0.112s] Level 1:colcon.colcon_core.package_identification:_identify(docker/compose/config/shell/tmux) by extension 'ignore'
[0.112s] Level 1:colcon.colcon_core.package_identification:_identify(docker/compose/config/shell/tmux) by extension 'ignore_ament_install'
[0.112s] Level 1:colcon.colcon_core.package_identification:_identify(docker/compose/config/shell/tmux) by extensions ['colcon_pkg']
[0.112s] Level 1:colcon.colcon_core.package_identification:_identify(docker/compose/config/shell/tmux) by extension 'colcon_pkg'
[0.112s] Level 1:colcon.colcon_core.package_identification:_identify(docker/compose/config/shell/tmux) by extensions ['colcon_meta']
[0.112s] Level 1:colcon.colcon_core.package_identification:_identify(docker/compose/config/shell/tmux) by extension 'colcon_meta'
[0.112s] Level 1:colcon.colcon_core.package_identification:_identify(docker/compose/config/shell/tmux) by extensions ['ros']
[0.112s] Level 1:colcon.colcon_core.package_identification:_identify(docker/compose/config/shell/tmux) by extension 'ros'
[0.112s] Level 1:colcon.colcon_core.package_identification:_identify(docker/compose/config/shell/tmux) by extensions ['cmake', 'python']
[0.112s] Level 1:colcon.colcon_core.package_identification:_identify(docker/compose/config/shell/tmux) by extension 'cmake'
[0.112s] Level 1:colcon.colcon_core.package_identification:_identify(docker/compose/config/shell/tmux) by extension 'python'
[0.112s] Level 1:colcon.colcon_core.package_identification:_identify(docker/compose/config/shell/tmux) by extensions ['python_setup_py']
[0.112s] Level 1:colcon.colcon_core.package_identification:_identify(docker/compose/config/shell/tmux) by extension 'python_setup_py'
[0.112s] Level 1:colcon.colcon_core.package_identification:_identify(docker/config) by extensions ['ignore', 'ignore_ament_install']
[0.112s] Level 1:colcon.colcon_core.package_identification:_identify(docker/config) by extension 'ignore'
[0.112s] Level 1:colcon.colcon_core.package_identification:_identify(docker/config) by extension 'ignore_ament_install'
[0.112s] Level 1:colcon.colcon_core.package_identification:_identify(docker/config) by extensions ['colcon_pkg']
[0.112s] Level 1:colcon.colcon_core.package_identification:_identify(docker/config) by extension 'colcon_pkg'
[0.112s] Level 1:colcon.colcon_core.package_identification:_identify(docker/config) by extensions ['colcon_meta']
[0.112s] Level 1:colcon.colcon_core.package_identification:_identify(docker/config) by extension 'colcon_meta'
[0.112s] Level 1:colcon.colcon_core.package_identification:_identify(docker/config) by extensions ['ros']
[0.112s] Level 1:colcon.colcon_core.package_identification:_identify(docker/config) by extension 'ros'
[0.112s] Level 1:colcon.colcon_core.package_identification:_identify(docker/config) by extensions ['cmake', 'python']
[0.112s] Level 1:colcon.colcon_core.package_identification:_identify(docker/config) by extension 'cmake'
[0.112s] Level 1:colcon.colcon_core.package_identification:_identify(docker/config) by extension 'python'
[0.112s] Level 1:colcon.colcon_core.package_identification:_identify(docker/config) by extensions ['python_setup_py']
[0.112s] Level 1:colcon.colcon_core.package_identification:_identify(docker/config) by extension 'python_setup_py'
[0.113s] Level 1:colcon.colcon_core.package_identification:_identify(docker/config/pip) by extensions ['ignore', 'ignore_ament_install']
[0.113s] Level 1:colcon.colcon_core.package_identification:_identify(docker/config/pip) by extension 'ignore'
[0.113s] Level 1:colcon.colcon_core.package_identification:_identify(docker/config/pip) by extension 'ignore_ament_install'
[0.113s] Level 1:colcon.colcon_core.package_identification:_identify(docker/config/pip) by extensions ['colcon_pkg']
[0.113s] Level 1:colcon.colcon_core.package_identification:_identify(docker/config/pip) by extension 'colcon_pkg'
[0.113s] Level 1:colcon.colcon_core.package_identification:_identify(docker/config/pip) by extensions ['colcon_meta']
[0.113s] Level 1:colcon.colcon_core.package_identification:_identify(docker/config/pip) by extension 'colcon_meta'
[0.113s] Level 1:colcon.colcon_core.package_identification:_identify(docker/config/pip) by extensions ['ros']
[0.113s] Level 1:colcon.colcon_core.package_identification:_identify(docker/config/pip) by extension 'ros'
[0.113s] Level 1:colcon.colcon_core.package_identification:_identify(docker/config/pip) by extensions ['cmake', 'python']
[0.113s] Level 1:colcon.colcon_core.package_identification:_identify(docker/config/pip) by extension 'cmake'
[0.113s] Level 1:colcon.colcon_core.package_identification:_identify(docker/config/pip) by extension 'python'
[0.113s] Level 1:colcon.colcon_core.package_identification:_identify(docker/config/pip) by extensions ['python_setup_py']
[0.113s] Level 1:colcon.colcon_core.package_identification:_identify(docker/config/pip) by extension 'python_setup_py'
[0.113s] Level 1:colcon.colcon_core.package_identification:_identify(docker/config/shell) by extensions ['ignore', 'ignore_ament_install']
[0.113s] Level 1:colcon.colcon_core.package_identification:_identify(docker/config/shell) by extension 'ignore'
[0.113s] Level 1:colcon.colcon_core.package_identification:_identify(docker/config/shell) by extension 'ignore_ament_install'
[0.113s] Level 1:colcon.colcon_core.package_identification:_identify(docker/config/shell) by extensions ['colcon_pkg']
[0.113s] Level 1:colcon.colcon_core.package_identification:_identify(docker/config/shell) by extension 'colcon_pkg'
[0.113s] Level 1:colcon.colcon_core.package_identification:_identify(docker/config/shell) by extensions ['colcon_meta']
[0.113s] Level 1:colcon.colcon_core.package_identification:_identify(docker/config/shell) by extension 'colcon_meta'
[0.113s] Level 1:colcon.colcon_core.package_identification:_identify(docker/config/shell) by extensions ['ros']
[0.113s] Level 1:colcon.colcon_core.package_identification:_identify(docker/config/shell) by extension 'ros'
[0.113s] Level 1:colcon.colcon_core.package_identification:_identify(docker/config/shell) by extensions ['cmake', 'python']
[0.113s] Level 1:colcon.colcon_core.package_identification:_identify(docker/config/shell) by extension 'cmake'
[0.113s] Level 1:colcon.colcon_core.package_identification:_identify(docker/config/shell) by extension 'python'
[0.113s] Level 1:colcon.colcon_core.package_identification:_identify(docker/config/shell) by extensions ['python_setup_py']
[0.113s] Level 1:colcon.colcon_core.package_identification:_identify(docker/config/shell) by extension 'python_setup_py'
[0.113s] Level 1:colcon.colcon_core.package_identification:_identify(docker/config/shell/terminator) by extensions ['ignore', 'ignore_ament_install']
[0.113s] Level 1:colcon.colcon_core.package_identification:_identify(docker/config/shell/terminator) by extension 'ignore'
[0.113s] Level 1:colcon.colcon_core.package_identification:_identify(docker/config/shell/terminator) by extension 'ignore_ament_install'
[0.113s] Level 1:colcon.colcon_core.package_identification:_identify(docker/config/shell/terminator) by extensions ['colcon_pkg']
[0.113s] Level 1:colcon.colcon_core.package_identification:_identify(docker/config/shell/terminator) by extension 'colcon_pkg'
[0.113s] Level 1:colcon.colcon_core.package_identification:_identify(docker/config/shell/terminator) by extensions ['colcon_meta']
[0.113s] Level 1:colcon.colcon_core.package_identification:_identify(docker/config/shell/terminator) by extension 'colcon_meta'
[0.113s] Level 1:colcon.colcon_core.package_identification:_identify(docker/config/shell/terminator) by extensions ['ros']
[0.113s] Level 1:colcon.colcon_core.package_identification:_identify(docker/config/shell/terminator) by extension 'ros'
[0.113s] Level 1:colcon.colcon_core.package_identification:_identify(docker/config/shell/terminator) by extensions ['cmake', 'python']
[0.113s] Level 1:colcon.colcon_core.package_identification:_identify(docker/config/shell/terminator) by extension 'cmake'
[0.113s] Level 1:colcon.colcon_core.package_identification:_identify(docker/config/shell/terminator) by extension 'python'
[0.113s] Level 1:colcon.colcon_core.package_identification:_identify(docker/config/shell/terminator) by extensions ['python_setup_py']
[0.113s] Level 1:colcon.colcon_core.package_identification:_identify(docker/config/shell/terminator) by extension 'python_setup_py'
[0.114s] Level 1:colcon.colcon_core.package_identification:_identify(docker/config/shell/tmux) by extensions ['ignore', 'ignore_ament_install']
[0.114s] Level 1:colcon.colcon_core.package_identification:_identify(docker/config/shell/tmux) by extension 'ignore'
[0.114s] Level 1:colcon.colcon_core.package_identification:_identify(docker/config/shell/tmux) by extension 'ignore_ament_install'
[0.114s] Level 1:colcon.colcon_core.package_identification:_identify(docker/config/shell/tmux) by extensions ['colcon_pkg']
[0.114s] Level 1:colcon.colcon_core.package_identification:_identify(docker/config/shell/tmux) by extension 'colcon_pkg'
[0.114s] Level 1:colcon.colcon_core.package_identification:_identify(docker/config/shell/tmux) by extensions ['colcon_meta']
[0.114s] Level 1:colcon.colcon_core.package_identification:_identify(docker/config/shell/tmux) by extension 'colcon_meta'
[0.114s] Level 1:colcon.colcon_core.package_identification:_identify(docker/config/shell/tmux) by extensions ['ros']
[0.114s] Level 1:colcon.colcon_core.package_identification:_identify(docker/config/shell/tmux) by extension 'ros'
[0.114s] Level 1:colcon.colcon_core.package_identification:_identify(docker/config/shell/tmux) by extensions ['cmake', 'python']
[0.114s] Level 1:colcon.colcon_core.package_identification:_identify(docker/config/shell/tmux) by extension 'cmake'
[0.114s] Level 1:colcon.colcon_core.package_identification:_identify(docker/config/shell/tmux) by extension 'python'
[0.114s] Level 1:colcon.colcon_core.package_identification:_identify(docker/config/shell/tmux) by extensions ['python_setup_py']
[0.114s] Level 1:colcon.colcon_core.package_identification:_identify(docker/config/shell/tmux) by extension 'python_setup_py'
[0.114s] Level 1:colcon.colcon_core.package_identification:_identify(docker_hiwin) by extensions ['ignore', 'ignore_ament_install']
[0.114s] Level 1:colcon.colcon_core.package_identification:_identify(docker_hiwin) by extension 'ignore'
[0.114s] Level 1:colcon.colcon_core.package_identification:_identify(docker_hiwin) by extension 'ignore_ament_install'
[0.114s] Level 1:colcon.colcon_core.package_identification:_identify(docker_hiwin) by extensions ['colcon_pkg']
[0.114s] Level 1:colcon.colcon_core.package_identification:_identify(docker_hiwin) by extension 'colcon_pkg'
[0.114s] Level 1:colcon.colcon_core.package_identification:_identify(docker_hiwin) by extensions ['colcon_meta']
[0.114s] Level 1:colcon.colcon_core.package_identification:_identify(docker_hiwin) by extension 'colcon_meta'
[0.114s] Level 1:colcon.colcon_core.package_identification:_identify(docker_hiwin) by extensions ['ros']
[0.114s] Level 1:colcon.colcon_core.package_identification:_identify(docker_hiwin) by extension 'ros'
[0.114s] Level 1:colcon.colcon_core.package_identification:_identify(docker_hiwin) by extensions ['cmake', 'python']
[0.114s] Level 1:colcon.colcon_core.package_identification:_identify(docker_hiwin) by extension 'cmake'
[0.114s] Level 1:colcon.colcon_core.package_identification:_identify(docker_hiwin) by extension 'python'
[0.114s] Level 1:colcon.colcon_core.package_identification:_identify(docker_hiwin) by extensions ['python_setup_py']
[0.114s] Level 1:colcon.colcon_core.package_identification:_identify(docker_hiwin) by extension 'python_setup_py'
[0.114s] Level 1:colcon.colcon_core.package_identification:_identify(docker_hiwin/compose) by extensions ['ignore', 'ignore_ament_install']
[0.114s] Level 1:colcon.colcon_core.package_identification:_identify(docker_hiwin/compose) by extension 'ignore'
[0.114s] Level 1:colcon.colcon_core.package_identification:_identify(docker_hiwin/compose) by extension 'ignore_ament_install'
[0.114s] Level 1:colcon.colcon_core.package_identification:_identify(docker_hiwin/compose) by extensions ['colcon_pkg']
[0.114s] Level 1:colcon.colcon_core.package_identification:_identify(docker_hiwin/compose) by extension 'colcon_pkg'
[0.114s] Level 1:colcon.colcon_core.package_identification:_identify(docker_hiwin/compose) by extensions ['colcon_meta']
[0.114s] Level 1:colcon.colcon_core.package_identification:_identify(docker_hiwin/compose) by extension 'colcon_meta'
[0.114s] Level 1:colcon.colcon_core.package_identification:_identify(docker_hiwin/compose) by extensions ['ros']
[0.114s] Level 1:colcon.colcon_core.package_identification:_identify(docker_hiwin/compose) by extension 'ros'
[0.114s] Level 1:colcon.colcon_core.package_identification:_identify(docker_hiwin/compose) by extensions ['cmake', 'python']
[0.114s] Level 1:colcon.colcon_core.package_identification:_identify(docker_hiwin/compose) by extension 'cmake'
[0.114s] Level 1:colcon.colcon_core.package_identification:_identify(docker_hiwin/compose) by extension 'python'
[0.114s] Level 1:colcon.colcon_core.package_identification:_identify(docker_hiwin/compose) by extensions ['python_setup_py']
[0.114s] Level 1:colcon.colcon_core.package_identification:_identify(docker_hiwin/compose) by extension 'python_setup_py'
[0.115s] Level 1:colcon.colcon_core.package_identification:_identify(docker_hiwin/compose/config) by extensions ['ignore', 'ignore_ament_install']
[0.115s] Level 1:colcon.colcon_core.package_identification:_identify(docker_hiwin/compose/config) by extension 'ignore'
[0.115s] Level 1:colcon.colcon_core.package_identification:_identify(docker_hiwin/compose/config) by extension 'ignore_ament_install'
[0.115s] Level 1:colcon.colcon_core.package_identification:_identify(docker_hiwin/compose/config) by extensions ['colcon_pkg']
[0.115s] Level 1:colcon.colcon_core.package_identification:_identify(docker_hiwin/compose/config) by extension 'colcon_pkg'
[0.115s] Level 1:colcon.colcon_core.package_identification:_identify(docker_hiwin/compose/config) by extensions ['colcon_meta']
[0.115s] Level 1:colcon.colcon_core.package_identification:_identify(docker_hiwin/compose/config) by extension 'colcon_meta'
[0.115s] Level 1:colcon.colcon_core.package_identification:_identify(docker_hiwin/compose/config) by extensions ['ros']
[0.115s] Level 1:colcon.colcon_core.package_identification:_identify(docker_hiwin/compose/config) by extension 'ros'
[0.115s] Level 1:colcon.colcon_core.package_identification:_identify(docker_hiwin/compose/config) by extensions ['cmake', 'python']
[0.115s] Level 1:colcon.colcon_core.package_identification:_identify(docker_hiwin/compose/config) by extension 'cmake'
[0.115s] Level 1:colcon.colcon_core.package_identification:_identify(docker_hiwin/compose/config) by extension 'python'
[0.115s] Level 1:colcon.colcon_core.package_identification:_identify(docker_hiwin/compose/config) by extensions ['python_setup_py']
[0.115s] Level 1:colcon.colcon_core.package_identification:_identify(docker_hiwin/compose/config) by extension 'python_setup_py'
[0.115s] Level 1:colcon.colcon_core.package_identification:_identify(docker_hiwin/compose/config/pip) by extensions ['ignore', 'ignore_ament_install']
[0.115s] Level 1:colcon.colcon_core.package_identification:_identify(docker_hiwin/compose/config/pip) by extension 'ignore'
[0.115s] Level 1:colcon.colcon_core.package_identification:_identify(docker_hiwin/compose/config/pip) by extension 'ignore_ament_install'
[0.115s] Level 1:colcon.colcon_core.package_identification:_identify(docker_hiwin/compose/config/pip) by extensions ['colcon_pkg']
[0.115s] Level 1:colcon.colcon_core.package_identification:_identify(docker_hiwin/compose/config/pip) by extension 'colcon_pkg'
[0.115s] Level 1:colcon.colcon_core.package_identification:_identify(docker_hiwin/compose/config/pip) by extensions ['colcon_meta']
[0.115s] Level 1:colcon.colcon_core.package_identification:_identify(docker_hiwin/compose/config/pip) by extension 'colcon_meta'
[0.115s] Level 1:colcon.colcon_core.package_identification:_identify(docker_hiwin/compose/config/pip) by extensions ['ros']
[0.115s] Level 1:colcon.colcon_core.package_identification:_identify(docker_hiwin/compose/config/pip) by extension 'ros'
[0.115s] Level 1:colcon.colcon_core.package_identification:_identify(docker_hiwin/compose/config/pip) by extensions ['cmake', 'python']
[0.115s] Level 1:colcon.colcon_core.package_identification:_identify(docker_hiwin/compose/config/pip) by extension 'cmake'
[0.115s] Level 1:colcon.colcon_core.package_identification:_identify(docker_hiwin/compose/config/pip) by extension 'python'
[0.115s] Level 1:colcon.colcon_core.package_identification:_identify(docker_hiwin/compose/config/pip) by extensions ['python_setup_py']
[0.115s] Level 1:colcon.colcon_core.package_identification:_identify(docker_hiwin/compose/config/pip) by extension 'python_setup_py'
[0.115s] Level 1:colcon.colcon_core.package_identification:_identify(docker_hiwin/compose/config/shell) by extensions ['ignore', 'ignore_ament_install']
[0.115s] Level 1:colcon.colcon_core.package_identification:_identify(docker_hiwin/compose/config/shell) by extension 'ignore'
[0.115s] Level 1:colcon.colcon_core.package_identification:_identify(docker_hiwin/compose/config/shell) by extension 'ignore_ament_install'
[0.115s] Level 1:colcon.colcon_core.package_identification:_identify(docker_hiwin/compose/config/shell) by extensions ['colcon_pkg']
[0.115s] Level 1:colcon.colcon_core.package_identification:_identify(docker_hiwin/compose/config/shell) by extension 'colcon_pkg'
[0.115s] Level 1:colcon.colcon_core.package_identification:_identify(docker_hiwin/compose/config/shell) by extensions ['colcon_meta']
[0.115s] Level 1:colcon.colcon_core.package_identification:_identify(docker_hiwin/compose/config/shell) by extension 'colcon_meta'
[0.115s] Level 1:colcon.colcon_core.package_identification:_identify(docker_hiwin/compose/config/shell) by extensions ['ros']
[0.115s] Level 1:colcon.colcon_core.package_identification:_identify(docker_hiwin/compose/config/shell) by extension 'ros'
[0.115s] Level 1:colcon.colcon_core.package_identification:_identify(docker_hiwin/compose/config/shell) by extensions ['cmake', 'python']
[0.115s] Level 1:colcon.colcon_core.package_identification:_identify(docker_hiwin/compose/config/shell) by extension 'cmake'
[0.115s] Level 1:colcon.colcon_core.package_identification:_identify(docker_hiwin/compose/config/shell) by extension 'python'
[0.115s] Level 1:colcon.colcon_core.package_identification:_identify(docker_hiwin/compose/config/shell) by extensions ['python_setup_py']
[0.115s] Level 1:colcon.colcon_core.package_identification:_identify(docker_hiwin/compose/config/shell) by extension 'python_setup_py'
[0.116s] Level 1:colcon.colcon_core.package_identification:_identify(docker_hiwin/compose/config/shell/terminator) by extensions ['ignore', 'ignore_ament_install']
[0.116s] Level 1:colcon.colcon_core.package_identification:_identify(docker_hiwin/compose/config/shell/terminator) by extension 'ignore'
[0.116s] Level 1:colcon.colcon_core.package_identification:_identify(docker_hiwin/compose/config/shell/terminator) by extension 'ignore_ament_install'
[0.116s] Level 1:colcon.colcon_core.package_identification:_identify(docker_hiwin/compose/config/shell/terminator) by extensions ['colcon_pkg']
[0.116s] Level 1:colcon.colcon_core.package_identification:_identify(docker_hiwin/compose/config/shell/terminator) by extension 'colcon_pkg'
[0.116s] Level 1:colcon.colcon_core.package_identification:_identify(docker_hiwin/compose/config/shell/terminator) by extensions ['colcon_meta']
[0.116s] Level 1:colcon.colcon_core.package_identification:_identify(docker_hiwin/compose/config/shell/terminator) by extension 'colcon_meta'
[0.116s] Level 1:colcon.colcon_core.package_identification:_identify(docker_hiwin/compose/config/shell/terminator) by extensions ['ros']
[0.116s] Level 1:colcon.colcon_core.package_identification:_identify(docker_hiwin/compose/config/shell/terminator) by extension 'ros'
[0.116s] Level 1:colcon.colcon_core.package_identification:_identify(docker_hiwin/compose/config/shell/terminator) by extensions ['cmake', 'python']
[0.116s] Level 1:colcon.colcon_core.package_identification:_identify(docker_hiwin/compose/config/shell/terminator) by extension 'cmake'
[0.116s] Level 1:colcon.colcon_core.package_identification:_identify(docker_hiwin/compose/config/shell/terminator) by extension 'python'
[0.116s] Level 1:colcon.colcon_core.package_identification:_identify(docker_hiwin/compose/config/shell/terminator) by extensions ['python_setup_py']
[0.116s] Level 1:colcon.colcon_core.package_identification:_identify(docker_hiwin/compose/config/shell/terminator) by extension 'python_setup_py'
[0.116s] Level 1:colcon.colcon_core.package_identification:_identify(docker_hiwin/compose/config/shell/tmux) by extensions ['ignore', 'ignore_ament_install']
[0.116s] Level 1:colcon.colcon_core.package_identification:_identify(docker_hiwin/compose/config/shell/tmux) by extension 'ignore'
[0.116s] Level 1:colcon.colcon_core.package_identification:_identify(docker_hiwin/compose/config/shell/tmux) by extension 'ignore_ament_install'
[0.116s] Level 1:colcon.colcon_core.package_identification:_identify(docker_hiwin/compose/config/shell/tmux) by extensions ['colcon_pkg']
[0.116s] Level 1:colcon.colcon_core.package_identification:_identify(docker_hiwin/compose/config/shell/tmux) by extension 'colcon_pkg'
[0.116s] Level 1:colcon.colcon_core.package_identification:_identify(docker_hiwin/compose/config/shell/tmux) by extensions ['colcon_meta']
[0.116s] Level 1:colcon.colcon_core.package_identification:_identify(docker_hiwin/compose/config/shell/tmux) by extension 'colcon_meta'
[0.116s] Level 1:colcon.colcon_core.package_identification:_identify(docker_hiwin/compose/config/shell/tmux) by extensions ['ros']
[0.116s] Level 1:colcon.colcon_core.package_identification:_identify(docker_hiwin/compose/config/shell/tmux) by extension 'ros'
[0.116s] Level 1:colcon.colcon_core.package_identification:_identify(docker_hiwin/compose/config/shell/tmux) by extensions ['cmake', 'python']
[0.116s] Level 1:colcon.colcon_core.package_identification:_identify(docker_hiwin/compose/config/shell/tmux) by extension 'cmake'
[0.116s] Level 1:colcon.colcon_core.package_identification:_identify(docker_hiwin/compose/config/shell/tmux) by extension 'python'
[0.116s] Level 1:colcon.colcon_core.package_identification:_identify(docker_hiwin/compose/config/shell/tmux) by extensions ['python_setup_py']
[0.116s] Level 1:colcon.colcon_core.package_identification:_identify(docker_hiwin/compose/config/shell/tmux) by extension 'python_setup_py'
[0.116s] Level 1:colcon.colcon_core.package_identification:_identify(docker_hiwin/config) by extensions ['ignore', 'ignore_ament_install']
[0.116s] Level 1:colcon.colcon_core.package_identification:_identify(docker_hiwin/config) by extension 'ignore'
[0.116s] Level 1:colcon.colcon_core.package_identification:_identify(docker_hiwin/config) by extension 'ignore_ament_install'
[0.116s] Level 1:colcon.colcon_core.package_identification:_identify(docker_hiwin/config) by extensions ['colcon_pkg']
[0.116s] Level 1:colcon.colcon_core.package_identification:_identify(docker_hiwin/config) by extension 'colcon_pkg'
[0.116s] Level 1:colcon.colcon_core.package_identification:_identify(docker_hiwin/config) by extensions ['colcon_meta']
[0.116s] Level 1:colcon.colcon_core.package_identification:_identify(docker_hiwin/config) by extension 'colcon_meta'
[0.116s] Level 1:colcon.colcon_core.package_identification:_identify(docker_hiwin/config) by extensions ['ros']
[0.116s] Level 1:colcon.colcon_core.package_identification:_identify(docker_hiwin/config) by extension 'ros'
[0.116s] Level 1:colcon.colcon_core.package_identification:_identify(docker_hiwin/config) by extensions ['cmake', 'python']
[0.116s] Level 1:colcon.colcon_core.package_identification:_identify(docker_hiwin/config) by extension 'cmake'
[0.116s] Level 1:colcon.colcon_core.package_identification:_identify(docker_hiwin/config) by extension 'python'
[0.117s] Level 1:colcon.colcon_core.package_identification:_identify(docker_hiwin/config) by extensions ['python_setup_py']
[0.117s] Level 1:colcon.colcon_core.package_identification:_identify(docker_hiwin/config) by extension 'python_setup_py'
[0.117s] Level 1:colcon.colcon_core.package_identification:_identify(docker_hiwin/config/pip) by extensions ['ignore', 'ignore_ament_install']
[0.117s] Level 1:colcon.colcon_core.package_identification:_identify(docker_hiwin/config/pip) by extension 'ignore'
[0.117s] Level 1:colcon.colcon_core.package_identification:_identify(docker_hiwin/config/pip) by extension 'ignore_ament_install'
[0.117s] Level 1:colcon.colcon_core.package_identification:_identify(docker_hiwin/config/pip) by extensions ['colcon_pkg']
[0.117s] Level 1:colcon.colcon_core.package_identification:_identify(docker_hiwin/config/pip) by extension 'colcon_pkg'
[0.117s] Level 1:colcon.colcon_core.package_identification:_identify(docker_hiwin/config/pip) by extensions ['colcon_meta']
[0.117s] Level 1:colcon.colcon_core.package_identification:_identify(docker_hiwin/config/pip) by extension 'colcon_meta'
[0.117s] Level 1:colcon.colcon_core.package_identification:_identify(docker_hiwin/config/pip) by extensions ['ros']
[0.117s] Level 1:colcon.colcon_core.package_identification:_identify(docker_hiwin/config/pip) by extension 'ros'
[0.117s] Level 1:colcon.colcon_core.package_identification:_identify(docker_hiwin/config/pip) by extensions ['cmake', 'python']
[0.117s] Level 1:colcon.colcon_core.package_identification:_identify(docker_hiwin/config/pip) by extension 'cmake'
[0.117s] Level 1:colcon.colcon_core.package_identification:_identify(docker_hiwin/config/pip) by extension 'python'
[0.117s] Level 1:colcon.colcon_core.package_identification:_identify(docker_hiwin/config/pip) by extensions ['python_setup_py']
[0.117s] Level 1:colcon.colcon_core.package_identification:_identify(docker_hiwin/config/pip) by extension 'python_setup_py'
[0.117s] Level 1:colcon.colcon_core.package_identification:_identify(docker_hiwin/config/shell) by extensions ['ignore', 'ignore_ament_install']
[0.117s] Level 1:colcon.colcon_core.package_identification:_identify(docker_hiwin/config/shell) by extension 'ignore'
[0.117s] Level 1:colcon.colcon_core.package_identification:_identify(docker_hiwin/config/shell) by extension 'ignore_ament_install'
[0.117s] Level 1:colcon.colcon_core.package_identification:_identify(docker_hiwin/config/shell) by extensions ['colcon_pkg']
[0.117s] Level 1:colcon.colcon_core.package_identification:_identify(docker_hiwin/config/shell) by extension 'colcon_pkg'
[0.117s] Level 1:colcon.colcon_core.package_identification:_identify(docker_hiwin/config/shell) by extensions ['colcon_meta']
[0.117s] Level 1:colcon.colcon_core.package_identification:_identify(docker_hiwin/config/shell) by extension 'colcon_meta'
[0.117s] Level 1:colcon.colcon_core.package_identification:_identify(docker_hiwin/config/shell) by extensions ['ros']
[0.117s] Level 1:colcon.colcon_core.package_identification:_identify(docker_hiwin/config/shell) by extension 'ros'
[0.117s] Level 1:colcon.colcon_core.package_identification:_identify(docker_hiwin/config/shell) by extensions ['cmake', 'python']
[0.117s] Level 1:colcon.colcon_core.package_identification:_identify(docker_hiwin/config/shell) by extension 'cmake'
[0.117s] Level 1:colcon.colcon_core.package_identification:_identify(docker_hiwin/config/shell) by extension 'python'
[0.117s] Level 1:colcon.colcon_core.package_identification:_identify(docker_hiwin/config/shell) by extensions ['python_setup_py']
[0.117s] Level 1:colcon.colcon_core.package_identification:_identify(docker_hiwin/config/shell) by extension 'python_setup_py'
[0.117s] Level 1:colcon.colcon_core.package_identification:_identify(docker_hiwin/config/shell/terminator) by extensions ['ignore', 'ignore_ament_install']
[0.117s] Level 1:colcon.colcon_core.package_identification:_identify(docker_hiwin/config/shell/terminator) by extension 'ignore'
[0.117s] Level 1:colcon.colcon_core.package_identification:_identify(docker_hiwin/config/shell/terminator) by extension 'ignore_ament_install'
[0.117s] Level 1:colcon.colcon_core.package_identification:_identify(docker_hiwin/config/shell/terminator) by extensions ['colcon_pkg']
[0.117s] Level 1:colcon.colcon_core.package_identification:_identify(docker_hiwin/config/shell/terminator) by extension 'colcon_pkg'
[0.117s] Level 1:colcon.colcon_core.package_identification:_identify(docker_hiwin/config/shell/terminator) by extensions ['colcon_meta']
[0.117s] Level 1:colcon.colcon_core.package_identification:_identify(docker_hiwin/config/shell/terminator) by extension 'colcon_meta'
[0.117s] Level 1:colcon.colcon_core.package_identification:_identify(docker_hiwin/config/shell/terminator) by extensions ['ros']
[0.117s] Level 1:colcon.colcon_core.package_identification:_identify(docker_hiwin/config/shell/terminator) by extension 'ros'
[0.117s] Level 1:colcon.colcon_core.package_identification:_identify(docker_hiwin/config/shell/terminator) by extensions ['cmake', 'python']
[0.118s] Level 1:colcon.colcon_core.package_identification:_identify(docker_hiwin/config/shell/terminator) by extension 'cmake'
[0.118s] Level 1:colcon.colcon_core.package_identification:_identify(docker_hiwin/config/shell/terminator) by extension 'python'
[0.118s] Level 1:colcon.colcon_core.package_identification:_identify(docker_hiwin/config/shell/terminator) by extensions ['python_setup_py']
[0.118s] Level 1:colcon.colcon_core.package_identification:_identify(docker_hiwin/config/shell/terminator) by extension 'python_setup_py'
[0.118s] Level 1:colcon.colcon_core.package_identification:_identify(docker_hiwin/config/shell/tmux) by extensions ['ignore', 'ignore_ament_install']
[0.118s] Level 1:colcon.colcon_core.package_identification:_identify(docker_hiwin/config/shell/tmux) by extension 'ignore'
[0.118s] Level 1:colcon.colcon_core.package_identification:_identify(docker_hiwin/config/shell/tmux) by extension 'ignore_ament_install'
[0.118s] Level 1:colcon.colcon_core.package_identification:_identify(docker_hiwin/config/shell/tmux) by extensions ['colcon_pkg']
[0.118s] Level 1:colcon.colcon_core.package_identification:_identify(docker_hiwin/config/shell/tmux) by extension 'colcon_pkg'
[0.118s] Level 1:colcon.colcon_core.package_identification:_identify(docker_hiwin/config/shell/tmux) by extensions ['colcon_meta']
[0.118s] Level 1:colcon.colcon_core.package_identification:_identify(docker_hiwin/config/shell/tmux) by extension 'colcon_meta'
[0.118s] Level 1:colcon.colcon_core.package_identification:_identify(docker_hiwin/config/shell/tmux) by extensions ['ros']
[0.118s] Level 1:colcon.colcon_core.package_identification:_identify(docker_hiwin/config/shell/tmux) by extension 'ros'
[0.118s] Level 1:colcon.colcon_core.package_identification:_identify(docker_hiwin/config/shell/tmux) by extensions ['cmake', 'python']
[0.118s] Level 1:colcon.colcon_core.package_identification:_identify(docker_hiwin/config/shell/tmux) by extension 'cmake'
[0.118s] Level 1:colcon.colcon_core.package_identification:_identify(docker_hiwin/config/shell/tmux) by extension 'python'
[0.118s] Level 1:colcon.colcon_core.package_identification:_identify(docker_hiwin/config/shell/tmux) by extensions ['python_setup_py']
[0.118s] Level 1:colcon.colcon_core.package_identification:_identify(docker_hiwin/config/shell/tmux) by extension 'python_setup_py'
[0.118s] Level 1:colcon.colcon_core.package_identification:_identify(install) by extensions ['ignore', 'ignore_ament_install']
[0.118s] Level 1:colcon.colcon_core.package_identification:_identify(install) by extension 'ignore'
[0.118s] Level 1:colcon.colcon_core.package_identification:_identify(install) ignored
[0.118s] Level 1:colcon.colcon_core.package_identification:_identify(log) by extensions ['ignore', 'ignore_ament_install']
[0.118s] Level 1:colcon.colcon_core.package_identification:_identify(log) by extension 'ignore'
[0.118s] Level 1:colcon.colcon_core.package_identification:_identify(log) ignored
[0.118s] Level 1:colcon.colcon_core.package_identification:_identify(src) by extensions ['ignore', 'ignore_ament_install']
[0.118s] Level 1:colcon.colcon_core.package_identification:_identify(src) by extension 'ignore'
[0.118s] Level 1:colcon.colcon_core.package_identification:_identify(src) by extension 'ignore_ament_install'
[0.118s] Level 1:colcon.colcon_core.package_identification:_identify(src) by extensions ['colcon_pkg']
[0.118s] Level 1:colcon.colcon_core.package_identification:_identify(src) by extension 'colcon_pkg'
[0.118s] Level 1:colcon.colcon_core.package_identification:_identify(src) by extensions ['colcon_meta']
[0.118s] Level 1:colcon.colcon_core.package_identification:_identify(src) by extension 'colcon_meta'
[0.118s] Level 1:colcon.colcon_core.package_identification:_identify(src) by extensions ['ros']
[0.118s] Level 1:colcon.colcon_core.package_identification:_identify(src) by extension 'ros'
[0.118s] Level 1:colcon.colcon_core.package_identification:_identify(src) by extensions ['cmake', 'python']
[0.118s] Level 1:colcon.colcon_core.package_identification:_identify(src) by extension 'cmake'
[0.118s] Level 1:colcon.colcon_core.package_identification:_identify(src) by extension 'python'
[0.118s] Level 1:colcon.colcon_core.package_identification:_identify(src) by extensions ['python_setup_py']
[0.118s] Level 1:colcon.colcon_core.package_identification:_identify(src) by extension 'python_setup_py'
[0.119s] Level 1:colcon.colcon_core.package_identification:_identify(src/Hiwin_libmodbus) by extensions ['ignore', 'ignore_ament_install']
[0.119s] Level 1:colcon.colcon_core.package_identification:_identify(src/Hiwin_libmodbus) by extension 'ignore'
[0.119s] Level 1:colcon.colcon_core.package_identification:_identify(src/Hiwin_libmodbus) by extension 'ignore_ament_install'
[0.119s] Level 1:colcon.colcon_core.package_identification:_identify(src/Hiwin_libmodbus) by extensions ['colcon_pkg']
[0.119s] Level 1:colcon.colcon_core.package_identification:_identify(src/Hiwin_libmodbus) by extension 'colcon_pkg'
[0.119s] Level 1:colcon.colcon_core.package_identification:_identify(src/Hiwin_libmodbus) by extensions ['colcon_meta']
[0.119s] Level 1:colcon.colcon_core.package_identification:_identify(src/Hiwin_libmodbus) by extension 'colcon_meta'
[0.119s] Level 1:colcon.colcon_core.package_identification:_identify(src/Hiwin_libmodbus) by extensions ['ros']
[0.119s] Level 1:colcon.colcon_core.package_identification:_identify(src/Hiwin_libmodbus) by extension 'ros'
[0.119s] Level 1:colcon.colcon_core.package_identification:_identify(src/Hiwin_libmodbus) by extensions ['cmake', 'python']
[0.119s] Level 1:colcon.colcon_core.package_identification:_identify(src/Hiwin_libmodbus) by extension 'cmake'
[0.119s] Level 1:colcon.colcon_core.package_identification:_identify(src/Hiwin_libmodbus) by extension 'python'
[0.119s] Level 1:colcon.colcon_core.package_identification:_identify(src/Hiwin_libmodbus) by extensions ['python_setup_py']
[0.119s] Level 1:colcon.colcon_core.package_identification:_identify(src/Hiwin_libmodbus) by extension 'python_setup_py'
[0.119s] Level 1:colcon.colcon_core.package_identification:_identify(src/Hiwin_libmodbus/hiwin_example) by extensions ['ignore', 'ignore_ament_install']
[0.119s] Level 1:colcon.colcon_core.package_identification:_identify(src/Hiwin_libmodbus/hiwin_example) by extension 'ignore'
[0.119s] Level 1:colcon.colcon_core.package_identification:_identify(src/Hiwin_libmodbus/hiwin_example) by extension 'ignore_ament_install'
[0.119s] Level 1:colcon.colcon_core.package_identification:_identify(src/Hiwin_libmodbus/hiwin_example) by extensions ['colcon_pkg']
[0.119s] Level 1:colcon.colcon_core.package_identification:_identify(src/Hiwin_libmodbus/hiwin_example) by extension 'colcon_pkg'
[0.119s] Level 1:colcon.colcon_core.package_identification:_identify(src/Hiwin_libmodbus/hiwin_example) by extensions ['colcon_meta']
[0.119s] Level 1:colcon.colcon_core.package_identification:_identify(src/Hiwin_libmodbus/hiwin_example) by extension 'colcon_meta'
[0.119s] Level 1:colcon.colcon_core.package_identification:_identify(src/Hiwin_libmodbus/hiwin_example) by extensions ['ros']
[0.119s] Level 1:colcon.colcon_core.package_identification:_identify(src/Hiwin_libmodbus/hiwin_example) by extension 'ros'
[0.121s] DEBUG:colcon.colcon_core.package_identification:Package 'src/Hiwin_libmodbus/hiwin_example' with type 'ros.ament_python' and name 'hiwin_example'
[0.121s] Level 1:colcon.colcon_core.package_identification:_identify(src/Hiwin_libmodbus/hiwin_interfaces) by extensions ['ignore', 'ignore_ament_install']
[0.121s] Level 1:colcon.colcon_core.package_identification:_identify(src/Hiwin_libmodbus/hiwin_interfaces) by extension 'ignore'
[0.121s] Level 1:colcon.colcon_core.package_identification:_identify(src/Hiwin_libmodbus/hiwin_interfaces) by extension 'ignore_ament_install'
[0.121s] Level 1:colcon.colcon_core.package_identification:_identify(src/Hiwin_libmodbus/hiwin_interfaces) by extensions ['colcon_pkg']
[0.121s] Level 1:colcon.colcon_core.package_identification:_identify(src/Hiwin_libmodbus/hiwin_interfaces) by extension 'colcon_pkg'
[0.121s] Level 1:colcon.colcon_core.package_identification:_identify(src/Hiwin_libmodbus/hiwin_interfaces) by extensions ['colcon_meta']
[0.121s] Level 1:colcon.colcon_core.package_identification:_identify(src/Hiwin_libmodbus/hiwin_interfaces) by extension 'colcon_meta'
[0.121s] Level 1:colcon.colcon_core.package_identification:_identify(src/Hiwin_libmodbus/hiwin_interfaces) by extensions ['ros']
[0.121s] Level 1:colcon.colcon_core.package_identification:_identify(src/Hiwin_libmodbus/hiwin_interfaces) by extension 'ros'
[0.122s] DEBUG:colcon.colcon_core.package_identification:Package 'src/Hiwin_libmodbus/hiwin_interfaces' with type 'ros.ament_cmake' and name 'hiwin_interfaces'
[0.122s] Level 1:colcon.colcon_core.package_identification:_identify(src/Hiwin_libmodbus/hiwin_libmodbus) by extensions ['ignore', 'ignore_ament_install']
[0.122s] Level 1:colcon.colcon_core.package_identification:_identify(src/Hiwin_libmodbus/hiwin_libmodbus) by extension 'ignore'
[0.122s] Level 1:colcon.colcon_core.package_identification:_identify(src/Hiwin_libmodbus/hiwin_libmodbus) by extension 'ignore_ament_install'
[0.122s] Level 1:colcon.colcon_core.package_identification:_identify(src/Hiwin_libmodbus/hiwin_libmodbus) by extensions ['colcon_pkg']
[0.122s] Level 1:colcon.colcon_core.package_identification:_identify(src/Hiwin_libmodbus/hiwin_libmodbus) by extension 'colcon_pkg'
[0.122s] Level 1:colcon.colcon_core.package_identification:_identify(src/Hiwin_libmodbus/hiwin_libmodbus) by extensions ['colcon_meta']
[0.122s] Level 1:colcon.colcon_core.package_identification:_identify(src/Hiwin_libmodbus/hiwin_libmodbus) by extension 'colcon_meta'
[0.122s] Level 1:colcon.colcon_core.package_identification:_identify(src/Hiwin_libmodbus/hiwin_libmodbus) by extensions ['ros']
[0.122s] Level 1:colcon.colcon_core.package_identification:_identify(src/Hiwin_libmodbus/hiwin_libmodbus) by extension 'ros'
[0.122s] DEBUG:colcon.colcon_core.package_identification:Package 'src/Hiwin_libmodbus/hiwin_libmodbus' with type 'ros.ament_cmake' and name 'hiwin_libmodbus'
[0.122s] Level 1:colcon.colcon_core.package_identification:_identify(src/Hiwin_libmodbus/hiwin_service_client) by extensions ['ignore', 'ignore_ament_install']
[0.122s] Level 1:colcon.colcon_core.package_identification:_identify(src/Hiwin_libmodbus/hiwin_service_client) by extension 'ignore'
[0.122s] Level 1:colcon.colcon_core.package_identification:_identify(src/Hiwin_libmodbus/hiwin_service_client) by extension 'ignore_ament_install'
[0.122s] Level 1:colcon.colcon_core.package_identification:_identify(src/Hiwin_libmodbus/hiwin_service_client) by extensions ['colcon_pkg']
[0.122s] Level 1:colcon.colcon_core.package_identification:_identify(src/Hiwin_libmodbus/hiwin_service_client) by extension 'colcon_pkg'
[0.122s] Level 1:colcon.colcon_core.package_identification:_identify(src/Hiwin_libmodbus/hiwin_service_client) by extensions ['colcon_meta']
[0.122s] Level 1:colcon.colcon_core.package_identification:_identify(src/Hiwin_libmodbus/hiwin_service_client) by extension 'colcon_meta'
[0.122s] Level 1:colcon.colcon_core.package_identification:_identify(src/Hiwin_libmodbus/hiwin_service_client) by extensions ['ros']
[0.122s] Level 1:colcon.colcon_core.package_identification:_identify(src/Hiwin_libmodbus/hiwin_service_client) by extension 'ros'
[0.123s] DEBUG:colcon.colcon_core.package_identification:Package 'src/Hiwin_libmodbus/hiwin_service_client' with type 'ros.ament_cmake' and name 'hiwin_service_client'
[0.123s] Level 1:colcon.colcon_core.package_identification:_identify(src/Hiwin_libmodbus/libmodbus) by extensions ['ignore', 'ignore_ament_install']
[0.123s] Level 1:colcon.colcon_core.package_identification:_identify(src/Hiwin_libmodbus/libmodbus) by extension 'ignore'
[0.123s] Level 1:colcon.colcon_core.package_identification:_identify(src/Hiwin_libmodbus/libmodbus) by extension 'ignore_ament_install'
[0.123s] Level 1:colcon.colcon_core.package_identification:_identify(src/Hiwin_libmodbus/libmodbus) by extensions ['colcon_pkg']
[0.123s] Level 1:colcon.colcon_core.package_identification:_identify(src/Hiwin_libmodbus/libmodbus) by extension 'colcon_pkg'
[0.123s] Level 1:colcon.colcon_core.package_identification:_identify(src/Hiwin_libmodbus/libmodbus) by extensions ['colcon_meta']
[0.123s] Level 1:colcon.colcon_core.package_identification:_identify(src/Hiwin_libmodbus/libmodbus) by extension 'colcon_meta'
[0.123s] Level 1:colcon.colcon_core.package_identification:_identify(src/Hiwin_libmodbus/libmodbus) by extensions ['ros']
[0.123s] Level 1:colcon.colcon_core.package_identification:_identify(src/Hiwin_libmodbus/libmodbus) by extension 'ros'
[0.123s] Level 1:colcon.colcon_core.package_identification:_identify(src/Hiwin_libmodbus/libmodbus) by extensions ['cmake', 'python']
[0.123s] Level 1:colcon.colcon_core.package_identification:_identify(src/Hiwin_libmodbus/libmodbus) by extension 'cmake'
[0.123s] Level 1:colcon.colcon_core.package_identification:_identify(src/Hiwin_libmodbus/libmodbus) by extension 'python'
[0.123s] Level 1:colcon.colcon_core.package_identification:_identify(src/Hiwin_libmodbus/libmodbus) by extensions ['python_setup_py']
[0.123s] Level 1:colcon.colcon_core.package_identification:_identify(src/Hiwin_libmodbus/libmodbus) by extension 'python_setup_py'
[0.123s] Level 1:colcon.colcon_core.package_identification:_identify(src/Hiwin_libmodbus/libmodbus/autom4te.cache) by extensions ['ignore', 'ignore_ament_install']
[0.123s] Level 1:colcon.colcon_core.package_identification:_identify(src/Hiwin_libmodbus/libmodbus/autom4te.cache) by extension 'ignore'
[0.123s] Level 1:colcon.colcon_core.package_identification:_identify(src/Hiwin_libmodbus/libmodbus/autom4te.cache) by extension 'ignore_ament_install'
[0.124s] Level 1:colcon.colcon_core.package_identification:_identify(src/Hiwin_libmodbus/libmodbus/autom4te.cache) by extensions ['colcon_pkg']
[0.124s] Level 1:colcon.colcon_core.package_identification:_identify(src/Hiwin_libmodbus/libmodbus/autom4te.cache) by extension 'colcon_pkg'
[0.124s] Level 1:colcon.colcon_core.package_identification:_identify(src/Hiwin_libmodbus/libmodbus/autom4te.cache) by extensions ['colcon_meta']
[0.124s] Level 1:colcon.colcon_core.package_identification:_identify(src/Hiwin_libmodbus/libmodbus/autom4te.cache) by extension 'colcon_meta'
[0.124s] Level 1:colcon.colcon_core.package_identification:_identify(src/Hiwin_libmodbus/libmodbus/autom4te.cache) by extensions ['ros']
[0.124s] Level 1:colcon.colcon_core.package_identification:_identify(src/Hiwin_libmodbus/libmodbus/autom4te.cache) by extension 'ros'
[0.124s] Level 1:colcon.colcon_core.package_identification:_identify(src/Hiwin_libmodbus/libmodbus/autom4te.cache) by extensions ['cmake', 'python']
[0.124s] Level 1:colcon.colcon_core.package_identification:_identify(src/Hiwin_libmodbus/libmodbus/autom4te.cache) by extension 'cmake'
[0.124s] Level 1:colcon.colcon_core.package_identification:_identify(src/Hiwin_libmodbus/libmodbus/autom4te.cache) by extension 'python'
[0.124s] Level 1:colcon.colcon_core.package_identification:_identify(src/Hiwin_libmodbus/libmodbus/autom4te.cache) by extensions ['python_setup_py']
[0.124s] Level 1:colcon.colcon_core.package_identification:_identify(src/Hiwin_libmodbus/libmodbus/autom4te.cache) by extension 'python_setup_py'
[0.124s] Level 1:colcon.colcon_core.package_identification:_identify(src/Hiwin_libmodbus/libmodbus/build-aux) by extensions ['ignore', 'ignore_ament_install']
[0.124s] Level 1:colcon.colcon_core.package_identification:_identify(src/Hiwin_libmodbus/libmodbus/build-aux) by extension 'ignore'
[0.124s] Level 1:colcon.colcon_core.package_identification:_identify(src/Hiwin_libmodbus/libmodbus/build-aux) by extension 'ignore_ament_install'
[0.124s] Level 1:colcon.colcon_core.package_identification:_identify(src/Hiwin_libmodbus/libmodbus/build-aux) by extensions ['colcon_pkg']
[0.124s] Level 1:colcon.colcon_core.package_identification:_identify(src/Hiwin_libmodbus/libmodbus/build-aux) by extension 'colcon_pkg'
[0.124s] Level 1:colcon.colcon_core.package_identification:_identify(src/Hiwin_libmodbus/libmodbus/build-aux) by extensions ['colcon_meta']
[0.124s] Level 1:colcon.colcon_core.package_identification:_identify(src/Hiwin_libmodbus/libmodbus/build-aux) by extension 'colcon_meta'
[0.124s] Level 1:colcon.colcon_core.package_identification:_identify(src/Hiwin_libmodbus/libmodbus/build-aux) by extensions ['ros']
[0.124s] Level 1:colcon.colcon_core.package_identification:_identify(src/Hiwin_libmodbus/libmodbus/build-aux) by extension 'ros'
[0.124s] Level 1:colcon.colcon_core.package_identification:_identify(src/Hiwin_libmodbus/libmodbus/build-aux) by extensions ['cmake', 'python']
[0.124s] Level 1:colcon.colcon_core.package_identification:_identify(src/Hiwin_libmodbus/libmodbus/build-aux) by extension 'cmake'
[0.124s] Level 1:colcon.colcon_core.package_identification:_identify(src/Hiwin_libmodbus/libmodbus/build-aux) by extension 'python'
[0.124s] Level 1:colcon.colcon_core.package_identification:_identify(src/Hiwin_libmodbus/libmodbus/build-aux) by extensions ['python_setup_py']
[0.124s] Level 1:colcon.colcon_core.package_identification:_identify(src/Hiwin_libmodbus/libmodbus/build-aux) by extension 'python_setup_py'
[0.124s] Level 1:colcon.colcon_core.package_identification:_identify(src/Hiwin_libmodbus/libmodbus/docs) by extensions ['ignore', 'ignore_ament_install']
[0.124s] Level 1:colcon.colcon_core.package_identification:_identify(src/Hiwin_libmodbus/libmodbus/docs) by extension 'ignore'
[0.124s] Level 1:colcon.colcon_core.package_identification:_identify(src/Hiwin_libmodbus/libmodbus/docs) by extension 'ignore_ament_install'
[0.124s] Level 1:colcon.colcon_core.package_identification:_identify(src/Hiwin_libmodbus/libmodbus/docs) by extensions ['colcon_pkg']
[0.124s] Level 1:colcon.colcon_core.package_identification:_identify(src/Hiwin_libmodbus/libmodbus/docs) by extension 'colcon_pkg'
[0.124s] Level 1:colcon.colcon_core.package_identification:_identify(src/Hiwin_libmodbus/libmodbus/docs) by extensions ['colcon_meta']
[0.124s] Level 1:colcon.colcon_core.package_identification:_identify(src/Hiwin_libmodbus/libmodbus/docs) by extension 'colcon_meta'
[0.124s] Level 1:colcon.colcon_core.package_identification:_identify(src/Hiwin_libmodbus/libmodbus/docs) by extensions ['ros']
[0.124s] Level 1:colcon.colcon_core.package_identification:_identify(src/Hiwin_libmodbus/libmodbus/docs) by extension 'ros'
[0.124s] Level 1:colcon.colcon_core.package_identification:_identify(src/Hiwin_libmodbus/libmodbus/docs) by extensions ['cmake', 'python']
[0.124s] Level 1:colcon.colcon_core.package_identification:_identify(src/Hiwin_libmodbus/libmodbus/docs) by extension 'cmake'
[0.124s] Level 1:colcon.colcon_core.package_identification:_identify(src/Hiwin_libmodbus/libmodbus/docs) by extension 'python'
[0.124s] Level 1:colcon.colcon_core.package_identification:_identify(src/Hiwin_libmodbus/libmodbus/docs) by extensions ['python_setup_py']
[0.124s] Level 1:colcon.colcon_core.package_identification:_identify(src/Hiwin_libmodbus/libmodbus/docs) by extension 'python_setup_py'
[0.125s] Level 1:colcon.colcon_core.package_identification:_identify(src/Hiwin_libmodbus/libmodbus/docs/assets) by extensions ['ignore', 'ignore_ament_install']
[0.125s] Level 1:colcon.colcon_core.package_identification:_identify(src/Hiwin_libmodbus/libmodbus/docs/assets) by extension 'ignore'
[0.125s] Level 1:colcon.colcon_core.package_identification:_identify(src/Hiwin_libmodbus/libmodbus/docs/assets) by extension 'ignore_ament_install'
[0.125s] Level 1:colcon.colcon_core.package_identification:_identify(src/Hiwin_libmodbus/libmodbus/docs/assets) by extensions ['colcon_pkg']
[0.125s] Level 1:colcon.colcon_core.package_identification:_identify(src/Hiwin_libmodbus/libmodbus/docs/assets) by extension 'colcon_pkg'
[0.125s] Level 1:colcon.colcon_core.package_identification:_identify(src/Hiwin_libmodbus/libmodbus/docs/assets) by extensions ['colcon_meta']
[0.125s] Level 1:colcon.colcon_core.package_identification:_identify(src/Hiwin_libmodbus/libmodbus/docs/assets) by extension 'colcon_meta'
[0.125s] Level 1:colcon.colcon_core.package_identification:_identify(src/Hiwin_libmodbus/libmodbus/docs/assets) by extensions ['ros']
[0.125s] Level 1:colcon.colcon_core.package_identification:_identify(src/Hiwin_libmodbus/libmodbus/docs/assets) by extension 'ros'
[0.125s] Level 1:colcon.colcon_core.package_identification:_identify(src/Hiwin_libmodbus/libmodbus/docs/assets) by extensions ['cmake', 'python']
[0.125s] Level 1:colcon.colcon_core.package_identification:_identify(src/Hiwin_libmodbus/libmodbus/docs/assets) by extension 'cmake'
[0.125s] Level 1:colcon.colcon_core.package_identification:_identify(src/Hiwin_libmodbus/libmodbus/docs/assets) by extension 'python'
[0.125s] Level 1:colcon.colcon_core.package_identification:_identify(src/Hiwin_libmodbus/libmodbus/docs/assets) by extensions ['python_setup_py']
[0.125s] Level 1:colcon.colcon_core.package_identification:_identify(src/Hiwin_libmodbus/libmodbus/docs/assets) by extension 'python_setup_py'
[0.125s] Level 1:colcon.colcon_core.package_identification:_identify(src/Hiwin_libmodbus/libmodbus/m4) by extensions ['ignore', 'ignore_ament_install']
[0.125s] Level 1:colcon.colcon_core.package_identification:_identify(src/Hiwin_libmodbus/libmodbus/m4) by extension 'ignore'
[0.125s] Level 1:colcon.colcon_core.package_identification:_identify(src/Hiwin_libmodbus/libmodbus/m4) by extension 'ignore_ament_install'
[0.125s] Level 1:colcon.colcon_core.package_identification:_identify(src/Hiwin_libmodbus/libmodbus/m4) by extensions ['colcon_pkg']
[0.125s] Level 1:colcon.colcon_core.package_identification:_identify(src/Hiwin_libmodbus/libmodbus/m4) by extension 'colcon_pkg'
[0.125s] Level 1:colcon.colcon_core.package_identification:_identify(src/Hiwin_libmodbus/libmodbus/m4) by extensions ['colcon_meta']
[0.125s] Level 1:colcon.colcon_core.package_identification:_identify(src/Hiwin_libmodbus/libmodbus/m4) by extension 'colcon_meta'
[0.125s] Level 1:colcon.colcon_core.package_identification:_identify(src/Hiwin_libmodbus/libmodbus/m4) by extensions ['ros']
[0.125s] Level 1:colcon.colcon_core.package_identification:_identify(src/Hiwin_libmodbus/libmodbus/m4) by extension 'ros'
[0.125s] Level 1:colcon.colcon_core.package_identification:_identify(src/Hiwin_libmodbus/libmodbus/m4) by extensions ['cmake', 'python']
[0.125s] Level 1:colcon.colcon_core.package_identification:_identify(src/Hiwin_libmodbus/libmodbus/m4) by extension 'cmake'
[0.125s] Level 1:colcon.colcon_core.package_identification:_identify(src/Hiwin_libmodbus/libmodbus/m4) by extension 'python'
[0.125s] Level 1:colcon.colcon_core.package_identification:_identify(src/Hiwin_libmodbus/libmodbus/m4) by extensions ['python_setup_py']
[0.125s] Level 1:colcon.colcon_core.package_identification:_identify(src/Hiwin_libmodbus/libmodbus/m4) by extension 'python_setup_py'
[0.125s] Level 1:colcon.colcon_core.package_identification:_identify(src/Hiwin_libmodbus/libmodbus/src) by extensions ['ignore', 'ignore_ament_install']
[0.125s] Level 1:colcon.colcon_core.package_identification:_identify(src/Hiwin_libmodbus/libmodbus/src) by extension 'ignore'
[0.125s] Level 1:colcon.colcon_core.package_identification:_identify(src/Hiwin_libmodbus/libmodbus/src) by extension 'ignore_ament_install'
[0.125s] Level 1:colcon.colcon_core.package_identification:_identify(src/Hiwin_libmodbus/libmodbus/src) by extensions ['colcon_pkg']
[0.125s] Level 1:colcon.colcon_core.package_identification:_identify(src/Hiwin_libmodbus/libmodbus/src) by extension 'colcon_pkg'
[0.125s] Level 1:colcon.colcon_core.package_identification:_identify(src/Hiwin_libmodbus/libmodbus/src) by extensions ['colcon_meta']
[0.125s] Level 1:colcon.colcon_core.package_identification:_identify(src/Hiwin_libmodbus/libmodbus/src) by extension 'colcon_meta'
[0.126s] Level 1:colcon.colcon_core.package_identification:_identify(src/Hiwin_libmodbus/libmodbus/src) by extensions ['ros']
[0.126s] Level 1:colcon.colcon_core.package_identification:_identify(src/Hiwin_libmodbus/libmodbus/src) by extension 'ros'
[0.126s] Level 1:colcon.colcon_core.package_identification:_identify(src/Hiwin_libmodbus/libmodbus/src) by extensions ['cmake', 'python']
[0.126s] Level 1:colcon.colcon_core.package_identification:_identify(src/Hiwin_libmodbus/libmodbus/src) by extension 'cmake'
[0.126s] Level 1:colcon.colcon_core.package_identification:_identify(src/Hiwin_libmodbus/libmodbus/src) by extension 'python'
[0.126s] Level 1:colcon.colcon_core.package_identification:_identify(src/Hiwin_libmodbus/libmodbus/src) by extensions ['python_setup_py']
[0.126s] Level 1:colcon.colcon_core.package_identification:_identify(src/Hiwin_libmodbus/libmodbus/src) by extension 'python_setup_py'
[0.126s] Level 1:colcon.colcon_core.package_identification:_identify(src/Hiwin_libmodbus/libmodbus/src/win32) by extensions ['ignore', 'ignore_ament_install']
[0.126s] Level 1:colcon.colcon_core.package_identification:_identify(src/Hiwin_libmodbus/libmodbus/src/win32) by extension 'ignore'
[0.126s] Level 1:colcon.colcon_core.package_identification:_identify(src/Hiwin_libmodbus/libmodbus/src/win32) by extension 'ignore_ament_install'
[0.126s] Level 1:colcon.colcon_core.package_identification:_identify(src/Hiwin_libmodbus/libmodbus/src/win32) by extensions ['colcon_pkg']
[0.126s] Level 1:colcon.colcon_core.package_identification:_identify(src/Hiwin_libmodbus/libmodbus/src/win32) by extension 'colcon_pkg'
[0.126s] Level 1:colcon.colcon_core.package_identification:_identify(src/Hiwin_libmodbus/libmodbus/src/win32) by extensions ['colcon_meta']
[0.126s] Level 1:colcon.colcon_core.package_identification:_identify(src/Hiwin_libmodbus/libmodbus/src/win32) by extension 'colcon_meta'
[0.126s] Level 1:colcon.colcon_core.package_identification:_identify(src/Hiwin_libmodbus/libmodbus/src/win32) by extensions ['ros']
[0.126s] Level 1:colcon.colcon_core.package_identification:_identify(src/Hiwin_libmodbus/libmodbus/src/win32) by extension 'ros'
[0.126s] Level 1:colcon.colcon_core.package_identification:_identify(src/Hiwin_libmodbus/libmodbus/src/win32) by extensions ['cmake', 'python']
[0.126s] Level 1:colcon.colcon_core.package_identification:_identify(src/Hiwin_libmodbus/libmodbus/src/win32) by extension 'cmake'
[0.126s] Level 1:colcon.colcon_core.package_identification:_identify(src/Hiwin_libmodbus/libmodbus/src/win32) by extension 'python'
[0.126s] Level 1:colcon.colcon_core.package_identification:_identify(src/Hiwin_libmodbus/libmodbus/src/win32) by extensions ['python_setup_py']
[0.126s] Level 1:colcon.colcon_core.package_identification:_identify(src/Hiwin_libmodbus/libmodbus/src/win32) by extension 'python_setup_py'
[0.126s] Level 1:colcon.colcon_core.package_identification:_identify(src/Hiwin_libmodbus/libmodbus/tests) by extensions ['ignore', 'ignore_ament_install']
[0.126s] Level 1:colcon.colcon_core.package_identification:_identify(src/Hiwin_libmodbus/libmodbus/tests) by extension 'ignore'
[0.126s] Level 1:colcon.colcon_core.package_identification:_identify(src/Hiwin_libmodbus/libmodbus/tests) by extension 'ignore_ament_install'
[0.126s] Level 1:colcon.colcon_core.package_identification:_identify(src/Hiwin_libmodbus/libmodbus/tests) by extensions ['colcon_pkg']
[0.126s] Level 1:colcon.colcon_core.package_identification:_identify(src/Hiwin_libmodbus/libmodbus/tests) by extension 'colcon_pkg'
[0.126s] Level 1:colcon.colcon_core.package_identification:_identify(src/Hiwin_libmodbus/libmodbus/tests) by extensions ['colcon_meta']
[0.126s] Level 1:colcon.colcon_core.package_identification:_identify(src/Hiwin_libmodbus/libmodbus/tests) by extension 'colcon_meta'
[0.126s] Level 1:colcon.colcon_core.package_identification:_identify(src/Hiwin_libmodbus/libmodbus/tests) by extensions ['ros']
[0.126s] Level 1:colcon.colcon_core.package_identification:_identify(src/Hiwin_libmodbus/libmodbus/tests) by extension 'ros'
[0.126s] Level 1:colcon.colcon_core.package_identification:_identify(src/Hiwin_libmodbus/libmodbus/tests) by extensions ['cmake', 'python']
[0.126s] Level 1:colcon.colcon_core.package_identification:_identify(src/Hiwin_libmodbus/libmodbus/tests) by extension 'cmake'
[0.126s] Level 1:colcon.colcon_core.package_identification:_identify(src/Hiwin_libmodbus/libmodbus/tests) by extension 'python'
[0.126s] Level 1:colcon.colcon_core.package_identification:_identify(src/Hiwin_libmodbus/libmodbus/tests) by extensions ['python_setup_py']
[0.126s] Level 1:colcon.colcon_core.package_identification:_identify(src/Hiwin_libmodbus/libmodbus/tests) by extension 'python_setup_py'
[0.126s] Level 1:colcon.colcon_core.package_identification:_identify(src/aruco_marker_pics) by extensions ['ignore', 'ignore_ament_install']
[0.126s] Level 1:colcon.colcon_core.package_identification:_identify(src/aruco_marker_pics) by extension 'ignore'
[0.126s] Level 1:colcon.colcon_core.package_identification:_identify(src/aruco_marker_pics) by extension 'ignore_ament_install'
[0.127s] Level 1:colcon.colcon_core.package_identification:_identify(src/aruco_marker_pics) by extensions ['colcon_pkg']
[0.127s] Level 1:colcon.colcon_core.package_identification:_identify(src/aruco_marker_pics) by extension 'colcon_pkg'
[0.127s] Level 1:colcon.colcon_core.package_identification:_identify(src/aruco_marker_pics) by extensions ['colcon_meta']
[0.127s] Level 1:colcon.colcon_core.package_identification:_identify(src/aruco_marker_pics) by extension 'colcon_meta'
[0.127s] Level 1:colcon.colcon_core.package_identification:_identify(src/aruco_marker_pics) by extensions ['ros']
[0.127s] Level 1:colcon.colcon_core.package_identification:_identify(src/aruco_marker_pics) by extension 'ros'
[0.127s] Level 1:colcon.colcon_core.package_identification:_identify(src/aruco_marker_pics) by extensions ['cmake', 'python']
[0.127s] Level 1:colcon.colcon_core.package_identification:_identify(src/aruco_marker_pics) by extension 'cmake'
[0.127s] Level 1:colcon.colcon_core.package_identification:_identify(src/aruco_marker_pics) by extension 'python'
[0.127s] Level 1:colcon.colcon_core.package_identification:_identify(src/aruco_marker_pics) by extensions ['python_setup_py']
[0.127s] Level 1:colcon.colcon_core.package_identification:_identify(src/aruco_marker_pics) by extension 'python_setup_py'
[0.127s] Level 1:colcon.colcon_core.package_identification:_identify(src/aruco_marker_pics/svgtopng) by extensions ['ignore', 'ignore_ament_install']
[0.127s] Level 1:colcon.colcon_core.package_identification:_identify(src/aruco_marker_pics/svgtopng) by extension 'ignore'
[0.127s] Level 1:colcon.colcon_core.package_identification:_identify(src/aruco_marker_pics/svgtopng) by extension 'ignore_ament_install'
[0.127s] Level 1:colcon.colcon_core.package_identification:_identify(src/aruco_marker_pics/svgtopng) by extensions ['colcon_pkg']
[0.127s] Level 1:colcon.colcon_core.package_identification:_identify(src/aruco_marker_pics/svgtopng) by extension 'colcon_pkg'
[0.127s] Level 1:colcon.colcon_core.package_identification:_identify(src/aruco_marker_pics/svgtopng) by extensions ['colcon_meta']
[0.127s] Level 1:colcon.colcon_core.package_identification:_identify(src/aruco_marker_pics/svgtopng) by extension 'colcon_meta'
[0.127s] Level 1:colcon.colcon_core.package_identification:_identify(src/aruco_marker_pics/svgtopng) by extensions ['ros']
[0.127s] Level 1:colcon.colcon_core.package_identification:_identify(src/aruco_marker_pics/svgtopng) by extension 'ros'
[0.127s] Level 1:colcon.colcon_core.package_identification:_identify(src/aruco_marker_pics/svgtopng) by extensions ['cmake', 'python']
[0.127s] Level 1:colcon.colcon_core.package_identification:_identify(src/aruco_marker_pics/svgtopng) by extension 'cmake'
[0.127s] Level 1:colcon.colcon_core.package_identification:_identify(src/aruco_marker_pics/svgtopng) by extension 'python'
[0.127s] Level 1:colcon.colcon_core.package_identification:_identify(src/aruco_marker_pics/svgtopng) by extensions ['python_setup_py']
[0.127s] Level 1:colcon.colcon_core.package_identification:_identify(src/aruco_marker_pics/svgtopng) by extension 'python_setup_py'
[0.127s] Level 1:colcon.colcon_core.package_identification:_identify(src/hiwin_control) by extensions ['ignore', 'ignore_ament_install']
[0.127s] Level 1:colcon.colcon_core.package_identification:_identify(src/hiwin_control) by extension 'ignore'
[0.127s] Level 1:colcon.colcon_core.package_identification:_identify(src/hiwin_control) by extension 'ignore_ament_install'
[0.127s] Level 1:colcon.colcon_core.package_identification:_identify(src/hiwin_control) by extensions ['colcon_pkg']
[0.127s] Level 1:colcon.colcon_core.package_identification:_identify(src/hiwin_control) by extension 'colcon_pkg'
[0.127s] Level 1:colcon.colcon_core.package_identification:_identify(src/hiwin_control) by extensions ['colcon_meta']
[0.127s] Level 1:colcon.colcon_core.package_identification:_identify(src/hiwin_control) by extension 'colcon_meta'
[0.127s] Level 1:colcon.colcon_core.package_identification:_identify(src/hiwin_control) by extensions ['ros']
[0.127s] Level 1:colcon.colcon_core.package_identification:_identify(src/hiwin_control) by extension 'ros'
[0.128s] DEBUG:colcon.colcon_core.package_identification:Package 'src/hiwin_control' with type 'ros.ament_python' and name 'hiwin_control'
[0.128s] Level 1:colcon.colcon_core.package_identification:_identify(src/picture) by extensions ['ignore', 'ignore_ament_install']
[0.128s] Level 1:colcon.colcon_core.package_identification:_identify(src/picture) by extension 'ignore'
[0.128s] Level 1:colcon.colcon_core.package_identification:_identify(src/picture) by extension 'ignore_ament_install'
[0.128s] Level 1:colcon.colcon_core.package_identification:_identify(src/picture) by extensions ['colcon_pkg']
[0.128s] Level 1:colcon.colcon_core.package_identification:_identify(src/picture) by extension 'colcon_pkg'
[0.128s] Level 1:colcon.colcon_core.package_identification:_identify(src/picture) by extensions ['colcon_meta']
[0.128s] Level 1:colcon.colcon_core.package_identification:_identify(src/picture) by extension 'colcon_meta'
[0.128s] Level 1:colcon.colcon_core.package_identification:_identify(src/picture) by extensions ['ros']
[0.128s] Level 1:colcon.colcon_core.package_identification:_identify(src/picture) by extension 'ros'
[0.128s] Level 1:colcon.colcon_core.package_identification:_identify(src/picture) by extensions ['cmake', 'python']
[0.128s] Level 1:colcon.colcon_core.package_identification:_identify(src/picture) by extension 'cmake'
[0.128s] Level 1:colcon.colcon_core.package_identification:_identify(src/picture) by extension 'python'
[0.128s] Level 1:colcon.colcon_core.package_identification:_identify(src/picture) by extensions ['python_setup_py']
[0.128s] Level 1:colcon.colcon_core.package_identification:_identify(src/picture) by extension 'python_setup_py'
[0.128s] Level 1:colcon.colcon_core.package_identification:_identify(src/pool) by extensions ['ignore', 'ignore_ament_install']
[0.128s] Level 1:colcon.colcon_core.package_identification:_identify(src/pool) by extension 'ignore'
[0.128s] Level 1:colcon.colcon_core.package_identification:_identify(src/pool) by extension 'ignore_ament_install'
[0.128s] Level 1:colcon.colcon_core.package_identification:_identify(src/pool) by extensions ['colcon_pkg']
[0.128s] Level 1:colcon.colcon_core.package_identification:_identify(src/pool) by extension 'colcon_pkg'
[0.128s] Level 1:colcon.colcon_core.package_identification:_identify(src/pool) by extensions ['colcon_meta']
[0.128s] Level 1:colcon.colcon_core.package_identification:_identify(src/pool) by extension 'colcon_meta'
[0.128s] Level 1:colcon.colcon_core.package_identification:_identify(src/pool) by extensions ['ros']
[0.128s] Level 1:colcon.colcon_core.package_identification:_identify(src/pool) by extension 'ros'
[0.128s] Level 1:colcon.colcon_core.package_identification:_identify(src/pool) by extensions ['cmake', 'python']
[0.128s] Level 1:colcon.colcon_core.package_identification:_identify(src/pool) by extension 'cmake'
[0.128s] Level 1:colcon.colcon_core.package_identification:_identify(src/pool) by extension 'python'
[0.128s] Level 1:colcon.colcon_core.package_identification:_identify(src/pool) by extensions ['python_setup_py']
[0.128s] Level 1:colcon.colcon_core.package_identification:_identify(src/pool) by extension 'python_setup_py'
[0.128s] Level 1:colcon.colcon_core.package_identification:_identify(src/pool/center) by extensions ['ignore', 'ignore_ament_install']
[0.128s] Level 1:colcon.colcon_core.package_identification:_identify(src/pool/center) by extension 'ignore'
[0.128s] Level 1:colcon.colcon_core.package_identification:_identify(src/pool/center) by extension 'ignore_ament_install'
[0.129s] Level 1:colcon.colcon_core.package_identification:_identify(src/pool/center) by extensions ['colcon_pkg']
[0.129s] Level 1:colcon.colcon_core.package_identification:_identify(src/pool/center) by extension 'colcon_pkg'
[0.129s] Level 1:colcon.colcon_core.package_identification:_identify(src/pool/center) by extensions ['colcon_meta']
[0.129s] Level 1:colcon.colcon_core.package_identification:_identify(src/pool/center) by extension 'colcon_meta'
[0.129s] Level 1:colcon.colcon_core.package_identification:_identify(src/pool/center) by extensions ['ros']
[0.129s] Level 1:colcon.colcon_core.package_identification:_identify(src/pool/center) by extension 'ros'
[0.129s] DEBUG:colcon.colcon_core.package_identification:Package 'src/pool/center' with type 'ros.ament_python' and name 'center'
[0.129s] Level 1:colcon.colcon_core.package_identification:_identify(src/pool/detect) by extensions ['ignore', 'ignore_ament_install']
[0.129s] Level 1:colcon.colcon_core.package_identification:_identify(src/pool/detect) by extension 'ignore'
[0.129s] Level 1:colcon.colcon_core.package_identification:_identify(src/pool/detect) by extension 'ignore_ament_install'
[0.129s] Level 1:colcon.colcon_core.package_identification:_identify(src/pool/detect) by extensions ['colcon_pkg']
[0.129s] Level 1:colcon.colcon_core.package_identification:_identify(src/pool/detect) by extension 'colcon_pkg'
[0.129s] Level 1:colcon.colcon_core.package_identification:_identify(src/pool/detect) by extensions ['colcon_meta']
[0.129s] Level 1:colcon.colcon_core.package_identification:_identify(src/pool/detect) by extension 'colcon_meta'
[0.129s] Level 1:colcon.colcon_core.package_identification:_identify(src/pool/detect) by extensions ['ros']
[0.129s] Level 1:colcon.colcon_core.package_identification:_identify(src/pool/detect) by extension 'ros'
[0.129s] Level 1:colcon.colcon_core.package_identification:_identify(src/pool/detect) by extensions ['cmake', 'python']
[0.129s] Level 1:colcon.colcon_core.package_identification:_identify(src/pool/detect) by extension 'cmake'
[0.129s] Level 1:colcon.colcon_core.package_identification:_identify(src/pool/detect) by extension 'python'
[0.129s] Level 1:colcon.colcon_core.package_identification:_identify(src/pool/detect) by extensions ['python_setup_py']
[0.129s] Level 1:colcon.colcon_core.package_identification:_identify(src/pool/detect) by extension 'python_setup_py'
[0.129s] Level 1:colcon.colcon_core.package_identification:_identify(src/pool/detect/detect_interface) by extensions ['ignore', 'ignore_ament_install']
[0.129s] Level 1:colcon.colcon_core.package_identification:_identify(src/pool/detect/detect_interface) by extension 'ignore'
[0.129s] Level 1:colcon.colcon_core.package_identification:_identify(src/pool/detect/detect_interface) by extension 'ignore_ament_install'
[0.129s] Level 1:colcon.colcon_core.package_identification:_identify(src/pool/detect/detect_interface) by extensions ['colcon_pkg']
[0.129s] Level 1:colcon.colcon_core.package_identification:_identify(src/pool/detect/detect_interface) by extension 'colcon_pkg'
[0.129s] Level 1:colcon.colcon_core.package_identification:_identify(src/pool/detect/detect_interface) by extensions ['colcon_meta']
[0.129s] Level 1:colcon.colcon_core.package_identification:_identify(src/pool/detect/detect_interface) by extension 'colcon_meta'
[0.130s] Level 1:colcon.colcon_core.package_identification:_identify(src/pool/detect/detect_interface) by extensions ['ros']
[0.130s] Level 1:colcon.colcon_core.package_identification:_identify(src/pool/detect/detect_interface) by extension 'ros'
[0.130s] DEBUG:colcon.colcon_core.package_identification:Package 'src/pool/detect/detect_interface' with type 'ros.ament_cmake' and name 'detect_interface'
[0.130s] Level 1:colcon.colcon_core.package_identification:_identify(src/pool/detect/yolov7_obj_detect) by extensions ['ignore', 'ignore_ament_install']
[0.130s] Level 1:colcon.colcon_core.package_identification:_identify(src/pool/detect/yolov7_obj_detect) by extension 'ignore'
[0.130s] Level 1:colcon.colcon_core.package_identification:_identify(src/pool/detect/yolov7_obj_detect) by extension 'ignore_ament_install'
[0.130s] Level 1:colcon.colcon_core.package_identification:_identify(src/pool/detect/yolov7_obj_detect) by extensions ['colcon_pkg']
[0.130s] Level 1:colcon.colcon_core.package_identification:_identify(src/pool/detect/yolov7_obj_detect) by extension 'colcon_pkg'
[0.130s] Level 1:colcon.colcon_core.package_identification:_identify(src/pool/detect/yolov7_obj_detect) by extensions ['colcon_meta']
[0.130s] Level 1:colcon.colcon_core.package_identification:_identify(src/pool/detect/yolov7_obj_detect) by extension 'colcon_meta'
[0.130s] Level 1:colcon.colcon_core.package_identification:_identify(src/pool/detect/yolov7_obj_detect) by extensions ['ros']
[0.130s] Level 1:colcon.colcon_core.package_identification:_identify(src/pool/detect/yolov7_obj_detect) by extension 'ros'
[0.131s] DEBUG:colcon.colcon_core.package_identification:Package 'src/pool/detect/yolov7_obj_detect' with type 'ros.ament_python' and name 'yolov7_obj_detect'
[0.131s] Level 1:colcon.colcon_core.package_identification:_identify(src/pool/docker) by extensions ['ignore', 'ignore_ament_install']
[0.131s] Level 1:colcon.colcon_core.package_identification:_identify(src/pool/docker) by extension 'ignore'
[0.131s] Level 1:colcon.colcon_core.package_identification:_identify(src/pool/docker) by extension 'ignore_ament_install'
[0.131s] Level 1:colcon.colcon_core.package_identification:_identify(src/pool/docker) by extensions ['colcon_pkg']
[0.131s] Level 1:colcon.colcon_core.package_identification:_identify(src/pool/docker) by extension 'colcon_pkg'
[0.131s] Level 1:colcon.colcon_core.package_identification:_identify(src/pool/docker) by extensions ['colcon_meta']
[0.131s] Level 1:colcon.colcon_core.package_identification:_identify(src/pool/docker) by extension 'colcon_meta'
[0.131s] Level 1:colcon.colcon_core.package_identification:_identify(src/pool/docker) by extensions ['ros']
[0.131s] Level 1:colcon.colcon_core.package_identification:_identify(src/pool/docker) by extension 'ros'
[0.131s] Level 1:colcon.colcon_core.package_identification:_identify(src/pool/docker) by extensions ['cmake', 'python']
[0.131s] Level 1:colcon.colcon_core.package_identification:_identify(src/pool/docker) by extension 'cmake'
[0.131s] Level 1:colcon.colcon_core.package_identification:_identify(src/pool/docker) by extension 'python'
[0.131s] Level 1:colcon.colcon_core.package_identification:_identify(src/pool/docker) by extensions ['python_setup_py']
[0.131s] Level 1:colcon.colcon_core.package_identification:_identify(src/pool/docker) by extension 'python_setup_py'
[0.131s] Level 1:colcon.colcon_core.package_identification:_identify(src/pool/docker/compose) by extensions ['ignore', 'ignore_ament_install']
[0.131s] Level 1:colcon.colcon_core.package_identification:_identify(src/pool/docker/compose) by extension 'ignore'
[0.131s] Level 1:colcon.colcon_core.package_identification:_identify(src/pool/docker/compose) by extension 'ignore_ament_install'
[0.131s] Level 1:colcon.colcon_core.package_identification:_identify(src/pool/docker/compose) by extensions ['colcon_pkg']
[0.131s] Level 1:colcon.colcon_core.package_identification:_identify(src/pool/docker/compose) by extension 'colcon_pkg'
[0.131s] Level 1:colcon.colcon_core.package_identification:_identify(src/pool/docker/compose) by extensions ['colcon_meta']
[0.131s] Level 1:colcon.colcon_core.package_identification:_identify(src/pool/docker/compose) by extension 'colcon_meta'
[0.131s] Level 1:colcon.colcon_core.package_identification:_identify(src/pool/docker/compose) by extensions ['ros']
[0.131s] Level 1:colcon.colcon_core.package_identification:_identify(src/pool/docker/compose) by extension 'ros'
[0.131s] Level 1:colcon.colcon_core.package_identification:_identify(src/pool/docker/compose) by extensions ['cmake', 'python']
[0.131s] Level 1:colcon.colcon_core.package_identification:_identify(src/pool/docker/compose) by extension 'cmake'
[0.131s] Level 1:colcon.colcon_core.package_identification:_identify(src/pool/docker/compose) by extension 'python'
[0.131s] Level 1:colcon.colcon_core.package_identification:_identify(src/pool/docker/compose) by extensions ['python_setup_py']
[0.131s] Level 1:colcon.colcon_core.package_identification:_identify(src/pool/docker/compose) by extension 'python_setup_py'
[0.131s] Level 1:colcon.colcon_core.package_identification:_identify(src/pool/docker/compose/config) by extensions ['ignore', 'ignore_ament_install']
[0.131s] Level 1:colcon.colcon_core.package_identification:_identify(src/pool/docker/compose/config) by extension 'ignore'
[0.132s] Level 1:colcon.colcon_core.package_identification:_identify(src/pool/docker/compose/config) by extension 'ignore_ament_install'
[0.132s] Level 1:colcon.colcon_core.package_identification:_identify(src/pool/docker/compose/config) by extensions ['colcon_pkg']
[0.132s] Level 1:colcon.colcon_core.package_identification:_identify(src/pool/docker/compose/config) by extension 'colcon_pkg'
[0.132s] Level 1:colcon.colcon_core.package_identification:_identify(src/pool/docker/compose/config) by extensions ['colcon_meta']
[0.132s] Level 1:colcon.colcon_core.package_identification:_identify(src/pool/docker/compose/config) by extension 'colcon_meta'
[0.132s] Level 1:colcon.colcon_core.package_identification:_identify(src/pool/docker/compose/config) by extensions ['ros']
[0.132s] Level 1:colcon.colcon_core.package_identification:_identify(src/pool/docker/compose/config) by extension 'ros'
[0.132s] Level 1:colcon.colcon_core.package_identification:_identify(src/pool/docker/compose/config) by extensions ['cmake', 'python']
[0.132s] Level 1:colcon.colcon_core.package_identification:_identify(src/pool/docker/compose/config) by extension 'cmake'
[0.132s] Level 1:colcon.colcon_core.package_identification:_identify(src/pool/docker/compose/config) by extension 'python'
[0.132s] Level 1:colcon.colcon_core.package_identification:_identify(src/pool/docker/compose/config) by extensions ['python_setup_py']
[0.132s] Level 1:colcon.colcon_core.package_identification:_identify(src/pool/docker/compose/config) by extension 'python_setup_py'
[0.132s] Level 1:colcon.colcon_core.package_identification:_identify(src/pool/docker/compose/config/pip) by extensions ['ignore', 'ignore_ament_install']
[0.132s] Level 1:colcon.colcon_core.package_identification:_identify(src/pool/docker/compose/config/pip) by extension 'ignore'
[0.132s] Level 1:colcon.colcon_core.package_identification:_identify(src/pool/docker/compose/config/pip) by extension 'ignore_ament_install'
[0.132s] Level 1:colcon.colcon_core.package_identification:_identify(src/pool/docker/compose/config/pip) by extensions ['colcon_pkg']
[0.132s] Level 1:colcon.colcon_core.package_identification:_identify(src/pool/docker/compose/config/pip) by extension 'colcon_pkg'
[0.132s] Level 1:colcon.colcon_core.package_identification:_identify(src/pool/docker/compose/config/pip) by extensions ['colcon_meta']
[0.132s] Level 1:colcon.colcon_core.package_identification:_identify(src/pool/docker/compose/config/pip) by extension 'colcon_meta'
[0.132s] Level 1:colcon.colcon_core.package_identification:_identify(src/pool/docker/compose/config/pip) by extensions ['ros']
[0.132s] Level 1:colcon.colcon_core.package_identification:_identify(src/pool/docker/compose/config/pip) by extension 'ros'
[0.132s] Level 1:colcon.colcon_core.package_identification:_identify(src/pool/docker/compose/config/pip) by extensions ['cmake', 'python']
[0.132s] Level 1:colcon.colcon_core.package_identification:_identify(src/pool/docker/compose/config/pip) by extension 'cmake'
[0.132s] Level 1:colcon.colcon_core.package_identification:_identify(src/pool/docker/compose/config/pip) by extension 'python'
[0.132s] Level 1:colcon.colcon_core.package_identification:_identify(src/pool/docker/compose/config/pip) by extensions ['python_setup_py']
[0.132s] Level 1:colcon.colcon_core.package_identification:_identify(src/pool/docker/compose/config/pip) by extension 'python_setup_py'
[0.132s] Level 1:colcon.colcon_core.package_identification:_identify(src/pool/docker/compose/config/shell) by extensions ['ignore', 'ignore_ament_install']
[0.132s] Level 1:colcon.colcon_core.package_identification:_identify(src/pool/docker/compose/config/shell) by extension 'ignore'
[0.132s] Level 1:colcon.colcon_core.package_identification:_identify(src/pool/docker/compose/config/shell) by extension 'ignore_ament_install'
[0.132s] Level 1:colcon.colcon_core.package_identification:_identify(src/pool/docker/compose/config/shell) by extensions ['colcon_pkg']
[0.132s] Level 1:colcon.colcon_core.package_identification:_identify(src/pool/docker/compose/config/shell) by extension 'colcon_pkg'
[0.132s] Level 1:colcon.colcon_core.package_identification:_identify(src/pool/docker/compose/config/shell) by extensions ['colcon_meta']
[0.132s] Level 1:colcon.colcon_core.package_identification:_identify(src/pool/docker/compose/config/shell) by extension 'colcon_meta'
[0.132s] Level 1:colcon.colcon_core.package_identification:_identify(src/pool/docker/compose/config/shell) by extensions ['ros']
[0.132s] Level 1:colcon.colcon_core.package_identification:_identify(src/pool/docker/compose/config/shell) by extension 'ros'
[0.132s] Level 1:colcon.colcon_core.package_identification:_identify(src/pool/docker/compose/config/shell) by extensions ['cmake', 'python']
[0.132s] Level 1:colcon.colcon_core.package_identification:_identify(src/pool/docker/compose/config/shell) by extension 'cmake'
[0.132s] Level 1:colcon.colcon_core.package_identification:_identify(src/pool/docker/compose/config/shell) by extension 'python'
[0.133s] Level 1:colcon.colcon_core.package_identification:_identify(src/pool/docker/compose/config/shell) by extensions ['python_setup_py']
[0.133s] Level 1:colcon.colcon_core.package_identification:_identify(src/pool/docker/compose/config/shell) by extension 'python_setup_py'
[0.133s] Level 1:colcon.colcon_core.package_identification:_identify(src/pool/docker/compose/config/shell/terminator) by extensions ['ignore', 'ignore_ament_install']
[0.133s] Level 1:colcon.colcon_core.package_identification:_identify(src/pool/docker/compose/config/shell/terminator) by extension 'ignore'
[0.133s] Level 1:colcon.colcon_core.package_identification:_identify(src/pool/docker/compose/config/shell/terminator) by extension 'ignore_ament_install'
[0.133s] Level 1:colcon.colcon_core.package_identification:_identify(src/pool/docker/compose/config/shell/terminator) by extensions ['colcon_pkg']
[0.133s] Level 1:colcon.colcon_core.package_identification:_identify(src/pool/docker/compose/config/shell/terminator) by extension 'colcon_pkg'
[0.133s] Level 1:colcon.colcon_core.package_identification:_identify(src/pool/docker/compose/config/shell/terminator) by extensions ['colcon_meta']
[0.133s] Level 1:colcon.colcon_core.package_identification:_identify(src/pool/docker/compose/config/shell/terminator) by extension 'colcon_meta'
[0.133s] Level 1:colcon.colcon_core.package_identification:_identify(src/pool/docker/compose/config/shell/terminator) by extensions ['ros']
[0.133s] Level 1:colcon.colcon_core.package_identification:_identify(src/pool/docker/compose/config/shell/terminator) by extension 'ros'
[0.133s] Level 1:colcon.colcon_core.package_identification:_identify(src/pool/docker/compose/config/shell/terminator) by extensions ['cmake', 'python']
[0.133s] Level 1:colcon.colcon_core.package_identification:_identify(src/pool/docker/compose/config/shell/terminator) by extension 'cmake'
[0.133s] Level 1:colcon.colcon_core.package_identification:_identify(src/pool/docker/compose/config/shell/terminator) by extension 'python'
[0.133s] Level 1:colcon.colcon_core.package_identification:_identify(src/pool/docker/compose/config/shell/terminator) by extensions ['python_setup_py']
[0.133s] Level 1:colcon.colcon_core.package_identification:_identify(src/pool/docker/compose/config/shell/terminator) by extension 'python_setup_py'
[0.133s] Level 1:colcon.colcon_core.package_identification:_identify(src/pool/docker/compose/config/shell/tmux) by extensions ['ignore', 'ignore_ament_install']
[0.133s] Level 1:colcon.colcon_core.package_identification:_identify(src/pool/docker/compose/config/shell/tmux) by extension 'ignore'
[0.133s] Level 1:colcon.colcon_core.package_identification:_identify(src/pool/docker/compose/config/shell/tmux) by extension 'ignore_ament_install'
[0.133s] Level 1:colcon.colcon_core.package_identification:_identify(src/pool/docker/compose/config/shell/tmux) by extensions ['colcon_pkg']
[0.133s] Level 1:colcon.colcon_core.package_identification:_identify(src/pool/docker/compose/config/shell/tmux) by extension 'colcon_pkg'
[0.133s] Level 1:colcon.colcon_core.package_identification:_identify(src/pool/docker/compose/config/shell/tmux) by extensions ['colcon_meta']
[0.133s] Level 1:colcon.colcon_core.package_identification:_identify(src/pool/docker/compose/config/shell/tmux) by extension 'colcon_meta'
[0.133s] Level 1:colcon.colcon_core.package_identification:_identify(src/pool/docker/compose/config/shell/tmux) by extensions ['ros']
[0.133s] Level 1:colcon.colcon_core.package_identification:_identify(src/pool/docker/compose/config/shell/tmux) by extension 'ros'
[0.133s] Level 1:colcon.colcon_core.package_identification:_identify(src/pool/docker/compose/config/shell/tmux) by extensions ['cmake', 'python']
[0.133s] Level 1:colcon.colcon_core.package_identification:_identify(src/pool/docker/compose/config/shell/tmux) by extension 'cmake'
[0.133s] Level 1:colcon.colcon_core.package_identification:_identify(src/pool/docker/compose/config/shell/tmux) by extension 'python'
[0.133s] Level 1:colcon.colcon_core.package_identification:_identify(src/pool/docker/compose/config/shell/tmux) by extensions ['python_setup_py']
[0.133s] Level 1:colcon.colcon_core.package_identification:_identify(src/pool/docker/compose/config/shell/tmux) by extension 'python_setup_py'
[0.134s] Level 1:colcon.colcon_core.package_identification:_identify(src/pool/docker/config) by extensions ['ignore', 'ignore_ament_install']
[0.134s] Level 1:colcon.colcon_core.package_identification:_identify(src/pool/docker/config) by extension 'ignore'
[0.134s] Level 1:colcon.colcon_core.package_identification:_identify(src/pool/docker/config) by extension 'ignore_ament_install'
[0.134s] Level 1:colcon.colcon_core.package_identification:_identify(src/pool/docker/config) by extensions ['colcon_pkg']
[0.134s] Level 1:colcon.colcon_core.package_identification:_identify(src/pool/docker/config) by extension 'colcon_pkg'
[0.134s] Level 1:colcon.colcon_core.package_identification:_identify(src/pool/docker/config) by extensions ['colcon_meta']
[0.134s] Level 1:colcon.colcon_core.package_identification:_identify(src/pool/docker/config) by extension 'colcon_meta'
[0.134s] Level 1:colcon.colcon_core.package_identification:_identify(src/pool/docker/config) by extensions ['ros']
[0.134s] Level 1:colcon.colcon_core.package_identification:_identify(src/pool/docker/config) by extension 'ros'
[0.134s] Level 1:colcon.colcon_core.package_identification:_identify(src/pool/docker/config) by extensions ['cmake', 'python']
[0.134s] Level 1:colcon.colcon_core.package_identification:_identify(src/pool/docker/config) by extension 'cmake'
[0.134s] Level 1:colcon.colcon_core.package_identification:_identify(src/pool/docker/config) by extension 'python'
[0.134s] Level 1:colcon.colcon_core.package_identification:_identify(src/pool/docker/config) by extensions ['python_setup_py']
[0.134s] Level 1:colcon.colcon_core.package_identification:_identify(src/pool/docker/config) by extension 'python_setup_py'
[0.134s] Level 1:colcon.colcon_core.package_identification:_identify(src/pool/docker/config/pip) by extensions ['ignore', 'ignore_ament_install']
[0.134s] Level 1:colcon.colcon_core.package_identification:_identify(src/pool/docker/config/pip) by extension 'ignore'
[0.134s] Level 1:colcon.colcon_core.package_identification:_identify(src/pool/docker/config/pip) by extension 'ignore_ament_install'
[0.134s] Level 1:colcon.colcon_core.package_identification:_identify(src/pool/docker/config/pip) by extensions ['colcon_pkg']
[0.134s] Level 1:colcon.colcon_core.package_identification:_identify(src/pool/docker/config/pip) by extension 'colcon_pkg'
[0.134s] Level 1:colcon.colcon_core.package_identification:_identify(src/pool/docker/config/pip) by extensions ['colcon_meta']
[0.134s] Level 1:colcon.colcon_core.package_identification:_identify(src/pool/docker/config/pip) by extension 'colcon_meta'
[0.134s] Level 1:colcon.colcon_core.package_identification:_identify(src/pool/docker/config/pip) by extensions ['ros']
[0.134s] Level 1:colcon.colcon_core.package_identification:_identify(src/pool/docker/config/pip) by extension 'ros'
[0.134s] Level 1:colcon.colcon_core.package_identification:_identify(src/pool/docker/config/pip) by extensions ['cmake', 'python']
[0.134s] Level 1:colcon.colcon_core.package_identification:_identify(src/pool/docker/config/pip) by extension 'cmake'
[0.134s] Level 1:colcon.colcon_core.package_identification:_identify(src/pool/docker/config/pip) by extension 'python'
[0.134s] Level 1:colcon.colcon_core.package_identification:_identify(src/pool/docker/config/pip) by extensions ['python_setup_py']
[0.134s] Level 1:colcon.colcon_core.package_identification:_identify(src/pool/docker/config/pip) by extension 'python_setup_py'
[0.134s] Level 1:colcon.colcon_core.package_identification:_identify(src/pool/docker/config/shell) by extensions ['ignore', 'ignore_ament_install']
[0.134s] Level 1:colcon.colcon_core.package_identification:_identify(src/pool/docker/config/shell) by extension 'ignore'
[0.134s] Level 1:colcon.colcon_core.package_identification:_identify(src/pool/docker/config/shell) by extension 'ignore_ament_install'
[0.134s] Level 1:colcon.colcon_core.package_identification:_identify(src/pool/docker/config/shell) by extensions ['colcon_pkg']
[0.134s] Level 1:colcon.colcon_core.package_identification:_identify(src/pool/docker/config/shell) by extension 'colcon_pkg'
[0.134s] Level 1:colcon.colcon_core.package_identification:_identify(src/pool/docker/config/shell) by extensions ['colcon_meta']
[0.134s] Level 1:colcon.colcon_core.package_identification:_identify(src/pool/docker/config/shell) by extension 'colcon_meta'
[0.134s] Level 1:colcon.colcon_core.package_identification:_identify(src/pool/docker/config/shell) by extensions ['ros']
[0.134s] Level 1:colcon.colcon_core.package_identification:_identify(src/pool/docker/config/shell) by extension 'ros'
[0.135s] Level 1:colcon.colcon_core.package_identification:_identify(src/pool/docker/config/shell) by extensions ['cmake', 'python']
[0.135s] Level 1:colcon.colcon_core.package_identification:_identify(src/pool/docker/config/shell) by extension 'cmake'
[0.135s] Level 1:colcon.colcon_core.package_identification:_identify(src/pool/docker/config/shell) by extension 'python'
[0.135s] Level 1:colcon.colcon_core.package_identification:_identify(src/pool/docker/config/shell) by extensions ['python_setup_py']
[0.135s] Level 1:colcon.colcon_core.package_identification:_identify(src/pool/docker/config/shell) by extension 'python_setup_py'
[0.135s] Level 1:colcon.colcon_core.package_identification:_identify(src/pool/docker/config/shell/terminator) by extensions ['ignore', 'ignore_ament_install']
[0.135s] Level 1:colcon.colcon_core.package_identification:_identify(src/pool/docker/config/shell/terminator) by extension 'ignore'
[0.135s] Level 1:colcon.colcon_core.package_identification:_identify(src/pool/docker/config/shell/terminator) by extension 'ignore_ament_install'
[0.135s] Level 1:colcon.colcon_core.package_identification:_identify(src/pool/docker/config/shell/terminator) by extensions ['colcon_pkg']
[0.135s] Level 1:colcon.colcon_core.package_identification:_identify(src/pool/docker/config/shell/terminator) by extension 'colcon_pkg'
[0.135s] Level 1:colcon.colcon_core.package_identification:_identify(src/pool/docker/config/shell/terminator) by extensions ['colcon_meta']
[0.135s] Level 1:colcon.colcon_core.package_identification:_identify(src/pool/docker/config/shell/terminator) by extension 'colcon_meta'
[0.135s] Level 1:colcon.colcon_core.package_identification:_identify(src/pool/docker/config/shell/terminator) by extensions ['ros']
[0.135s] Level 1:colcon.colcon_core.package_identification:_identify(src/pool/docker/config/shell/terminator) by extension 'ros'
[0.135s] Level 1:colcon.colcon_core.package_identification:_identify(src/pool/docker/config/shell/terminator) by extensions ['cmake', 'python']
[0.135s] Level 1:colcon.colcon_core.package_identification:_identify(src/pool/docker/config/shell/terminator) by extension 'cmake'
[0.135s] Level 1:colcon.colcon_core.package_identification:_identify(src/pool/docker/config/shell/terminator) by extension 'python'
[0.135s] Level 1:colcon.colcon_core.package_identification:_identify(src/pool/docker/config/shell/terminator) by extensions ['python_setup_py']
[0.135s] Level 1:colcon.colcon_core.package_identification:_identify(src/pool/docker/config/shell/terminator) by extension 'python_setup_py'
[0.135s] Level 1:colcon.colcon_core.package_identification:_identify(src/pool/docker/config/shell/tmux) by extensions ['ignore', 'ignore_ament_install']
[0.135s] Level 1:colcon.colcon_core.package_identification:_identify(src/pool/docker/config/shell/tmux) by extension 'ignore'
[0.135s] Level 1:colcon.colcon_core.package_identification:_identify(src/pool/docker/config/shell/tmux) by extension 'ignore_ament_install'
[0.135s] Level 1:colcon.colcon_core.package_identification:_identify(src/pool/docker/config/shell/tmux) by extensions ['colcon_pkg']
[0.135s] Level 1:colcon.colcon_core.package_identification:_identify(src/pool/docker/config/shell/tmux) by extension 'colcon_pkg'
[0.135s] Level 1:colcon.colcon_core.package_identification:_identify(src/pool/docker/config/shell/tmux) by extensions ['colcon_meta']
[0.135s] Level 1:colcon.colcon_core.package_identification:_identify(src/pool/docker/config/shell/tmux) by extension 'colcon_meta'
[0.135s] Level 1:colcon.colcon_core.package_identification:_identify(src/pool/docker/config/shell/tmux) by extensions ['ros']
[0.135s] Level 1:colcon.colcon_core.package_identification:_identify(src/pool/docker/config/shell/tmux) by extension 'ros'
[0.135s] Level 1:colcon.colcon_core.package_identification:_identify(src/pool/docker/config/shell/tmux) by extensions ['cmake', 'python']
[0.135s] Level 1:colcon.colcon_core.package_identification:_identify(src/pool/docker/config/shell/tmux) by extension 'cmake'
[0.135s] Level 1:colcon.colcon_core.package_identification:_identify(src/pool/docker/config/shell/tmux) by extension 'python'
[0.135s] Level 1:colcon.colcon_core.package_identification:_identify(src/pool/docker/config/shell/tmux) by extensions ['python_setup_py']
[0.135s] Level 1:colcon.colcon_core.package_identification:_identify(src/pool/docker/config/shell/tmux) by extension 'python_setup_py'
[0.135s] Level 1:colcon.colcon_core.package_identification:_identify(src/pool/realsense-ros) by extensions ['ignore', 'ignore_ament_install']
[0.135s] Level 1:colcon.colcon_core.package_identification:_identify(src/pool/realsense-ros) by extension 'ignore'
[0.135s] Level 1:colcon.colcon_core.package_identification:_identify(src/pool/realsense-ros) by extension 'ignore_ament_install'
[0.135s] Level 1:colcon.colcon_core.package_identification:_identify(src/pool/realsense-ros) by extensions ['colcon_pkg']
[0.135s] Level 1:colcon.colcon_core.package_identification:_identify(src/pool/realsense-ros) by extension 'colcon_pkg'
[0.136s] Level 1:colcon.colcon_core.package_identification:_identify(src/pool/realsense-ros) by extensions ['colcon_meta']
[0.136s] Level 1:colcon.colcon_core.package_identification:_identify(src/pool/realsense-ros) by extension 'colcon_meta'
[0.136s] Level 1:colcon.colcon_core.package_identification:_identify(src/pool/realsense-ros) by extensions ['ros']
[0.136s] Level 1:colcon.colcon_core.package_identification:_identify(src/pool/realsense-ros) by extension 'ros'
[0.136s] Level 1:colcon.colcon_core.package_identification:_identify(src/pool/realsense-ros) by extensions ['cmake', 'python']
[0.136s] Level 1:colcon.colcon_core.package_identification:_identify(src/pool/realsense-ros) by extension 'cmake'
[0.136s] Level 1:colcon.colcon_core.package_identification:_identify(src/pool/realsense-ros) by extension 'python'
[0.136s] Level 1:colcon.colcon_core.package_identification:_identify(src/pool/realsense-ros) by extensions ['python_setup_py']
[0.136s] Level 1:colcon.colcon_core.package_identification:_identify(src/pool/realsense-ros) by extension 'python_setup_py'
[0.136s] Level 1:colcon.colcon_core.package_identification:_identify(src/pool/realsense-ros/realsense2_camera) by extensions ['ignore', 'ignore_ament_install']
[0.136s] Level 1:colcon.colcon_core.package_identification:_identify(src/pool/realsense-ros/realsense2_camera) by extension 'ignore'
[0.136s] Level 1:colcon.colcon_core.package_identification:_identify(src/pool/realsense-ros/realsense2_camera) by extension 'ignore_ament_install'
[0.136s] Level 1:colcon.colcon_core.package_identification:_identify(src/pool/realsense-ros/realsense2_camera) by extensions ['colcon_pkg']
[0.136s] Level 1:colcon.colcon_core.package_identification:_identify(src/pool/realsense-ros/realsense2_camera) by extension 'colcon_pkg'
[0.136s] Level 1:colcon.colcon_core.package_identification:_identify(src/pool/realsense-ros/realsense2_camera) by extensions ['colcon_meta']
[0.136s] Level 1:colcon.colcon_core.package_identification:_identify(src/pool/realsense-ros/realsense2_camera) by extension 'colcon_meta'
[0.136s] Level 1:colcon.colcon_core.package_identification:_identify(src/pool/realsense-ros/realsense2_camera) by extensions ['ros']
[0.136s] Level 1:colcon.colcon_core.package_identification:_identify(src/pool/realsense-ros/realsense2_camera) by extension 'ros'
[0.140s] DEBUG:colcon.colcon_core.package_identification:Package 'src/pool/realsense-ros/realsense2_camera' with type 'ros.ament_cmake' and name 'realsense2_camera'
[0.140s] Level 1:colcon.colcon_core.package_identification:_identify(src/pool/realsense-ros/realsense2_camera_msgs) by extensions ['ignore', 'ignore_ament_install']
[0.140s] Level 1:colcon.colcon_core.package_identification:_identify(src/pool/realsense-ros/realsense2_camera_msgs) by extension 'ignore'
[0.140s] Level 1:colcon.colcon_core.package_identification:_identify(src/pool/realsense-ros/realsense2_camera_msgs) by extension 'ignore_ament_install'
[0.140s] Level 1:colcon.colcon_core.package_identification:_identify(src/pool/realsense-ros/realsense2_camera_msgs) by extensions ['colcon_pkg']
[0.140s] Level 1:colcon.colcon_core.package_identification:_identify(src/pool/realsense-ros/realsense2_camera_msgs) by extension 'colcon_pkg'
[0.140s] Level 1:colcon.colcon_core.package_identification:_identify(src/pool/realsense-ros/realsense2_camera_msgs) by extensions ['colcon_meta']
[0.140s] Level 1:colcon.colcon_core.package_identification:_identify(src/pool/realsense-ros/realsense2_camera_msgs) by extension 'colcon_meta'
[0.141s] Level 1:colcon.colcon_core.package_identification:_identify(src/pool/realsense-ros/realsense2_camera_msgs) by extensions ['ros']
[0.141s] Level 1:colcon.colcon_core.package_identification:_identify(src/pool/realsense-ros/realsense2_camera_msgs) by extension 'ros'
[0.141s] DEBUG:colcon.colcon_core.package_identification:Package 'src/pool/realsense-ros/realsense2_camera_msgs' with type 'ros.ament_cmake' and name 'realsense2_camera_msgs'
[0.141s] Level 1:colcon.colcon_core.package_identification:_identify(src/pool/realsense-ros/realsense2_description) by extensions ['ignore', 'ignore_ament_install']
[0.141s] Level 1:colcon.colcon_core.package_identification:_identify(src/pool/realsense-ros/realsense2_description) by extension 'ignore'
[0.141s] Level 1:colcon.colcon_core.package_identification:_identify(src/pool/realsense-ros/realsense2_description) by extension 'ignore_ament_install'
[0.141s] Level 1:colcon.colcon_core.package_identification:_identify(src/pool/realsense-ros/realsense2_description) by extensions ['colcon_pkg']
[0.141s] Level 1:colcon.colcon_core.package_identification:_identify(src/pool/realsense-ros/realsense2_description) by extension 'colcon_pkg'
[0.141s] Level 1:colcon.colcon_core.package_identification:_identify(src/pool/realsense-ros/realsense2_description) by extensions ['colcon_meta']
[0.141s] Level 1:colcon.colcon_core.package_identification:_identify(src/pool/realsense-ros/realsense2_description) by extension 'colcon_meta'
[0.141s] Level 1:colcon.colcon_core.package_identification:_identify(src/pool/realsense-ros/realsense2_description) by extensions ['ros']
[0.141s] Level 1:colcon.colcon_core.package_identification:_identify(src/pool/realsense-ros/realsense2_description) by extension 'ros'
[0.142s] DEBUG:colcon.colcon_core.package_identification:Package 'src/pool/realsense-ros/realsense2_description' with type 'ros.ament_cmake' and name 'realsense2_description'
[0.142s] Level 1:colcon.colcon_core.package_identification:_identify(src/pool/realsense-ros/scripts) by extensions ['ignore', 'ignore_ament_install']
[0.142s] Level 1:colcon.colcon_core.package_identification:_identify(src/pool/realsense-ros/scripts) by extension 'ignore'
[0.142s] Level 1:colcon.colcon_core.package_identification:_identify(src/pool/realsense-ros/scripts) by extension 'ignore_ament_install'
[0.142s] Level 1:colcon.colcon_core.package_identification:_identify(src/pool/realsense-ros/scripts) by extensions ['colcon_pkg']
[0.142s] Level 1:colcon.colcon_core.package_identification:_identify(src/pool/realsense-ros/scripts) by extension 'colcon_pkg'
[0.142s] Level 1:colcon.colcon_core.package_identification:_identify(src/pool/realsense-ros/scripts) by extensions ['colcon_meta']
[0.142s] Level 1:colcon.colcon_core.package_identification:_identify(src/pool/realsense-ros/scripts) by extension 'colcon_meta'
[0.142s] Level 1:colcon.colcon_core.package_identification:_identify(src/pool/realsense-ros/scripts) by extensions ['ros']
[0.142s] Level 1:colcon.colcon_core.package_identification:_identify(src/pool/realsense-ros/scripts) by extension 'ros'
[0.142s] Level 1:colcon.colcon_core.package_identification:_identify(src/pool/realsense-ros/scripts) by extensions ['cmake', 'python']
[0.142s] Level 1:colcon.colcon_core.package_identification:_identify(src/pool/realsense-ros/scripts) by extension 'cmake'
[0.142s] Level 1:colcon.colcon_core.package_identification:_identify(src/pool/realsense-ros/scripts) by extension 'python'
[0.142s] Level 1:colcon.colcon_core.package_identification:_identify(src/pool/realsense-ros/scripts) by extensions ['python_setup_py']
[0.142s] Level 1:colcon.colcon_core.package_identification:_identify(src/pool/realsense-ros/scripts) by extension 'python_setup_py'
[0.142s] Level 1:colcon.colcon_core.package_identification:_identify(src/pool/view) by extensions ['ignore', 'ignore_ament_install']
[0.142s] Level 1:colcon.colcon_core.package_identification:_identify(src/pool/view) by extension 'ignore'
[0.142s] Level 1:colcon.colcon_core.package_identification:_identify(src/pool/view) by extension 'ignore_ament_install'
[0.142s] Level 1:colcon.colcon_core.package_identification:_identify(src/pool/view) by extensions ['colcon_pkg']
[0.142s] Level 1:colcon.colcon_core.package_identification:_identify(src/pool/view) by extension 'colcon_pkg'
[0.142s] Level 1:colcon.colcon_core.package_identification:_identify(src/pool/view) by extensions ['colcon_meta']
[0.142s] Level 1:colcon.colcon_core.package_identification:_identify(src/pool/view) by extension 'colcon_meta'
[0.142s] Level 1:colcon.colcon_core.package_identification:_identify(src/pool/view) by extensions ['ros']
[0.142s] Level 1:colcon.colcon_core.package_identification:_identify(src/pool/view) by extension 'ros'
[0.142s] Level 1:colcon.colcon_core.package_identification:_identify(src/pool/view) by extensions ['cmake', 'python']
[0.142s] Level 1:colcon.colcon_core.package_identification:_identify(src/pool/view) by extension 'cmake'
[0.142s] Level 1:colcon.colcon_core.package_identification:_identify(src/pool/view) by extension 'python'
[0.142s] Level 1:colcon.colcon_core.package_identification:_identify(src/pool/view) by extensions ['python_setup_py']
[0.142s] Level 1:colcon.colcon_core.package_identification:_identify(src/pool/view) by extension 'python_setup_py'
[0.142s] Level 1:colcon.colcon_core.package_discovery:discover_packages(recursive) using defaults
[0.142s] Level 1:colcon.colcon_core.package_discovery:discover_packages(ignore) discover
[0.142s] Level 1:colcon.colcon_core.package_discovery:discover_packages(ignore) using defaults
[0.143s] Level 1:colcon.colcon_core.package_discovery:discover_packages(path) discover
[0.143s] Level 1:colcon.colcon_core.package_discovery:discover_packages(path) using defaults
[0.158s] Level 1:colcon.colcon_core.package_discovery:discover_packages(prefix_path) check parameters
[0.158s] Level 1:colcon.colcon_core.package_discovery:discover_packages(prefix_path) discover
[0.159s] DEBUG:colcon.colcon_installed_package_information.package_discovery:Found 11 installed packages in /home/jack/work/install
[0.160s] DEBUG:colcon.colcon_installed_package_information.package_discovery:Found 279 installed packages in /opt/ros/humble
[0.161s] Level 1:colcon.colcon_core.package_discovery:discover_packages(prefix_path) using defaults
[0.184s] Level 5:colcon.colcon_core.verb:set package 'detect_interface' build argument 'cmake_args' from command line to 'None'
[0.184s] Level 5:colcon.colcon_core.verb:set package 'detect_interface' build argument 'cmake_target' from command line to 'None'
[0.184s] Level 5:colcon.colcon_core.verb:set package 'detect_interface' build argument 'cmake_target_skip_unavailable' from command line to 'False'
[0.184s] Level 5:colcon.colcon_core.verb:set package 'detect_interface' build argument 'cmake_clean_cache' from command line to 'False'
[0.184s] Level 5:colcon.colcon_core.verb:set package 'detect_interface' build argument 'cmake_clean_first' from command line to 'False'
[0.184s] Level 5:colcon.colcon_core.verb:set package 'detect_interface' build argument 'cmake_force_configure' from command line to 'False'
[0.184s] Level 5:colcon.colcon_core.verb:set package 'detect_interface' build argument 'ament_cmake_args' from command line to 'None'
[0.184s] Level 5:colcon.colcon_core.verb:set package 'detect_interface' build argument 'catkin_cmake_args' from command line to 'None'
[0.184s] Level 5:colcon.colcon_core.verb:set package 'detect_interface' build argument 'catkin_skip_building_tests' from command line to 'False'
[0.185s] DEBUG:colcon.colcon_core.verb:Building package 'detect_interface' with the following arguments: {'ament_cmake_args': None, 'build_base': '/home/jack/work/build/detect_interface', 'catkin_cmake_args': None, 'catkin_skip_building_tests': False, 'cmake_args': None, 'cmake_clean_cache': False, 'cmake_clean_first': False, 'cmake_force_configure': False, 'cmake_target': None, 'cmake_target_skip_unavailable': False, 'install_base': '/home/jack/work/install/detect_interface', 'merge_install': False, 'path': '/home/jack/work/src/pool/detect/detect_interface', 'symlink_install': False, 'test_result_base': None}
[0.185s] Level 5:colcon.colcon_core.verb:set package 'hiwin_example' build argument 'cmake_args' from command line to 'None'
[0.185s] Level 5:colcon.colcon_core.verb:set package 'hiwin_example' build argument 'cmake_target' from command line to 'None'
[0.185s] Level 5:colcon.colcon_core.verb:set package 'hiwin_example' build argument 'cmake_target_skip_unavailable' from command line to 'False'
[0.185s] Level 5:colcon.colcon_core.verb:set package 'hiwin_example' build argument 'cmake_clean_cache' from command line to 'False'
[0.185s] Level 5:colcon.colcon_core.verb:set package 'hiwin_example' build argument 'cmake_clean_first' from command line to 'False'
[0.185s] Level 5:colcon.colcon_core.verb:set package 'hiwin_example' build argument 'cmake_force_configure' from command line to 'False'
[0.185s] Level 5:colcon.colcon_core.verb:set package 'hiwin_example' build argument 'ament_cmake_args' from command line to 'None'
[0.185s] Level 5:colcon.colcon_core.verb:set package 'hiwin_example' build argument 'catkin_cmake_args' from command line to 'None'
[0.185s] Level 5:colcon.colcon_core.verb:set package 'hiwin_example' build argument 'catkin_skip_building_tests' from command line to 'False'
[0.185s] DEBUG:colcon.colcon_core.verb:Building package 'hiwin_example' with the following arguments: {'ament_cmake_args': None, 'build_base': '/home/jack/work/build/hiwin_example', 'catkin_cmake_args': None, 'catkin_skip_building_tests': False, 'cmake_args': None, 'cmake_clean_cache': False, 'cmake_clean_first': False, 'cmake_force_configure': False, 'cmake_target': None, 'cmake_target_skip_unavailable': False, 'install_base': '/home/jack/work/install/hiwin_example', 'merge_install': False, 'path': '/home/jack/work/src/Hiwin_libmodbus/hiwin_example', 'symlink_install': False, 'test_result_base': None}
[0.185s] Level 5:colcon.colcon_core.verb:set package 'hiwin_interfaces' build argument 'cmake_args' from command line to 'None'
[0.185s] Level 5:colcon.colcon_core.verb:set package 'hiwin_interfaces' build argument 'cmake_target' from command line to 'None'
[0.185s] Level 5:colcon.colcon_core.verb:set package 'hiwin_interfaces' build argument 'cmake_target_skip_unavailable' from command line to 'False'
[0.185s] Level 5:colcon.colcon_core.verb:set package 'hiwin_interfaces' build argument 'cmake_clean_cache' from command line to 'False'
[0.185s] Level 5:colcon.colcon_core.verb:set package 'hiwin_interfaces' build argument 'cmake_clean_first' from command line to 'False'
[0.185s] Level 5:colcon.colcon_core.verb:set package 'hiwin_interfaces' build argument 'cmake_force_configure' from command line to 'False'
[0.185s] Level 5:colcon.colcon_core.verb:set package 'hiwin_interfaces' build argument 'ament_cmake_args' from command line to 'None'
[0.185s] Level 5:colcon.colcon_core.verb:set package 'hiwin_interfaces' build argument 'catkin_cmake_args' from command line to 'None'
[0.185s] Level 5:colcon.colcon_core.verb:set package 'hiwin_interfaces' build argument 'catkin_skip_building_tests' from command line to 'False'
[0.185s] DEBUG:colcon.colcon_core.verb:Building package 'hiwin_interfaces' with the following arguments: {'ament_cmake_args': None, 'build_base': '/home/jack/work/build/hiwin_interfaces', 'catkin_cmake_args': None, 'catkin_skip_building_tests': False, 'cmake_args': None, 'cmake_clean_cache': False, 'cmake_clean_first': False, 'cmake_force_configure': False, 'cmake_target': None, 'cmake_target_skip_unavailable': False, 'install_base': '/home/jack/work/install/hiwin_interfaces', 'merge_install': False, 'path': '/home/jack/work/src/Hiwin_libmodbus/hiwin_interfaces', 'symlink_install': False, 'test_result_base': None}
[0.186s] Level 5:colcon.colcon_core.verb:set package 'realsense2_camera_msgs' build argument 'cmake_args' from command line to 'None'
[0.186s] Level 5:colcon.colcon_core.verb:set package 'realsense2_camera_msgs' build argument 'cmake_target' from command line to 'None'
[0.186s] Level 5:colcon.colcon_core.verb:set package 'realsense2_camera_msgs' build argument 'cmake_target_skip_unavailable' from command line to 'False'
[0.186s] Level 5:colcon.colcon_core.verb:set package 'realsense2_camera_msgs' build argument 'cmake_clean_cache' from command line to 'False'
[0.186s] Level 5:colcon.colcon_core.verb:set package 'realsense2_camera_msgs' build argument 'cmake_clean_first' from command line to 'False'
[0.186s] Level 5:colcon.colcon_core.verb:set package 'realsense2_camera_msgs' build argument 'cmake_force_configure' from command line to 'False'
[0.186s] Level 5:colcon.colcon_core.verb:set package 'realsense2_camera_msgs' build argument 'ament_cmake_args' from command line to 'None'
[0.186s] Level 5:colcon.colcon_core.verb:set package 'realsense2_camera_msgs' build argument 'catkin_cmake_args' from command line to 'None'
[0.186s] Level 5:colcon.colcon_core.verb:set package 'realsense2_camera_msgs' build argument 'catkin_skip_building_tests' from command line to 'False'
[0.186s] DEBUG:colcon.colcon_core.verb:Building package 'realsense2_camera_msgs' with the following arguments: {'ament_cmake_args': None, 'build_base': '/home/jack/work/build/realsense2_camera_msgs', 'catkin_cmake_args': None, 'catkin_skip_building_tests': False, 'cmake_args': None, 'cmake_clean_cache': False, 'cmake_clean_first': False, 'cmake_force_configure': False, 'cmake_target': None, 'cmake_target_skip_unavailable': False, 'install_base': '/home/jack/work/install/realsense2_camera_msgs', 'merge_install': False, 'path': '/home/jack/work/src/pool/realsense-ros/realsense2_camera_msgs', 'symlink_install': False, 'test_result_base': None}
[0.186s] Level 5:colcon.colcon_core.verb:set package 'center' build argument 'cmake_args' from command line to 'None'
[0.186s] Level 5:colcon.colcon_core.verb:set package 'center' build argument 'cmake_target' from command line to 'None'
[0.186s] Level 5:colcon.colcon_core.verb:set package 'center' build argument 'cmake_target_skip_unavailable' from command line to 'False'
[0.186s] Level 5:colcon.colcon_core.verb:set package 'center' build argument 'cmake_clean_cache' from command line to 'False'
[0.186s] Level 5:colcon.colcon_core.verb:set package 'center' build argument 'cmake_clean_first' from command line to 'False'
[0.186s] Level 5:colcon.colcon_core.verb:set package 'center' build argument 'cmake_force_configure' from command line to 'False'
[0.186s] Level 5:colcon.colcon_core.verb:set package 'center' build argument 'ament_cmake_args' from command line to 'None'
[0.186s] Level 5:colcon.colcon_core.verb:set package 'center' build argument 'catkin_cmake_args' from command line to 'None'
[0.186s] Level 5:colcon.colcon_core.verb:set package 'center' build argument 'catkin_skip_building_tests' from command line to 'False'
[0.186s] DEBUG:colcon.colcon_core.verb:Building package 'center' with the following arguments: {'ament_cmake_args': None, 'build_base': '/home/jack/work/build/center', 'catkin_cmake_args': None, 'catkin_skip_building_tests': False, 'cmake_args': None, 'cmake_clean_cache': False, 'cmake_clean_first': False, 'cmake_force_configure': False, 'cmake_target': None, 'cmake_target_skip_unavailable': False, 'install_base': '/home/jack/work/install/center', 'merge_install': False, 'path': '/home/jack/work/src/pool/center', 'symlink_install': False, 'test_result_base': None}
[0.186s] Level 5:colcon.colcon_core.verb:set package 'hiwin_control' build argument 'cmake_args' from command line to 'None'
[0.186s] Level 5:colcon.colcon_core.verb:set package 'hiwin_control' build argument 'cmake_target' from command line to 'None'
[0.186s] Level 5:colcon.colcon_core.verb:set package 'hiwin_control' build argument 'cmake_target_skip_unavailable' from command line to 'False'
[0.186s] Level 5:colcon.colcon_core.verb:set package 'hiwin_control' build argument 'cmake_clean_cache' from command line to 'False'
[0.186s] Level 5:colcon.colcon_core.verb:set package 'hiwin_control' build argument 'cmake_clean_first' from command line to 'False'
[0.186s] Level 5:colcon.colcon_core.verb:set package 'hiwin_control' build argument 'cmake_force_configure' from command line to 'False'
[0.186s] Level 5:colcon.colcon_core.verb:set package 'hiwin_control' build argument 'ament_cmake_args' from command line to 'None'
[0.186s] Level 5:colcon.colcon_core.verb:set package 'hiwin_control' build argument 'catkin_cmake_args' from command line to 'None'
[0.186s] Level 5:colcon.colcon_core.verb:set package 'hiwin_control' build argument 'catkin_skip_building_tests' from command line to 'False'
[0.186s] DEBUG:colcon.colcon_core.verb:Building package 'hiwin_control' with the following arguments: {'ament_cmake_args': None, 'build_base': '/home/jack/work/build/hiwin_control', 'catkin_cmake_args': None, 'catkin_skip_building_tests': False, 'cmake_args': None, 'cmake_clean_cache': False, 'cmake_clean_first': False, 'cmake_force_configure': False, 'cmake_target': None, 'cmake_target_skip_unavailable': False, 'install_base': '/home/jack/work/install/hiwin_control', 'merge_install': False, 'path': '/home/jack/work/src/hiwin_control', 'symlink_install': False, 'test_result_base': None}
[0.186s] Level 5:colcon.colcon_core.verb:set package 'hiwin_libmodbus' build argument 'cmake_args' from command line to 'None'
[0.187s] Level 5:colcon.colcon_core.verb:set package 'hiwin_libmodbus' build argument 'cmake_target' from command line to 'None'
[0.187s] Level 5:colcon.colcon_core.verb:set package 'hiwin_libmodbus' build argument 'cmake_target_skip_unavailable' from command line to 'False'
[0.187s] Level 5:colcon.colcon_core.verb:set package 'hiwin_libmodbus' build argument 'cmake_clean_cache' from command line to 'False'
[0.187s] Level 5:colcon.colcon_core.verb:set package 'hiwin_libmodbus' build argument 'cmake_clean_first' from command line to 'False'
[0.187s] Level 5:colcon.colcon_core.verb:set package 'hiwin_libmodbus' build argument 'cmake_force_configure' from command line to 'False'
[0.187s] Level 5:colcon.colcon_core.verb:set package 'hiwin_libmodbus' build argument 'ament_cmake_args' from command line to 'None'
[0.187s] Level 5:colcon.colcon_core.verb:set package 'hiwin_libmodbus' build argument 'catkin_cmake_args' from command line to 'None'
[0.187s] Level 5:colcon.colcon_core.verb:set package 'hiwin_libmodbus' build argument 'catkin_skip_building_tests' from command line to 'False'
[0.187s] DEBUG:colcon.colcon_core.verb:Building package 'hiwin_libmodbus' with the following arguments: {'ament_cmake_args': None, 'build_base': '/home/jack/work/build/hiwin_libmodbus', 'catkin_cmake_args': None, 'catkin_skip_building_tests': False, 'cmake_args': None, 'cmake_clean_cache': False, 'cmake_clean_first': False, 'cmake_force_configure': False, 'cmake_target': None, 'cmake_target_skip_unavailable': False, 'install_base': '/home/jack/work/install/hiwin_libmodbus', 'merge_install': False, 'path': '/home/jack/work/src/Hiwin_libmodbus/hiwin_libmodbus', 'symlink_install': False, 'test_result_base': None}
[0.187s] Level 5:colcon.colcon_core.verb:set package 'realsense2_camera' build argument 'cmake_args' from command line to 'None'
[0.187s] Level 5:colcon.colcon_core.verb:set package 'realsense2_camera' build argument 'cmake_target' from command line to 'None'
[0.187s] Level 5:colcon.colcon_core.verb:set package 'realsense2_camera' build argument 'cmake_target_skip_unavailable' from command line to 'False'
[0.187s] Level 5:colcon.colcon_core.verb:set package 'realsense2_camera' build argument 'cmake_clean_cache' from command line to 'False'
[0.187s] Level 5:colcon.colcon_core.verb:set package 'realsense2_camera' build argument 'cmake_clean_first' from command line to 'False'
[0.187s] Level 5:colcon.colcon_core.verb:set package 'realsense2_camera' build argument 'cmake_force_configure' from command line to 'False'
[0.187s] Level 5:colcon.colcon_core.verb:set package 'realsense2_camera' build argument 'ament_cmake_args' from command line to 'None'
[0.187s] Level 5:colcon.colcon_core.verb:set package 'realsense2_camera' build argument 'catkin_cmake_args' from command line to 'None'
[0.187s] Level 5:colcon.colcon_core.verb:set package 'realsense2_camera' build argument 'catkin_skip_building_tests' from command line to 'False'
[0.187s] DEBUG:colcon.colcon_core.verb:Building package 'realsense2_camera' with the following arguments: {'ament_cmake_args': None, 'build_base': '/home/jack/work/build/realsense2_camera', 'catkin_cmake_args': None, 'catkin_skip_building_tests': False, 'cmake_args': None, 'cmake_clean_cache': False, 'cmake_clean_first': False, 'cmake_force_configure': False, 'cmake_target': None, 'cmake_target_skip_unavailable': False, 'install_base': '/home/jack/work/install/realsense2_camera', 'merge_install': False, 'path': '/home/jack/work/src/pool/realsense-ros/realsense2_camera', 'symlink_install': False, 'test_result_base': None}
[0.187s] Level 5:colcon.colcon_core.verb:set package 'realsense2_description' build argument 'cmake_args' from command line to 'None'
[0.187s] Level 5:colcon.colcon_core.verb:set package 'realsense2_description' build argument 'cmake_target' from command line to 'None'
[0.187s] Level 5:colcon.colcon_core.verb:set package 'realsense2_description' build argument 'cmake_target_skip_unavailable' from command line to 'False'
[0.187s] Level 5:colcon.colcon_core.verb:set package 'realsense2_description' build argument 'cmake_clean_cache' from command line to 'False'
[0.187s] Level 5:colcon.colcon_core.verb:set package 'realsense2_description' build argument 'cmake_clean_first' from command line to 'False'
[0.187s] Level 5:colcon.colcon_core.verb:set package 'realsense2_description' build argument 'cmake_force_configure' from command line to 'False'
[0.187s] Level 5:colcon.colcon_core.verb:set package 'realsense2_description' build argument 'ament_cmake_args' from command line to 'None'
[0.187s] Level 5:colcon.colcon_core.verb:set package 'realsense2_description' build argument 'catkin_cmake_args' from command line to 'None'
[0.187s] Level 5:colcon.colcon_core.verb:set package 'realsense2_description' build argument 'catkin_skip_building_tests' from command line to 'False'
[0.187s] DEBUG:colcon.colcon_core.verb:Building package 'realsense2_description' with the following arguments: {'ament_cmake_args': None, 'build_base': '/home/jack/work/build/realsense2_description', 'catkin_cmake_args': None, 'catkin_skip_building_tests': False, 'cmake_args': None, 'cmake_clean_cache': False, 'cmake_clean_first': False, 'cmake_force_configure': False, 'cmake_target': None, 'cmake_target_skip_unavailable': False, 'install_base': '/home/jack/work/install/realsense2_description', 'merge_install': False, 'path': '/home/jack/work/src/pool/realsense-ros/realsense2_description', 'symlink_install': False, 'test_result_base': None}
[0.187s] Level 5:colcon.colcon_core.verb:set package 'yolov7_obj_detect' build argument 'cmake_args' from command line to 'None'
[0.187s] Level 5:colcon.colcon_core.verb:set package 'yolov7_obj_detect' build argument 'cmake_target' from command line to 'None'
[0.187s] Level 5:colcon.colcon_core.verb:set package 'yolov7_obj_detect' build argument 'cmake_target_skip_unavailable' from command line to 'False'
[0.187s] Level 5:colcon.colcon_core.verb:set package 'yolov7_obj_detect' build argument 'cmake_clean_cache' from command line to 'False'
[0.187s] Level 5:colcon.colcon_core.verb:set package 'yolov7_obj_detect' build argument 'cmake_clean_first' from command line to 'False'
[0.188s] Level 5:colcon.colcon_core.verb:set package 'yolov7_obj_detect' build argument 'cmake_force_configure' from command line to 'False'
[0.188s] Level 5:colcon.colcon_core.verb:set package 'yolov7_obj_detect' build argument 'ament_cmake_args' from command line to 'None'
[0.188s] Level 5:colcon.colcon_core.verb:set package 'yolov7_obj_detect' build argument 'catkin_cmake_args' from command line to 'None'
[0.188s] Level 5:colcon.colcon_core.verb:set package 'yolov7_obj_detect' build argument 'catkin_skip_building_tests' from command line to 'False'
[0.188s] DEBUG:colcon.colcon_core.verb:Building package 'yolov7_obj_detect' with the following arguments: {'ament_cmake_args': None, 'build_base': '/home/jack/work/build/yolov7_obj_detect', 'catkin_cmake_args': None, 'catkin_skip_building_tests': False, 'cmake_args': None, 'cmake_clean_cache': False, 'cmake_clean_first': False, 'cmake_force_configure': False, 'cmake_target': None, 'cmake_target_skip_unavailable': False, 'install_base': '/home/jack/work/install/yolov7_obj_detect', 'merge_install': False, 'path': '/home/jack/work/src/pool/detect/yolov7_obj_detect', 'symlink_install': False, 'test_result_base': None}
[0.188s] Level 5:colcon.colcon_core.verb:set package 'hiwin_service_client' build argument 'cmake_args' from command line to 'None'
[0.188s] Level 5:colcon.colcon_core.verb:set package 'hiwin_service_client' build argument 'cmake_target' from command line to 'None'
[0.188s] Level 5:colcon.colcon_core.verb:set package 'hiwin_service_client' build argument 'cmake_target_skip_unavailable' from command line to 'False'
[0.188s] Level 5:colcon.colcon_core.verb:set package 'hiwin_service_client' build argument 'cmake_clean_cache' from command line to 'False'
[0.188s] Level 5:colcon.colcon_core.verb:set package 'hiwin_service_client' build argument 'cmake_clean_first' from command line to 'False'
[0.188s] Level 5:colcon.colcon_core.verb:set package 'hiwin_service_client' build argument 'cmake_force_configure' from command line to 'False'
[0.188s] Level 5:colcon.colcon_core.verb:set package 'hiwin_service_client' build argument 'ament_cmake_args' from command line to 'None'
[0.188s] Level 5:colcon.colcon_core.verb:set package 'hiwin_service_client' build argument 'catkin_cmake_args' from command line to 'None'
[0.188s] Level 5:colcon.colcon_core.verb:set package 'hiwin_service_client' build argument 'catkin_skip_building_tests' from command line to 'False'
[0.188s] DEBUG:colcon.colcon_core.verb:Building package 'hiwin_service_client' with the following arguments: {'ament_cmake_args': None, 'build_base': '/home/jack/work/build/hiwin_service_client', 'catkin_cmake_args': None, 'catkin_skip_building_tests': False, 'cmake_args': None, 'cmake_clean_cache': False, 'cmake_clean_first': False, 'cmake_force_configure': False, 'cmake_target': None, 'cmake_target_skip_unavailable': False, 'install_base': '/home/jack/work/install/hiwin_service_client', 'merge_install': False, 'path': '/home/jack/work/src/Hiwin_libmodbus/hiwin_service_client', 'symlink_install': False, 'test_result_base': None}
[0.188s] INFO:colcon.colcon_core.executor:Executing jobs using 'parallel' executor
[0.189s] DEBUG:colcon.colcon_parallel_executor.executor.parallel:run_until_complete
[0.189s] INFO:colcon.colcon_ros.task.ament_cmake.build:Building ROS package in '/home/jack/work/src/pool/detect/detect_interface' with build type 'ament_cmake'
[0.189s] INFO:colcon.colcon_cmake.task.cmake.build:Building CMake package in '/home/jack/work/src/pool/detect/detect_interface'
[0.191s] INFO:colcon.colcon_core.plugin_system:Skipping extension 'colcon_core.shell.bat': Not used on non-Windows systems
[0.191s] INFO:colcon.colcon_core.shell:Skip shell extension 'powershell' for command environment: Not usable outside of PowerShell
[0.191s] DEBUG:colcon.colcon_core.shell:Skip shell extension 'dsv' for command environment
[0.193s] INFO:colcon.colcon_ros.task.ament_cmake.build:Building ROS package in '/home/jack/work/src/Hiwin_libmodbus/hiwin_interfaces' with build type 'ament_cmake'
[0.194s] INFO:colcon.colcon_cmake.task.cmake.build:Building CMake package in '/home/jack/work/src/Hiwin_libmodbus/hiwin_interfaces'
[0.194s] INFO:colcon.colcon_core.shell:Skip shell extension 'powershell' for command environment: Not usable outside of PowerShell
[0.194s] DEBUG:colcon.colcon_core.shell:Skip shell extension 'dsv' for command environment
[0.196s] INFO:colcon.colcon_ros.task.ament_cmake.build:Building ROS package in '/home/jack/work/src/pool/realsense-ros/realsense2_camera_msgs' with build type 'ament_cmake'
[0.196s] INFO:colcon.colcon_cmake.task.cmake.build:Building CMake package in '/home/jack/work/src/pool/realsense-ros/realsense2_camera_msgs'
[0.196s] INFO:colcon.colcon_core.shell:Skip shell extension 'powershell' for command environment: Not usable outside of PowerShell
[0.196s] DEBUG:colcon.colcon_core.shell:Skip shell extension 'dsv' for command environment
[0.199s] INFO:colcon.colcon_ros.task.ament_python.build:Building ROS package in '/home/jack/work/src/Hiwin_libmodbus/hiwin_example' with build type 'ament_python'
[0.199s] Level 1:colcon.colcon_core.shell:create_environment_hook('hiwin_example', 'ament_prefix_path')
[0.200s] INFO:colcon.colcon_core.shell:Creating environment hook '/home/jack/work/install/hiwin_example/share/hiwin_example/hook/ament_prefix_path.ps1'
[0.201s] INFO:colcon.colcon_core.shell:Creating environment descriptor '/home/jack/work/install/hiwin_example/share/hiwin_example/hook/ament_prefix_path.dsv'
[0.201s] INFO:colcon.colcon_core.shell:Creating environment hook '/home/jack/work/install/hiwin_example/share/hiwin_example/hook/ament_prefix_path.sh'
[0.202s] INFO:colcon.colcon_core.shell:Skip shell extension 'powershell' for command environment: Not usable outside of PowerShell
[0.202s] DEBUG:colcon.colcon_core.shell:Skip shell extension 'dsv' for command environment
[0.209s] DEBUG:colcon.colcon_core.event_handler.log_command:Invoking command in '/home/jack/work/build/detect_interface': CMAKE_PREFIX_PATH=${CMAKE_PREFIX_PATH}:/home/jack/work/install/yolov7_obj_detect:/home/jack/work/install/hiwin_example:/home/jack/work/install/hiwin_control:/home/jack/work/install/center:/opt/ros/humble /usr/bin/cmake --build /home/jack/work/build/detect_interface -- -j16 -l16
[0.213s] DEBUG:colcon.colcon_core.event_handler.log_command:Invoking command in '/home/jack/work/build/hiwin_interfaces': CMAKE_PREFIX_PATH=${CMAKE_PREFIX_PATH}:/home/jack/work/install/yolov7_obj_detect:/home/jack/work/install/hiwin_example:/home/jack/work/install/hiwin_control:/home/jack/work/install/center:/opt/ros/humble /usr/bin/cmake --build /home/jack/work/build/hiwin_interfaces -- -j16 -l16
[0.215s] DEBUG:colcon.colcon_core.event_handler.log_command:Invoking command in '/home/jack/work/build/realsense2_camera_msgs': CMAKE_PREFIX_PATH=${CMAKE_PREFIX_PATH}:/home/jack/work/install/yolov7_obj_detect:/home/jack/work/install/hiwin_example:/home/jack/work/install/hiwin_control:/home/jack/work/install/center:/opt/ros/humble /usr/bin/cmake --build /home/jack/work/build/realsense2_camera_msgs -- -j16 -l16
[0.450s] INFO:colcon.colcon_core.task.python.build:Building Python package in '/home/jack/work/src/Hiwin_libmodbus/hiwin_example'
[0.451s] INFO:colcon.colcon_core.shell:Skip shell extension 'powershell' for command environment: Not usable outside of PowerShell
[0.451s] DEBUG:colcon.colcon_core.shell:Skip shell extension 'dsv' for command environment
[0.541s] DEBUG:colcon.colcon_core.event_handler.log_command:Invoked command in '/home/jack/work/build/detect_interface' returned '0': CMAKE_PREFIX_PATH=${CMAKE_PREFIX_PATH}:/home/jack/work/install/yolov7_obj_detect:/home/jack/work/install/hiwin_example:/home/jack/work/install/hiwin_control:/home/jack/work/install/center:/opt/ros/humble /usr/bin/cmake --build /home/jack/work/build/detect_interface -- -j16 -l16
[0.550s] DEBUG:colcon.colcon_core.event_handler.log_command:Invoking command in '/home/jack/work/build/detect_interface': CMAKE_PREFIX_PATH=${CMAKE_PREFIX_PATH}:/home/jack/work/install/yolov7_obj_detect:/home/jack/work/install/hiwin_example:/home/jack/work/install/hiwin_control:/home/jack/work/install/center:/opt/ros/humble /usr/bin/cmake --install /home/jack/work/build/detect_interface
[0.551s] DEBUG:colcon.colcon_core.event_handler.log_command:Invoked command in '/home/jack/work/build/realsense2_camera_msgs' returned '0': CMAKE_PREFIX_PATH=${CMAKE_PREFIX_PATH}:/home/jack/work/install/yolov7_obj_detect:/home/jack/work/install/hiwin_example:/home/jack/work/install/hiwin_control:/home/jack/work/install/center:/opt/ros/humble /usr/bin/cmake --build /home/jack/work/build/realsense2_camera_msgs -- -j16 -l16
[0.552s] DEBUG:colcon.colcon_core.event_handler.log_command:Invoking command in '/home/jack/work/build/realsense2_camera_msgs': CMAKE_PREFIX_PATH=${CMAKE_PREFIX_PATH}:/home/jack/work/install/yolov7_obj_detect:/home/jack/work/install/hiwin_example:/home/jack/work/install/hiwin_control:/home/jack/work/install/center:/opt/ros/humble /usr/bin/cmake --install /home/jack/work/build/realsense2_camera_msgs
[0.573s] DEBUG:colcon.colcon_core.event_handler.log_command:Invoked command in '/home/jack/work/build/hiwin_interfaces' returned '0': CMAKE_PREFIX_PATH=${CMAKE_PREFIX_PATH}:/home/jack/work/install/yolov7_obj_detect:/home/jack/work/install/hiwin_example:/home/jack/work/install/hiwin_control:/home/jack/work/install/center:/opt/ros/humble /usr/bin/cmake --build /home/jack/work/build/hiwin_interfaces -- -j16 -l16
[0.575s] DEBUG:colcon.colcon_core.event_handler.log_command:Invoking command in '/home/jack/work/build/hiwin_interfaces': CMAKE_PREFIX_PATH=${CMAKE_PREFIX_PATH}:/home/jack/work/install/yolov7_obj_detect:/home/jack/work/install/hiwin_example:/home/jack/work/install/hiwin_control:/home/jack/work/install/center:/opt/ros/humble /usr/bin/cmake --install /home/jack/work/build/hiwin_interfaces
[0.596s] Level 1:colcon.colcon_core.environment:create_environment_scripts_only(realsense2_camera_msgs)
[0.597s] DEBUG:colcon.colcon_core.event_handler.log_command:Invoked command in '/home/jack/work/build/realsense2_camera_msgs' returned '0': CMAKE_PREFIX_PATH=${CMAKE_PREFIX_PATH}:/home/jack/work/install/yolov7_obj_detect:/home/jack/work/install/hiwin_example:/home/jack/work/install/hiwin_control:/home/jack/work/install/center:/opt/ros/humble /usr/bin/cmake --install /home/jack/work/build/realsense2_camera_msgs
[0.600s] Level 1:colcon.colcon_core.environment:checking '/home/jack/work/install/realsense2_camera_msgs' for CMake module files
[0.601s] Level 1:colcon.colcon_core.environment:checking '/home/jack/work/install/realsense2_camera_msgs' for CMake config files
[0.601s] Level 1:colcon.colcon_core.shell:create_environment_hook('realsense2_camera_msgs', 'cmake_prefix_path')
[0.601s] INFO:colcon.colcon_core.shell:Creating environment hook '/home/jack/work/install/realsense2_camera_msgs/share/realsense2_camera_msgs/hook/cmake_prefix_path.ps1'
[0.602s] INFO:colcon.colcon_core.shell:Creating environment descriptor '/home/jack/work/install/realsense2_camera_msgs/share/realsense2_camera_msgs/hook/cmake_prefix_path.dsv'
[0.603s] INFO:colcon.colcon_core.shell:Creating environment hook '/home/jack/work/install/realsense2_camera_msgs/share/realsense2_camera_msgs/hook/cmake_prefix_path.sh'
[0.605s] Level 1:colcon.colcon_core.environment:checking '/home/jack/work/install/realsense2_camera_msgs/lib'
[0.606s] Level 1:colcon.colcon_core.shell:create_environment_hook('realsense2_camera_msgs', 'ld_library_path_lib')
[0.606s] INFO:colcon.colcon_core.shell:Creating environment hook '/home/jack/work/install/realsense2_camera_msgs/share/realsense2_camera_msgs/hook/ld_library_path_lib.ps1'
[0.606s] INFO:colcon.colcon_core.shell:Creating environment descriptor '/home/jack/work/install/realsense2_camera_msgs/share/realsense2_camera_msgs/hook/ld_library_path_lib.dsv'
[0.607s] INFO:colcon.colcon_core.shell:Creating environment hook '/home/jack/work/install/realsense2_camera_msgs/share/realsense2_camera_msgs/hook/ld_library_path_lib.sh'
[0.607s] Level 1:colcon.colcon_core.environment:checking '/home/jack/work/install/realsense2_camera_msgs/bin'
[0.607s] Level 1:colcon.colcon_core.environment:checking '/home/jack/work/install/realsense2_camera_msgs/lib/pkgconfig/realsense2_camera_msgs.pc'
[0.608s] Level 1:colcon.colcon_core.environment:checking '/home/jack/work/install/realsense2_camera_msgs/lib/python3.10/site-packages'
[0.608s] Level 1:colcon.colcon_core.environment:checking '/home/jack/work/install/realsense2_camera_msgs/bin'
[0.608s] INFO:colcon.colcon_core.shell:Creating package script '/home/jack/work/install/realsense2_camera_msgs/share/realsense2_camera_msgs/package.ps1'
[0.610s] INFO:colcon.colcon_core.shell:Creating package descriptor '/home/jack/work/install/realsense2_camera_msgs/share/realsense2_camera_msgs/package.dsv'
[0.610s] INFO:colcon.colcon_core.shell:Creating package script '/home/jack/work/install/realsense2_camera_msgs/share/realsense2_camera_msgs/package.sh'
[0.611s] INFO:colcon.colcon_core.shell:Creating package script '/home/jack/work/install/realsense2_camera_msgs/share/realsense2_camera_msgs/package.bash'
[0.612s] INFO:colcon.colcon_core.shell:Creating package script '/home/jack/work/install/realsense2_camera_msgs/share/realsense2_camera_msgs/package.zsh'
[0.612s] Level 1:colcon.colcon_core.environment:create_file_with_runtime_dependencies(/home/jack/work/install/realsense2_camera_msgs/share/colcon-core/packages/realsense2_camera_msgs)
[0.613s] Level 1:colcon.colcon_core.environment:create_environment_scripts_only(realsense2_camera_msgs)
[0.613s] Level 1:colcon.colcon_core.environment:checking '/home/jack/work/install/realsense2_camera_msgs' for CMake module files
[0.614s] Level 1:colcon.colcon_core.environment:checking '/home/jack/work/install/realsense2_camera_msgs' for CMake config files
[0.614s] Level 1:colcon.colcon_core.shell:create_environment_hook('realsense2_camera_msgs', 'cmake_prefix_path')
[0.615s] INFO:colcon.colcon_core.shell:Creating environment hook '/home/jack/work/install/realsense2_camera_msgs/share/realsense2_camera_msgs/hook/cmake_prefix_path.ps1'
[0.615s] INFO:colcon.colcon_core.shell:Creating environment descriptor '/home/jack/work/install/realsense2_camera_msgs/share/realsense2_camera_msgs/hook/cmake_prefix_path.dsv'
[0.616s] INFO:colcon.colcon_core.shell:Creating environment hook '/home/jack/work/install/realsense2_camera_msgs/share/realsense2_camera_msgs/hook/cmake_prefix_path.sh'
[0.616s] Level 1:colcon.colcon_core.environment:checking '/home/jack/work/install/realsense2_camera_msgs/lib'
[0.616s] Level 1:colcon.colcon_core.shell:create_environment_hook('realsense2_camera_msgs', 'ld_library_path_lib')
[0.616s] INFO:colcon.colcon_core.shell:Creating environment hook '/home/jack/work/install/realsense2_camera_msgs/share/realsense2_camera_msgs/hook/ld_library_path_lib.ps1'
[0.617s] INFO:colcon.colcon_core.shell:Creating environment descriptor '/home/jack/work/install/realsense2_camera_msgs/share/realsense2_camera_msgs/hook/ld_library_path_lib.dsv'
[0.617s] INFO:colcon.colcon_core.shell:Creating environment hook '/home/jack/work/install/realsense2_camera_msgs/share/realsense2_camera_msgs/hook/ld_library_path_lib.sh'
[0.617s] Level 1:colcon.colcon_core.environment:checking '/home/jack/work/install/realsense2_camera_msgs/bin'
[0.618s] Level 1:colcon.colcon_core.environment:checking '/home/jack/work/install/realsense2_camera_msgs/lib/pkgconfig/realsense2_camera_msgs.pc'
[0.618s] Level 1:colcon.colcon_core.environment:checking '/home/jack/work/install/realsense2_camera_msgs/lib/python3.10/site-packages'
[0.619s] Level 1:colcon.colcon_core.environment:checking '/home/jack/work/install/realsense2_camera_msgs/bin'
[0.619s] INFO:colcon.colcon_core.shell:Creating package script '/home/jack/work/install/realsense2_camera_msgs/share/realsense2_camera_msgs/package.ps1'
[0.621s] INFO:colcon.colcon_core.shell:Creating package descriptor '/home/jack/work/install/realsense2_camera_msgs/share/realsense2_camera_msgs/package.dsv'
[0.622s] INFO:colcon.colcon_core.shell:Creating package script '/home/jack/work/install/realsense2_camera_msgs/share/realsense2_camera_msgs/package.sh'
[0.622s] INFO:colcon.colcon_core.shell:Creating package script '/home/jack/work/install/realsense2_camera_msgs/share/realsense2_camera_msgs/package.bash'
[0.623s] INFO:colcon.colcon_core.shell:Creating package script '/home/jack/work/install/realsense2_camera_msgs/share/realsense2_camera_msgs/package.zsh'
[0.623s] Level 1:colcon.colcon_core.environment:create_file_with_runtime_dependencies(/home/jack/work/install/realsense2_camera_msgs/share/colcon-core/packages/realsense2_camera_msgs)
[0.623s] INFO:colcon.colcon_ros.task.ament_cmake.build:Building ROS package in '/home/jack/work/src/pool/realsense-ros/realsense2_camera' with build type 'ament_cmake'
[0.623s] INFO:colcon.colcon_cmake.task.cmake.build:Building CMake package in '/home/jack/work/src/pool/realsense-ros/realsense2_camera'
[0.624s] INFO:colcon.colcon_core.shell:Skip shell extension 'powershell' for command environment: Not usable outside of PowerShell
[0.624s] DEBUG:colcon.colcon_core.shell:Skip shell extension 'dsv' for command environment
[0.628s] INFO:colcon.colcon_ros.task.ament_cmake.build:Building ROS package in '/home/jack/work/src/pool/realsense-ros/realsense2_description' with build type 'ament_cmake'
[0.628s] INFO:colcon.colcon_cmake.task.cmake.build:Building CMake package in '/home/jack/work/src/pool/realsense-ros/realsense2_description'
[0.629s] INFO:colcon.colcon_core.shell:Skip shell extension 'powershell' for command environment: Not usable outside of PowerShell
[0.629s] DEBUG:colcon.colcon_core.shell:Skip shell extension 'dsv' for command environment
[0.634s] Level 1:colcon.colcon_core.environment:create_environment_scripts_only(detect_interface)
[0.634s] Level 1:colcon.colcon_core.environment:checking '/home/jack/work/install/detect_interface' for CMake module files
[0.635s] DEBUG:colcon.colcon_core.event_handler.log_command:Invoked command in '/home/jack/work/build/detect_interface' returned '0': CMAKE_PREFIX_PATH=${CMAKE_PREFIX_PATH}:/home/jack/work/install/yolov7_obj_detect:/home/jack/work/install/hiwin_example:/home/jack/work/install/hiwin_control:/home/jack/work/install/center:/opt/ros/humble /usr/bin/cmake --install /home/jack/work/build/detect_interface
[0.635s] Level 1:colcon.colcon_core.environment:checking '/home/jack/work/install/detect_interface' for CMake config files
[0.635s] Level 1:colcon.colcon_core.shell:create_environment_hook('detect_interface', 'cmake_prefix_path')
[0.635s] INFO:colcon.colcon_core.shell:Creating environment hook '/home/jack/work/install/detect_interface/share/detect_interface/hook/cmake_prefix_path.ps1'
[0.636s] INFO:colcon.colcon_core.shell:Creating environment descriptor '/home/jack/work/install/detect_interface/share/detect_interface/hook/cmake_prefix_path.dsv'
[0.636s] INFO:colcon.colcon_core.shell:Creating environment hook '/home/jack/work/install/detect_interface/share/detect_interface/hook/cmake_prefix_path.sh'
[0.636s] Level 1:colcon.colcon_core.environment:checking '/home/jack/work/install/detect_interface/lib'
[0.636s] Level 1:colcon.colcon_core.shell:create_environment_hook('detect_interface', 'ld_library_path_lib')
[0.636s] INFO:colcon.colcon_core.shell:Creating environment hook '/home/jack/work/install/detect_interface/share/detect_interface/hook/ld_library_path_lib.ps1'
[0.637s] INFO:colcon.colcon_core.shell:Creating environment descriptor '/home/jack/work/install/detect_interface/share/detect_interface/hook/ld_library_path_lib.dsv'
[0.637s] INFO:colcon.colcon_core.shell:Creating environment hook '/home/jack/work/install/detect_interface/share/detect_interface/hook/ld_library_path_lib.sh'
[0.637s] Level 1:colcon.colcon_core.environment:checking '/home/jack/work/install/detect_interface/bin'
[0.637s] Level 1:colcon.colcon_core.environment:checking '/home/jack/work/install/detect_interface/lib/pkgconfig/detect_interface.pc'
[0.637s] Level 1:colcon.colcon_core.environment:checking '/home/jack/work/install/detect_interface/lib/python3.10/site-packages'
[0.637s] Level 1:colcon.colcon_core.environment:checking '/home/jack/work/install/detect_interface/bin'
[0.638s] INFO:colcon.colcon_core.shell:Creating package script '/home/jack/work/install/detect_interface/share/detect_interface/package.ps1'
[0.638s] INFO:colcon.colcon_core.shell:Creating package descriptor '/home/jack/work/install/detect_interface/share/detect_interface/package.dsv'
[0.638s] INFO:colcon.colcon_core.shell:Creating package script '/home/jack/work/install/detect_interface/share/detect_interface/package.sh'
[0.638s] INFO:colcon.colcon_core.shell:Creating package script '/home/jack/work/install/detect_interface/share/detect_interface/package.bash'
[0.639s] INFO:colcon.colcon_core.shell:Creating package script '/home/jack/work/install/detect_interface/share/detect_interface/package.zsh'
[0.639s] Level 1:colcon.colcon_core.environment:create_file_with_runtime_dependencies(/home/jack/work/install/detect_interface/share/colcon-core/packages/detect_interface)
[0.639s] Level 1:colcon.colcon_core.environment:create_environment_scripts_only(detect_interface)
[0.639s] Level 1:colcon.colcon_core.environment:checking '/home/jack/work/install/detect_interface' for CMake module files
[0.640s] Level 1:colcon.colcon_core.environment:checking '/home/jack/work/install/detect_interface' for CMake config files
[0.640s] Level 1:colcon.colcon_core.shell:create_environment_hook('detect_interface', 'cmake_prefix_path')
[0.640s] INFO:colcon.colcon_core.shell:Creating environment hook '/home/jack/work/install/detect_interface/share/detect_interface/hook/cmake_prefix_path.ps1'
[0.640s] INFO:colcon.colcon_core.shell:Creating environment descriptor '/home/jack/work/install/detect_interface/share/detect_interface/hook/cmake_prefix_path.dsv'
[0.640s] INFO:colcon.colcon_core.shell:Creating environment hook '/home/jack/work/install/detect_interface/share/detect_interface/hook/cmake_prefix_path.sh'
[0.641s] Level 1:colcon.colcon_core.environment:checking '/home/jack/work/install/detect_interface/lib'
[0.641s] Level 1:colcon.colcon_core.shell:create_environment_hook('detect_interface', 'ld_library_path_lib')
[0.641s] INFO:colcon.colcon_core.shell:Creating environment hook '/home/jack/work/install/detect_interface/share/detect_interface/hook/ld_library_path_lib.ps1'
[0.641s] INFO:colcon.colcon_core.shell:Creating environment descriptor '/home/jack/work/install/detect_interface/share/detect_interface/hook/ld_library_path_lib.dsv'
[0.641s] INFO:colcon.colcon_core.shell:Creating environment hook '/home/jack/work/install/detect_interface/share/detect_interface/hook/ld_library_path_lib.sh'
[0.641s] Level 1:colcon.colcon_core.environment:checking '/home/jack/work/install/detect_interface/bin'
[0.641s] Level 1:colcon.colcon_core.environment:checking '/home/jack/work/install/detect_interface/lib/pkgconfig/detect_interface.pc'
[0.642s] Level 1:colcon.colcon_core.environment:checking '/home/jack/work/install/detect_interface/lib/python3.10/site-packages'
[0.642s] Level 1:colcon.colcon_core.environment:checking '/home/jack/work/install/detect_interface/bin'
[0.642s] INFO:colcon.colcon_core.shell:Creating package script '/home/jack/work/install/detect_interface/share/detect_interface/package.ps1'
[0.642s] INFO:colcon.colcon_core.shell:Creating package descriptor '/home/jack/work/install/detect_interface/share/detect_interface/package.dsv'
[0.643s] INFO:colcon.colcon_core.shell:Creating package script '/home/jack/work/install/detect_interface/share/detect_interface/package.sh'
[0.643s] INFO:colcon.colcon_core.shell:Creating package script '/home/jack/work/install/detect_interface/share/detect_interface/package.bash'
[0.643s] INFO:colcon.colcon_core.shell:Creating package script '/home/jack/work/install/detect_interface/share/detect_interface/package.zsh'
[0.643s] Level 1:colcon.colcon_core.environment:create_file_with_runtime_dependencies(/home/jack/work/install/detect_interface/share/colcon-core/packages/detect_interface)
[0.643s] Level 1:colcon.colcon_core.environment:create_environment_scripts_only(hiwin_interfaces)
[0.643s] Level 1:colcon.colcon_core.environment:checking '/home/jack/work/install/hiwin_interfaces' for CMake module files
[0.644s] DEBUG:colcon.colcon_core.event_handler.log_command:Invoked command in '/home/jack/work/build/hiwin_interfaces' returned '0': CMAKE_PREFIX_PATH=${CMAKE_PREFIX_PATH}:/home/jack/work/install/yolov7_obj_detect:/home/jack/work/install/hiwin_example:/home/jack/work/install/hiwin_control:/home/jack/work/install/center:/opt/ros/humble /usr/bin/cmake --install /home/jack/work/build/hiwin_interfaces
[0.644s] Level 1:colcon.colcon_core.environment:checking '/home/jack/work/install/hiwin_interfaces' for CMake config files
[0.644s] Level 1:colcon.colcon_core.shell:create_environment_hook('hiwin_interfaces', 'cmake_prefix_path')
[0.644s] INFO:colcon.colcon_core.shell:Creating environment hook '/home/jack/work/install/hiwin_interfaces/share/hiwin_interfaces/hook/cmake_prefix_path.ps1'
[0.645s] INFO:colcon.colcon_core.shell:Creating environment descriptor '/home/jack/work/install/hiwin_interfaces/share/hiwin_interfaces/hook/cmake_prefix_path.dsv'
[0.645s] INFO:colcon.colcon_core.shell:Creating environment hook '/home/jack/work/install/hiwin_interfaces/share/hiwin_interfaces/hook/cmake_prefix_path.sh'
[0.645s] Level 1:colcon.colcon_core.environment:checking '/home/jack/work/install/hiwin_interfaces/lib'
[0.645s] Level 1:colcon.colcon_core.shell:create_environment_hook('hiwin_interfaces', 'ld_library_path_lib')
[0.645s] INFO:colcon.colcon_core.shell:Creating environment hook '/home/jack/work/install/hiwin_interfaces/share/hiwin_interfaces/hook/ld_library_path_lib.ps1'
[0.646s] INFO:colcon.colcon_core.shell:Creating environment descriptor '/home/jack/work/install/hiwin_interfaces/share/hiwin_interfaces/hook/ld_library_path_lib.dsv'
[0.646s] INFO:colcon.colcon_core.shell:Creating environment hook '/home/jack/work/install/hiwin_interfaces/share/hiwin_interfaces/hook/ld_library_path_lib.sh'
[0.646s] Level 1:colcon.colcon_core.environment:checking '/home/jack/work/install/hiwin_interfaces/bin'
[0.646s] Level 1:colcon.colcon_core.environment:checking '/home/jack/work/install/hiwin_interfaces/lib/pkgconfig/hiwin_interfaces.pc'
[0.646s] Level 1:colcon.colcon_core.environment:checking '/home/jack/work/install/hiwin_interfaces/lib/python3.10/site-packages'
[0.646s] Level 1:colcon.colcon_core.environment:checking '/home/jack/work/install/hiwin_interfaces/bin'
[0.646s] INFO:colcon.colcon_core.shell:Creating package script '/home/jack/work/install/hiwin_interfaces/share/hiwin_interfaces/package.ps1'
[0.647s] INFO:colcon.colcon_core.shell:Creating package descriptor '/home/jack/work/install/hiwin_interfaces/share/hiwin_interfaces/package.dsv'
[0.647s] INFO:colcon.colcon_core.shell:Creating package script '/home/jack/work/install/hiwin_interfaces/share/hiwin_interfaces/package.sh'
[0.647s] INFO:colcon.colcon_core.shell:Creating package script '/home/jack/work/install/hiwin_interfaces/share/hiwin_interfaces/package.bash'
[0.647s] INFO:colcon.colcon_core.shell:Creating package script '/home/jack/work/install/hiwin_interfaces/share/hiwin_interfaces/package.zsh'
[0.648s] Level 1:colcon.colcon_core.environment:create_file_with_runtime_dependencies(/home/jack/work/install/hiwin_interfaces/share/colcon-core/packages/hiwin_interfaces)
[0.648s] Level 1:colcon.colcon_core.environment:create_environment_scripts_only(hiwin_interfaces)
[0.648s] Level 1:colcon.colcon_core.environment:checking '/home/jack/work/install/hiwin_interfaces' for CMake module files
[0.648s] Level 1:colcon.colcon_core.environment:checking '/home/jack/work/install/hiwin_interfaces' for CMake config files
[0.649s] Level 1:colcon.colcon_core.shell:create_environment_hook('hiwin_interfaces', 'cmake_prefix_path')
[0.649s] INFO:colcon.colcon_core.shell:Creating environment hook '/home/jack/work/install/hiwin_interfaces/share/hiwin_interfaces/hook/cmake_prefix_path.ps1'
[0.649s] INFO:colcon.colcon_core.shell:Creating environment descriptor '/home/jack/work/install/hiwin_interfaces/share/hiwin_interfaces/hook/cmake_prefix_path.dsv'
[0.649s] INFO:colcon.colcon_core.shell:Creating environment hook '/home/jack/work/install/hiwin_interfaces/share/hiwin_interfaces/hook/cmake_prefix_path.sh'
[0.649s] Level 1:colcon.colcon_core.environment:checking '/home/jack/work/install/hiwin_interfaces/lib'
[0.649s] Level 1:colcon.colcon_core.shell:create_environment_hook('hiwin_interfaces', 'ld_library_path_lib')
[0.650s] INFO:colcon.colcon_core.shell:Creating environment hook '/home/jack/work/install/hiwin_interfaces/share/hiwin_interfaces/hook/ld_library_path_lib.ps1'
[0.650s] INFO:colcon.colcon_core.shell:Creating environment descriptor '/home/jack/work/install/hiwin_interfaces/share/hiwin_interfaces/hook/ld_library_path_lib.dsv'
[0.650s] INFO:colcon.colcon_core.shell:Creating environment hook '/home/jack/work/install/hiwin_interfaces/share/hiwin_interfaces/hook/ld_library_path_lib.sh'
[0.651s] Level 1:colcon.colcon_core.environment:checking '/home/jack/work/install/hiwin_interfaces/bin'
[0.651s] Level 1:colcon.colcon_core.environment:checking '/home/jack/work/install/hiwin_interfaces/lib/pkgconfig/hiwin_interfaces.pc'
[0.651s] Level 1:colcon.colcon_core.environment:checking '/home/jack/work/install/hiwin_interfaces/lib/python3.10/site-packages'
[0.651s] Level 1:colcon.colcon_core.environment:checking '/home/jack/work/install/hiwin_interfaces/bin'
[0.651s] INFO:colcon.colcon_core.shell:Creating package script '/home/jack/work/install/hiwin_interfaces/share/hiwin_interfaces/package.ps1'
[0.652s] INFO:colcon.colcon_core.shell:Creating package descriptor '/home/jack/work/install/hiwin_interfaces/share/hiwin_interfaces/package.dsv'
[0.652s] INFO:colcon.colcon_core.shell:Creating package script '/home/jack/work/install/hiwin_interfaces/share/hiwin_interfaces/package.sh'
[0.652s] INFO:colcon.colcon_core.shell:Creating package script '/home/jack/work/install/hiwin_interfaces/share/hiwin_interfaces/package.bash'
[0.652s] INFO:colcon.colcon_core.shell:Creating package script '/home/jack/work/install/hiwin_interfaces/share/hiwin_interfaces/package.zsh'
[0.653s] Level 1:colcon.colcon_core.environment:create_file_with_runtime_dependencies(/home/jack/work/install/hiwin_interfaces/share/colcon-core/packages/hiwin_interfaces)
[0.653s] INFO:colcon.colcon_ros.task.ament_cmake.build:Building ROS package in '/home/jack/work/src/Hiwin_libmodbus/hiwin_libmodbus' with build type 'ament_cmake'
[0.653s] INFO:colcon.colcon_cmake.task.cmake.build:Building CMake package in '/home/jack/work/src/Hiwin_libmodbus/hiwin_libmodbus'
[0.653s] INFO:colcon.colcon_core.shell:Skip shell extension 'powershell' for command environment: Not usable outside of PowerShell
[0.653s] DEBUG:colcon.colcon_core.shell:Skip shell extension 'dsv' for command environment
[0.656s] INFO:colcon.colcon_ros.task.ament_python.build:Building ROS package in '/home/jack/work/src/pool/center' with build type 'ament_python'
[0.656s] Level 1:colcon.colcon_core.shell:create_environment_hook('center', 'ament_prefix_path')
[0.656s] INFO:colcon.colcon_core.shell:Creating environment hook '/home/jack/work/install/center/share/center/hook/ament_prefix_path.ps1'
[0.656s] INFO:colcon.colcon_core.shell:Creating environment descriptor '/home/jack/work/install/center/share/center/hook/ament_prefix_path.dsv'
[0.657s] INFO:colcon.colcon_core.shell:Creating environment hook '/home/jack/work/install/center/share/center/hook/ament_prefix_path.sh'
[0.657s] INFO:colcon.colcon_core.shell:Skip shell extension 'powershell' for command environment: Not usable outside of PowerShell
[0.657s] DEBUG:colcon.colcon_core.shell:Skip shell extension 'dsv' for command environment
[0.659s] INFO:colcon.colcon_ros.task.ament_python.build:Building ROS package in '/home/jack/work/src/hiwin_control' with build type 'ament_python'
[0.659s] Level 1:colcon.colcon_core.shell:create_environment_hook('hiwin_control', 'ament_prefix_path')
[0.659s] INFO:colcon.colcon_core.shell:Creating environment hook '/home/jack/work/install/hiwin_control/share/hiwin_control/hook/ament_prefix_path.ps1'
[0.660s] INFO:colcon.colcon_core.shell:Creating environment descriptor '/home/jack/work/install/hiwin_control/share/hiwin_control/hook/ament_prefix_path.dsv'
[0.660s] INFO:colcon.colcon_core.shell:Creating environment hook '/home/jack/work/install/hiwin_control/share/hiwin_control/hook/ament_prefix_path.sh'
[0.660s] INFO:colcon.colcon_core.shell:Skip shell extension 'powershell' for command environment: Not usable outside of PowerShell
[0.660s] DEBUG:colcon.colcon_core.shell:Skip shell extension 'dsv' for command environment
[0.662s] INFO:colcon.colcon_ros.task.ament_python.build:Building ROS package in '/home/jack/work/src/pool/detect/yolov7_obj_detect' with build type 'ament_python'
[0.662s] Level 1:colcon.colcon_core.shell:create_environment_hook('yolov7_obj_detect', 'ament_prefix_path')
[0.663s] INFO:colcon.colcon_core.shell:Creating environment hook '/home/jack/work/install/yolov7_obj_detect/share/yolov7_obj_detect/hook/ament_prefix_path.ps1'
[0.663s] INFO:colcon.colcon_core.shell:Creating environment descriptor '/home/jack/work/install/yolov7_obj_detect/share/yolov7_obj_detect/hook/ament_prefix_path.dsv'
[0.663s] INFO:colcon.colcon_core.shell:Creating environment hook '/home/jack/work/install/yolov7_obj_detect/share/yolov7_obj_detect/hook/ament_prefix_path.sh'
[0.663s] INFO:colcon.colcon_core.shell:Skip shell extension 'powershell' for command environment: Not usable outside of PowerShell
[0.663s] DEBUG:colcon.colcon_core.shell:Skip shell extension 'dsv' for command environment
[0.669s] DEBUG:colcon.colcon_core.event_handler.log_command:Invoking command in '/home/jack/work/build/realsense2_camera': CMAKE_PREFIX_PATH=/home/jack/work/install/realsense2_camera_msgs:/home/jack/work/install/realsense2_description:/home/jack/work/install/realsense2_camera:/home/jack/work/install/hiwin_service_client:/home/jack/work/install/hiwin_libmodbus:/home/jack/work/install/hiwin_interfaces:/home/jack/work/install/detect_interface:/home/jack/work/install/yolov7_obj_detect:/home/jack/work/install/hiwin_example:/home/jack/work/install/hiwin_control:/home/jack/work/install/center:/opt/ros/humble LD_LIBRARY_PATH=/home/jack/work/install/realsense2_camera_msgs/lib:/home/jack/work/install/realsense2_camera/lib:/home/jack/work/install/hiwin_libmodbus/lib:/home/jack/work/install/hiwin_interfaces/lib:/home/jack/work/install/detect_interface/lib:/opt/ros/humble/opt/rviz_ogre_vendor/lib:/opt/ros/humble/lib/x86_64-linux-gnu:/opt/ros/humble/lib:/usr/local/nvidia/lib:/usr/local/nvidia/lib64 /usr/bin/cmake --build /home/jack/work/build/realsense2_camera -- -j16 -l16
[0.681s] DEBUG:colcon.colcon_core.event_handler.log_command:Invoking command in '/home/jack/work/build/realsense2_description': CMAKE_PREFIX_PATH=/home/jack/work/install/realsense2_camera_msgs:/home/jack/work/install/realsense2_description:/home/jack/work/install/realsense2_camera:/home/jack/work/install/hiwin_service_client:/home/jack/work/install/hiwin_libmodbus:/home/jack/work/install/hiwin_interfaces:/home/jack/work/install/detect_interface:/home/jack/work/install/yolov7_obj_detect:/home/jack/work/install/hiwin_example:/home/jack/work/install/hiwin_control:/home/jack/work/install/center:/opt/ros/humble LD_LIBRARY_PATH=/home/jack/work/install/realsense2_camera_msgs/lib:/home/jack/work/install/realsense2_camera/lib:/home/jack/work/install/hiwin_libmodbus/lib:/home/jack/work/install/hiwin_interfaces/lib:/home/jack/work/install/detect_interface/lib:/opt/ros/humble/opt/rviz_ogre_vendor/lib:/opt/ros/humble/lib/x86_64-linux-gnu:/opt/ros/humble/lib:/usr/local/nvidia/lib:/usr/local/nvidia/lib64 /usr/bin/cmake --build /home/jack/work/build/realsense2_description -- -j16 -l16
[0.684s] DEBUG:colcon.colcon_core.event_handler.log_command:Invoking command in '/home/jack/work/build/hiwin_libmodbus': CMAKE_PREFIX_PATH=/home/jack/work/install/hiwin_interfaces:/home/jack/work/install/realsense2_description:/home/jack/work/install/realsense2_camera:/home/jack/work/install/realsense2_camera_msgs:/home/jack/work/install/hiwin_service_client:/home/jack/work/install/hiwin_libmodbus:/home/jack/work/install/detect_interface:/home/jack/work/install/yolov7_obj_detect:/home/jack/work/install/hiwin_example:/home/jack/work/install/hiwin_control:/home/jack/work/install/center:/opt/ros/humble LD_LIBRARY_PATH=/home/jack/work/install/hiwin_interfaces/lib:/home/jack/work/install/realsense2_camera/lib:/home/jack/work/install/realsense2_camera_msgs/lib:/home/jack/work/install/hiwin_libmodbus/lib:/home/jack/work/install/detect_interface/lib:/opt/ros/humble/opt/rviz_ogre_vendor/lib:/opt/ros/humble/lib/x86_64-linux-gnu:/opt/ros/humble/lib:/usr/local/nvidia/lib:/usr/local/nvidia/lib64 /usr/bin/cmake --build /home/jack/work/build/hiwin_libmodbus -- -j16 -l16
[0.872s] INFO:colcon.colcon_core.task.python.build:Building Python package in '/home/jack/work/src/pool/center'
[0.873s] INFO:colcon.colcon_core.shell:Skip shell extension 'powershell' for command environment: Not usable outside of PowerShell
[0.873s] DEBUG:colcon.colcon_core.shell:Skip shell extension 'dsv' for command environment
[1.037s] INFO:colcon.colcon_core.task.python.build:Building Python package in '/home/jack/work/src/hiwin_control'
[1.037s] INFO:colcon.colcon_core.shell:Skip shell extension 'powershell' for command environment: Not usable outside of PowerShell
[1.037s] DEBUG:colcon.colcon_core.shell:Skip shell extension 'dsv' for command environment
[1.190s] INFO:colcon.colcon_core.task.python.build:Building Python package in '/home/jack/work/src/pool/detect/yolov7_obj_detect'
[1.190s] INFO:colcon.colcon_core.shell:Skip shell extension 'powershell' for command environment: Not usable outside of PowerShell
[1.190s] DEBUG:colcon.colcon_core.shell:Skip shell extension 'dsv' for command environment
[1.194s] DEBUG:colcon.colcon_core.event_handler.log_command:Invoked command in '/home/jack/work/build/realsense2_camera' returned '0': CMAKE_PREFIX_PATH=/home/jack/work/install/realsense2_camera_msgs:/home/jack/work/install/realsense2_description:/home/jack/work/install/realsense2_camera:/home/jack/work/install/hiwin_service_client:/home/jack/work/install/hiwin_libmodbus:/home/jack/work/install/hiwin_interfaces:/home/jack/work/install/detect_interface:/home/jack/work/install/yolov7_obj_detect:/home/jack/work/install/hiwin_example:/home/jack/work/install/hiwin_control:/home/jack/work/install/center:/opt/ros/humble LD_LIBRARY_PATH=/home/jack/work/install/realsense2_camera_msgs/lib:/home/jack/work/install/realsense2_camera/lib:/home/jack/work/install/hiwin_libmodbus/lib:/home/jack/work/install/hiwin_interfaces/lib:/home/jack/work/install/detect_interface/lib:/opt/ros/humble/opt/rviz_ogre_vendor/lib:/opt/ros/humble/lib/x86_64-linux-gnu:/opt/ros/humble/lib:/usr/local/nvidia/lib:/usr/local/nvidia/lib64 /usr/bin/cmake --build /home/jack/work/build/realsense2_camera -- -j16 -l16
[1.195s] DEBUG:colcon.colcon_core.event_handler.log_command:Invoking command in '/home/jack/work/build/realsense2_camera': CMAKE_PREFIX_PATH=/home/jack/work/install/realsense2_camera_msgs:/home/jack/work/install/realsense2_description:/home/jack/work/install/realsense2_camera:/home/jack/work/install/hiwin_service_client:/home/jack/work/install/hiwin_libmodbus:/home/jack/work/install/hiwin_interfaces:/home/jack/work/install/detect_interface:/home/jack/work/install/yolov7_obj_detect:/home/jack/work/install/hiwin_example:/home/jack/work/install/hiwin_control:/home/jack/work/install/center:/opt/ros/humble LD_LIBRARY_PATH=/home/jack/work/install/realsense2_camera_msgs/lib:/home/jack/work/install/realsense2_camera/lib:/home/jack/work/install/hiwin_libmodbus/lib:/home/jack/work/install/hiwin_interfaces/lib:/home/jack/work/install/detect_interface/lib:/opt/ros/humble/opt/rviz_ogre_vendor/lib:/opt/ros/humble/lib/x86_64-linux-gnu:/opt/ros/humble/lib:/usr/local/nvidia/lib:/usr/local/nvidia/lib64 /usr/bin/cmake --install /home/jack/work/build/realsense2_camera
[1.196s] DEBUG:colcon.colcon_core.event_handler.log_command:Invoked command in '/home/jack/work/build/realsense2_description' returned '0': CMAKE_PREFIX_PATH=/home/jack/work/install/realsense2_camera_msgs:/home/jack/work/install/realsense2_description:/home/jack/work/install/realsense2_camera:/home/jack/work/install/hiwin_service_client:/home/jack/work/install/hiwin_libmodbus:/home/jack/work/install/hiwin_interfaces:/home/jack/work/install/detect_interface:/home/jack/work/install/yolov7_obj_detect:/home/jack/work/install/hiwin_example:/home/jack/work/install/hiwin_control:/home/jack/work/install/center:/opt/ros/humble LD_LIBRARY_PATH=/home/jack/work/install/realsense2_camera_msgs/lib:/home/jack/work/install/realsense2_camera/lib:/home/jack/work/install/hiwin_libmodbus/lib:/home/jack/work/install/hiwin_interfaces/lib:/home/jack/work/install/detect_interface/lib:/opt/ros/humble/opt/rviz_ogre_vendor/lib:/opt/ros/humble/lib/x86_64-linux-gnu:/opt/ros/humble/lib:/usr/local/nvidia/lib:/usr/local/nvidia/lib64 /usr/bin/cmake --build /home/jack/work/build/realsense2_description -- -j16 -l16
[1.196s] DEBUG:colcon.colcon_core.event_handler.log_command:Invoking command in '/home/jack/work/build/realsense2_description': CMAKE_PREFIX_PATH=/home/jack/work/install/realsense2_camera_msgs:/home/jack/work/install/realsense2_description:/home/jack/work/install/realsense2_camera:/home/jack/work/install/hiwin_service_client:/home/jack/work/install/hiwin_libmodbus:/home/jack/work/install/hiwin_interfaces:/home/jack/work/install/detect_interface:/home/jack/work/install/yolov7_obj_detect:/home/jack/work/install/hiwin_example:/home/jack/work/install/hiwin_control:/home/jack/work/install/center:/opt/ros/humble LD_LIBRARY_PATH=/home/jack/work/install/realsense2_camera_msgs/lib:/home/jack/work/install/realsense2_camera/lib:/home/jack/work/install/hiwin_libmodbus/lib:/home/jack/work/install/hiwin_interfaces/lib:/home/jack/work/install/detect_interface/lib:/opt/ros/humble/opt/rviz_ogre_vendor/lib:/opt/ros/humble/lib/x86_64-linux-gnu:/opt/ros/humble/lib:/usr/local/nvidia/lib:/usr/local/nvidia/lib64 /usr/bin/cmake --install /home/jack/work/build/realsense2_description
[1.198s] DEBUG:colcon.colcon_core.event_handler.log_command:Invoking command in '/home/jack/work/src/Hiwin_libmodbus/hiwin_example': PYTHONPATH=/home/jack/work/build/hiwin_example/prefix_override:/usr/lib/python3/dist-packages/colcon_core/task/python/colcon_distutils_commands:/home/jack/work/install/hiwin_example/lib/python3.10/site-packages:${PYTHONPATH} /usr/bin/python3 -W ignore:setup.py install is deprecated -W ignore:easy_install command is deprecated setup.py egg_info --egg-base ../../../build/hiwin_example build --build-base /home/jack/work/build/hiwin_example/build install --record /home/jack/work/build/hiwin_example/install.log --single-version-externally-managed install_data
[1.202s] DEBUG:colcon.colcon_core.event_handler.log_command:Invoked command in '/home/jack/work/build/hiwin_libmodbus' returned '0': CMAKE_PREFIX_PATH=/home/jack/work/install/hiwin_interfaces:/home/jack/work/install/realsense2_description:/home/jack/work/install/realsense2_camera:/home/jack/work/install/realsense2_camera_msgs:/home/jack/work/install/hiwin_service_client:/home/jack/work/install/hiwin_libmodbus:/home/jack/work/install/detect_interface:/home/jack/work/install/yolov7_obj_detect:/home/jack/work/install/hiwin_example:/home/jack/work/install/hiwin_control:/home/jack/work/install/center:/opt/ros/humble LD_LIBRARY_PATH=/home/jack/work/install/hiwin_interfaces/lib:/home/jack/work/install/realsense2_camera/lib:/home/jack/work/install/realsense2_camera_msgs/lib:/home/jack/work/install/hiwin_libmodbus/lib:/home/jack/work/install/detect_interface/lib:/opt/ros/humble/opt/rviz_ogre_vendor/lib:/opt/ros/humble/lib/x86_64-linux-gnu:/opt/ros/humble/lib:/usr/local/nvidia/lib:/usr/local/nvidia/lib64 /usr/bin/cmake --build /home/jack/work/build/hiwin_libmodbus -- -j16 -l16
[1.204s] DEBUG:colcon.colcon_core.event_handler.log_command:Invoking command in '/home/jack/work/build/hiwin_libmodbus': CMAKE_PREFIX_PATH=/home/jack/work/install/hiwin_interfaces:/home/jack/work/install/realsense2_description:/home/jack/work/install/realsense2_camera:/home/jack/work/install/realsense2_camera_msgs:/home/jack/work/install/hiwin_service_client:/home/jack/work/install/hiwin_libmodbus:/home/jack/work/install/detect_interface:/home/jack/work/install/yolov7_obj_detect:/home/jack/work/install/hiwin_example:/home/jack/work/install/hiwin_control:/home/jack/work/install/center:/opt/ros/humble LD_LIBRARY_PATH=/home/jack/work/install/hiwin_interfaces/lib:/home/jack/work/install/realsense2_camera/lib:/home/jack/work/install/realsense2_camera_msgs/lib:/home/jack/work/install/hiwin_libmodbus/lib:/home/jack/work/install/detect_interface/lib:/opt/ros/humble/opt/rviz_ogre_vendor/lib:/opt/ros/humble/lib/x86_64-linux-gnu:/opt/ros/humble/lib:/usr/local/nvidia/lib:/usr/local/nvidia/lib64 /usr/bin/cmake --install /home/jack/work/build/hiwin_libmodbus
[1.212s] Level 1:colcon.colcon_core.environment:create_environment_scripts_only(realsense2_description)
[1.213s] Level 1:colcon.colcon_core.environment:checking '/home/jack/work/install/realsense2_description' for CMake module files
[1.216s] DEBUG:colcon.colcon_core.event_handler.log_command:Invoked command in '/home/jack/work/build/realsense2_description' returned '0': CMAKE_PREFIX_PATH=/home/jack/work/install/realsense2_camera_msgs:/home/jack/work/install/realsense2_description:/home/jack/work/install/realsense2_camera:/home/jack/work/install/hiwin_service_client:/home/jack/work/install/hiwin_libmodbus:/home/jack/work/install/hiwin_interfaces:/home/jack/work/install/detect_interface:/home/jack/work/install/yolov7_obj_detect:/home/jack/work/install/hiwin_example:/home/jack/work/install/hiwin_control:/home/jack/work/install/center:/opt/ros/humble LD_LIBRARY_PATH=/home/jack/work/install/realsense2_camera_msgs/lib:/home/jack/work/install/realsense2_camera/lib:/home/jack/work/install/hiwin_libmodbus/lib:/home/jack/work/install/hiwin_interfaces/lib:/home/jack/work/install/detect_interface/lib:/opt/ros/humble/opt/rviz_ogre_vendor/lib:/opt/ros/humble/lib/x86_64-linux-gnu:/opt/ros/humble/lib:/usr/local/nvidia/lib:/usr/local/nvidia/lib64 /usr/bin/cmake --install /home/jack/work/build/realsense2_description
[1.217s] Level 1:colcon.colcon_core.environment:checking '/home/jack/work/install/realsense2_description' for CMake config files
[1.217s] Level 1:colcon.colcon_core.shell:create_environment_hook('realsense2_description', 'cmake_prefix_path')
[1.217s] INFO:colcon.colcon_core.shell:Creating environment hook '/home/jack/work/install/realsense2_description/share/realsense2_description/hook/cmake_prefix_path.ps1'
[1.217s] INFO:colcon.colcon_core.shell:Creating environment descriptor '/home/jack/work/install/realsense2_description/share/realsense2_description/hook/cmake_prefix_path.dsv'
[1.218s] INFO:colcon.colcon_core.shell:Creating environment hook '/home/jack/work/install/realsense2_description/share/realsense2_description/hook/cmake_prefix_path.sh'
[1.218s] Level 1:colcon.colcon_core.environment:checking '/home/jack/work/install/realsense2_description/bin'
[1.218s] Level 1:colcon.colcon_core.environment:checking '/home/jack/work/install/realsense2_description/lib/pkgconfig/realsense2_description.pc'
[1.218s] Level 1:colcon.colcon_core.environment:checking '/home/jack/work/install/realsense2_description/lib/python3.10/site-packages'
[1.219s] Level 1:colcon.colcon_core.environment:checking '/home/jack/work/install/realsense2_description/bin'
[1.219s] INFO:colcon.colcon_core.shell:Creating package script '/home/jack/work/install/realsense2_description/share/realsense2_description/package.ps1'
[1.219s] INFO:colcon.colcon_core.shell:Creating package descriptor '/home/jack/work/install/realsense2_description/share/realsense2_description/package.dsv'
[1.219s] INFO:colcon.colcon_core.shell:Creating package script '/home/jack/work/install/realsense2_description/share/realsense2_description/package.sh'
[1.220s] INFO:colcon.colcon_core.shell:Creating package script '/home/jack/work/install/realsense2_description/share/realsense2_description/package.bash'
[1.220s] INFO:colcon.colcon_core.shell:Creating package script '/home/jack/work/install/realsense2_description/share/realsense2_description/package.zsh'
[1.220s] Level 1:colcon.colcon_core.environment:create_file_with_runtime_dependencies(/home/jack/work/install/realsense2_description/share/colcon-core/packages/realsense2_description)
[1.221s] Level 1:colcon.colcon_core.environment:create_environment_scripts_only(realsense2_description)
[1.221s] Level 1:colcon.colcon_core.environment:checking '/home/jack/work/install/realsense2_description' for CMake module files
[1.221s] Level 1:colcon.colcon_core.environment:checking '/home/jack/work/install/realsense2_description' for CMake config files
[1.221s] Level 1:colcon.colcon_core.shell:create_environment_hook('realsense2_description', 'cmake_prefix_path')
[1.221s] INFO:colcon.colcon_core.shell:Creating environment hook '/home/jack/work/install/realsense2_description/share/realsense2_description/hook/cmake_prefix_path.ps1'
[1.222s] INFO:colcon.colcon_core.shell:Creating environment descriptor '/home/jack/work/install/realsense2_description/share/realsense2_description/hook/cmake_prefix_path.dsv'
[1.222s] INFO:colcon.colcon_core.shell:Creating environment hook '/home/jack/work/install/realsense2_description/share/realsense2_description/hook/cmake_prefix_path.sh'
[1.222s] Level 1:colcon.colcon_core.environment:checking '/home/jack/work/install/realsense2_description/bin'
[1.222s] Level 1:colcon.colcon_core.environment:checking '/home/jack/work/install/realsense2_description/lib/pkgconfig/realsense2_description.pc'
[1.222s] Level 1:colcon.colcon_core.environment:checking '/home/jack/work/install/realsense2_description/lib/python3.10/site-packages'
[1.223s] Level 1:colcon.colcon_core.environment:checking '/home/jack/work/install/realsense2_description/bin'
[1.223s] INFO:colcon.colcon_core.shell:Creating package script '/home/jack/work/install/realsense2_description/share/realsense2_description/package.ps1'
[1.223s] INFO:colcon.colcon_core.shell:Creating package descriptor '/home/jack/work/install/realsense2_description/share/realsense2_description/package.dsv'
[1.223s] INFO:colcon.colcon_core.shell:Creating package script '/home/jack/work/install/realsense2_description/share/realsense2_description/package.sh'
[1.224s] INFO:colcon.colcon_core.shell:Creating package script '/home/jack/work/install/realsense2_description/share/realsense2_description/package.bash'
[1.224s] INFO:colcon.colcon_core.shell:Creating package script '/home/jack/work/install/realsense2_description/share/realsense2_description/package.zsh'
[1.224s] Level 1:colcon.colcon_core.environment:create_file_with_runtime_dependencies(/home/jack/work/install/realsense2_description/share/colcon-core/packages/realsense2_description)
[1.224s] Level 1:colcon.colcon_core.environment:create_environment_scripts_only(realsense2_camera)
[1.224s] Level 1:colcon.colcon_core.environment:checking '/home/jack/work/install/realsense2_camera' for CMake module files
[1.225s] DEBUG:colcon.colcon_core.event_handler.log_command:Invoked command in '/home/jack/work/build/realsense2_camera' returned '0': CMAKE_PREFIX_PATH=/home/jack/work/install/realsense2_camera_msgs:/home/jack/work/install/realsense2_description:/home/jack/work/install/realsense2_camera:/home/jack/work/install/hiwin_service_client:/home/jack/work/install/hiwin_libmodbus:/home/jack/work/install/hiwin_interfaces:/home/jack/work/install/detect_interface:/home/jack/work/install/yolov7_obj_detect:/home/jack/work/install/hiwin_example:/home/jack/work/install/hiwin_control:/home/jack/work/install/center:/opt/ros/humble LD_LIBRARY_PATH=/home/jack/work/install/realsense2_camera_msgs/lib:/home/jack/work/install/realsense2_camera/lib:/home/jack/work/install/hiwin_libmodbus/lib:/home/jack/work/install/hiwin_interfaces/lib:/home/jack/work/install/detect_interface/lib:/opt/ros/humble/opt/rviz_ogre_vendor/lib:/opt/ros/humble/lib/x86_64-linux-gnu:/opt/ros/humble/lib:/usr/local/nvidia/lib:/usr/local/nvidia/lib64 /usr/bin/cmake --install /home/jack/work/build/realsense2_camera
[1.225s] Level 1:colcon.colcon_core.environment:checking '/home/jack/work/install/realsense2_camera' for CMake config files
[1.226s] Level 1:colcon.colcon_core.shell:create_environment_hook('realsense2_camera', 'cmake_prefix_path')
[1.226s] INFO:colcon.colcon_core.shell:Creating environment hook '/home/jack/work/install/realsense2_camera/share/realsense2_camera/hook/cmake_prefix_path.ps1'
[1.226s] INFO:colcon.colcon_core.shell:Creating environment descriptor '/home/jack/work/install/realsense2_camera/share/realsense2_camera/hook/cmake_prefix_path.dsv'
[1.226s] INFO:colcon.colcon_core.shell:Creating environment hook '/home/jack/work/install/realsense2_camera/share/realsense2_camera/hook/cmake_prefix_path.sh'
[1.227s] Level 1:colcon.colcon_core.environment:checking '/home/jack/work/install/realsense2_camera/lib'
[1.227s] Level 1:colcon.colcon_core.shell:create_environment_hook('realsense2_camera', 'ld_library_path_lib')
[1.227s] INFO:colcon.colcon_core.shell:Creating environment hook '/home/jack/work/install/realsense2_camera/share/realsense2_camera/hook/ld_library_path_lib.ps1'
[1.227s] INFO:colcon.colcon_core.shell:Creating environment descriptor '/home/jack/work/install/realsense2_camera/share/realsense2_camera/hook/ld_library_path_lib.dsv'
[1.227s] INFO:colcon.colcon_core.shell:Creating environment hook '/home/jack/work/install/realsense2_camera/share/realsense2_camera/hook/ld_library_path_lib.sh'
[1.228s] Level 1:colcon.colcon_core.environment:checking '/home/jack/work/install/realsense2_camera/bin'
[1.228s] Level 1:colcon.colcon_core.environment:checking '/home/jack/work/install/realsense2_camera/lib/pkgconfig/realsense2_camera.pc'
[1.228s] Level 1:colcon.colcon_core.environment:checking '/home/jack/work/install/realsense2_camera/lib/python3.10/site-packages'
[1.228s] Level 1:colcon.colcon_core.environment:checking '/home/jack/work/install/realsense2_camera/bin'
[1.228s] INFO:colcon.colcon_core.shell:Creating package script '/home/jack/work/install/realsense2_camera/share/realsense2_camera/package.ps1'
[1.229s] INFO:colcon.colcon_core.shell:Creating package descriptor '/home/jack/work/install/realsense2_camera/share/realsense2_camera/package.dsv'
[1.229s] INFO:colcon.colcon_core.shell:Creating package script '/home/jack/work/install/realsense2_camera/share/realsense2_camera/package.sh'
[1.229s] INFO:colcon.colcon_core.shell:Creating package script '/home/jack/work/install/realsense2_camera/share/realsense2_camera/package.bash'
[1.229s] INFO:colcon.colcon_core.shell:Creating package script '/home/jack/work/install/realsense2_camera/share/realsense2_camera/package.zsh'
[1.230s] Level 1:colcon.colcon_core.environment:create_file_with_runtime_dependencies(/home/jack/work/install/realsense2_camera/share/colcon-core/packages/realsense2_camera)
[1.230s] Level 1:colcon.colcon_core.environment:create_environment_scripts_only(realsense2_camera)
[1.230s] Level 1:colcon.colcon_core.environment:checking '/home/jack/work/install/realsense2_camera' for CMake module files
[1.230s] Level 1:colcon.colcon_core.environment:checking '/home/jack/work/install/realsense2_camera' for CMake config files
[1.231s] Level 1:colcon.colcon_core.shell:create_environment_hook('realsense2_camera', 'cmake_prefix_path')
[1.231s] INFO:colcon.colcon_core.shell:Creating environment hook '/home/jack/work/install/realsense2_camera/share/realsense2_camera/hook/cmake_prefix_path.ps1'
[1.231s] INFO:colcon.colcon_core.shell:Creating environment descriptor '/home/jack/work/install/realsense2_camera/share/realsense2_camera/hook/cmake_prefix_path.dsv'
[1.231s] INFO:colcon.colcon_core.shell:Creating environment hook '/home/jack/work/install/realsense2_camera/share/realsense2_camera/hook/cmake_prefix_path.sh'
[1.232s] Level 1:colcon.colcon_core.environment:checking '/home/jack/work/install/realsense2_camera/lib'
[1.232s] Level 1:colcon.colcon_core.shell:create_environment_hook('realsense2_camera', 'ld_library_path_lib')
[1.232s] INFO:colcon.colcon_core.shell:Creating environment hook '/home/jack/work/install/realsense2_camera/share/realsense2_camera/hook/ld_library_path_lib.ps1'
[1.232s] INFO:colcon.colcon_core.shell:Creating environment descriptor '/home/jack/work/install/realsense2_camera/share/realsense2_camera/hook/ld_library_path_lib.dsv'
[1.233s] INFO:colcon.colcon_core.shell:Creating environment hook '/home/jack/work/install/realsense2_camera/share/realsense2_camera/hook/ld_library_path_lib.sh'
[1.233s] Level 1:colcon.colcon_core.environment:checking '/home/jack/work/install/realsense2_camera/bin'
[1.233s] Level 1:colcon.colcon_core.environment:checking '/home/jack/work/install/realsense2_camera/lib/pkgconfig/realsense2_camera.pc'
[1.233s] Level 1:colcon.colcon_core.environment:checking '/home/jack/work/install/realsense2_camera/lib/python3.10/site-packages'
[1.233s] Level 1:colcon.colcon_core.environment:checking '/home/jack/work/install/realsense2_camera/bin'
[1.234s] INFO:colcon.colcon_core.shell:Creating package script '/home/jack/work/install/realsense2_camera/share/realsense2_camera/package.ps1'
[1.234s] INFO:colcon.colcon_core.shell:Creating package descriptor '/home/jack/work/install/realsense2_camera/share/realsense2_camera/package.dsv'
[1.234s] INFO:colcon.colcon_core.shell:Creating package script '/home/jack/work/install/realsense2_camera/share/realsense2_camera/package.sh'
[1.235s] INFO:colcon.colcon_core.shell:Creating package script '/home/jack/work/install/realsense2_camera/share/realsense2_camera/package.bash'
[1.235s] INFO:colcon.colcon_core.shell:Creating package script '/home/jack/work/install/realsense2_camera/share/realsense2_camera/package.zsh'
[1.235s] Level 1:colcon.colcon_core.environment:create_file_with_runtime_dependencies(/home/jack/work/install/realsense2_camera/share/colcon-core/packages/realsense2_camera)
[1.246s] Level 1:colcon.colcon_core.environment:create_environment_scripts_only(hiwin_libmodbus)
[1.246s] Level 1:colcon.colcon_core.environment:checking '/home/jack/work/install/hiwin_libmodbus' for CMake module files
[1.247s] DEBUG:colcon.colcon_core.event_handler.log_command:Invoked command in '/home/jack/work/build/hiwin_libmodbus' returned '0': CMAKE_PREFIX_PATH=/home/jack/work/install/hiwin_interfaces:/home/jack/work/install/realsense2_description:/home/jack/work/install/realsense2_camera:/home/jack/work/install/realsense2_camera_msgs:/home/jack/work/install/hiwin_service_client:/home/jack/work/install/hiwin_libmodbus:/home/jack/work/install/detect_interface:/home/jack/work/install/yolov7_obj_detect:/home/jack/work/install/hiwin_example:/home/jack/work/install/hiwin_control:/home/jack/work/install/center:/opt/ros/humble LD_LIBRARY_PATH=/home/jack/work/install/hiwin_interfaces/lib:/home/jack/work/install/realsense2_camera/lib:/home/jack/work/install/realsense2_camera_msgs/lib:/home/jack/work/install/hiwin_libmodbus/lib:/home/jack/work/install/detect_interface/lib:/opt/ros/humble/opt/rviz_ogre_vendor/lib:/opt/ros/humble/lib/x86_64-linux-gnu:/opt/ros/humble/lib:/usr/local/nvidia/lib:/usr/local/nvidia/lib64 /usr/bin/cmake --install /home/jack/work/build/hiwin_libmodbus
[1.247s] Level 1:colcon.colcon_core.environment:checking '/home/jack/work/install/hiwin_libmodbus' for CMake config files
[1.247s] Level 1:colcon.colcon_core.shell:create_environment_hook('hiwin_libmodbus', 'cmake_prefix_path')
[1.247s] INFO:colcon.colcon_core.shell:Creating environment hook '/home/jack/work/install/hiwin_libmodbus/share/hiwin_libmodbus/hook/cmake_prefix_path.ps1'
[1.247s] INFO:colcon.colcon_core.shell:Creating environment descriptor '/home/jack/work/install/hiwin_libmodbus/share/hiwin_libmodbus/hook/cmake_prefix_path.dsv'
[1.248s] INFO:colcon.colcon_core.shell:Creating environment hook '/home/jack/work/install/hiwin_libmodbus/share/hiwin_libmodbus/hook/cmake_prefix_path.sh'
[1.248s] Level 1:colcon.colcon_core.environment:checking '/home/jack/work/install/hiwin_libmodbus/lib'
[1.248s] Level 1:colcon.colcon_core.shell:create_environment_hook('hiwin_libmodbus', 'ld_library_path_lib')
[1.248s] INFO:colcon.colcon_core.shell:Creating environment hook '/home/jack/work/install/hiwin_libmodbus/share/hiwin_libmodbus/hook/ld_library_path_lib.ps1'
[1.248s] INFO:colcon.colcon_core.shell:Creating environment descriptor '/home/jack/work/install/hiwin_libmodbus/share/hiwin_libmodbus/hook/ld_library_path_lib.dsv'
[1.249s] INFO:colcon.colcon_core.shell:Creating environment hook '/home/jack/work/install/hiwin_libmodbus/share/hiwin_libmodbus/hook/ld_library_path_lib.sh'
[1.249s] Level 1:colcon.colcon_core.environment:checking '/home/jack/work/install/hiwin_libmodbus/bin'
[1.249s] Level 1:colcon.colcon_core.environment:checking '/home/jack/work/install/hiwin_libmodbus/lib/pkgconfig/hiwin_libmodbus.pc'
[1.249s] Level 1:colcon.colcon_core.environment:checking '/home/jack/work/install/hiwin_libmodbus/lib/python3.10/site-packages'
[1.249s] Level 1:colcon.colcon_core.environment:checking '/home/jack/work/install/hiwin_libmodbus/bin'
[1.249s] INFO:colcon.colcon_core.shell:Creating package script '/home/jack/work/install/hiwin_libmodbus/share/hiwin_libmodbus/package.ps1'
[1.250s] INFO:colcon.colcon_core.shell:Creating package descriptor '/home/jack/work/install/hiwin_libmodbus/share/hiwin_libmodbus/package.dsv'
[1.250s] INFO:colcon.colcon_core.shell:Creating package script '/home/jack/work/install/hiwin_libmodbus/share/hiwin_libmodbus/package.sh'
[1.250s] INFO:colcon.colcon_core.shell:Creating package script '/home/jack/work/install/hiwin_libmodbus/share/hiwin_libmodbus/package.bash'
[1.250s] INFO:colcon.colcon_core.shell:Creating package script '/home/jack/work/install/hiwin_libmodbus/share/hiwin_libmodbus/package.zsh'
[1.251s] Level 1:colcon.colcon_core.environment:create_file_with_runtime_dependencies(/home/jack/work/install/hiwin_libmodbus/share/colcon-core/packages/hiwin_libmodbus)
[1.251s] Level 1:colcon.colcon_core.environment:create_environment_scripts_only(hiwin_libmodbus)
[1.251s] Level 1:colcon.colcon_core.environment:checking '/home/jack/work/install/hiwin_libmodbus' for CMake module files
[1.251s] Level 1:colcon.colcon_core.environment:checking '/home/jack/work/install/hiwin_libmodbus' for CMake config files
[1.251s] Level 1:colcon.colcon_core.shell:create_environment_hook('hiwin_libmodbus', 'cmake_prefix_path')
[1.252s] INFO:colcon.colcon_core.shell:Creating environment hook '/home/jack/work/install/hiwin_libmodbus/share/hiwin_libmodbus/hook/cmake_prefix_path.ps1'
[1.252s] INFO:colcon.colcon_core.shell:Creating environment descriptor '/home/jack/work/install/hiwin_libmodbus/share/hiwin_libmodbus/hook/cmake_prefix_path.dsv'
[1.252s] INFO:colcon.colcon_core.shell:Creating environment hook '/home/jack/work/install/hiwin_libmodbus/share/hiwin_libmodbus/hook/cmake_prefix_path.sh'
[1.252s] Level 1:colcon.colcon_core.environment:checking '/home/jack/work/install/hiwin_libmodbus/lib'
[1.253s] Level 1:colcon.colcon_core.shell:create_environment_hook('hiwin_libmodbus', 'ld_library_path_lib')
[1.253s] INFO:colcon.colcon_core.shell:Creating environment hook '/home/jack/work/install/hiwin_libmodbus/share/hiwin_libmodbus/hook/ld_library_path_lib.ps1'
[1.253s] INFO:colcon.colcon_core.shell:Creating environment descriptor '/home/jack/work/install/hiwin_libmodbus/share/hiwin_libmodbus/hook/ld_library_path_lib.dsv'
[1.253s] INFO:colcon.colcon_core.shell:Creating environment hook '/home/jack/work/install/hiwin_libmodbus/share/hiwin_libmodbus/hook/ld_library_path_lib.sh'
[1.253s] Level 1:colcon.colcon_core.environment:checking '/home/jack/work/install/hiwin_libmodbus/bin'
[1.253s] Level 1:colcon.colcon_core.environment:checking '/home/jack/work/install/hiwin_libmodbus/lib/pkgconfig/hiwin_libmodbus.pc'
[1.253s] Level 1:colcon.colcon_core.environment:checking '/home/jack/work/install/hiwin_libmodbus/lib/python3.10/site-packages'
[1.254s] Level 1:colcon.colcon_core.environment:checking '/home/jack/work/install/hiwin_libmodbus/bin'
[1.254s] INFO:colcon.colcon_core.shell:Creating package script '/home/jack/work/install/hiwin_libmodbus/share/hiwin_libmodbus/package.ps1'
[1.254s] INFO:colcon.colcon_core.shell:Creating package descriptor '/home/jack/work/install/hiwin_libmodbus/share/hiwin_libmodbus/package.dsv'
[1.255s] INFO:colcon.colcon_core.shell:Creating package script '/home/jack/work/install/hiwin_libmodbus/share/hiwin_libmodbus/package.sh'
[1.255s] INFO:colcon.colcon_core.shell:Creating package script '/home/jack/work/install/hiwin_libmodbus/share/hiwin_libmodbus/package.bash'
[1.255s] INFO:colcon.colcon_core.shell:Creating package script '/home/jack/work/install/hiwin_libmodbus/share/hiwin_libmodbus/package.zsh'
[1.255s] Level 1:colcon.colcon_core.environment:create_file_with_runtime_dependencies(/home/jack/work/install/hiwin_libmodbus/share/colcon-core/packages/hiwin_libmodbus)
[1.256s] INFO:colcon.colcon_ros.task.ament_cmake.build:Building ROS package in '/home/jack/work/src/Hiwin_libmodbus/hiwin_service_client' with build type 'ament_cmake'
[1.256s] INFO:colcon.colcon_cmake.task.cmake.build:Building CMake package in '/home/jack/work/src/Hiwin_libmodbus/hiwin_service_client'
[1.256s] INFO:colcon.colcon_core.shell:Skip shell extension 'powershell' for command environment: Not usable outside of PowerShell
[1.256s] DEBUG:colcon.colcon_core.shell:Skip shell extension 'dsv' for command environment
[1.268s] DEBUG:colcon.colcon_core.event_handler.log_command:Invoking command in '/home/jack/work/build/hiwin_service_client': CMAKE_PREFIX_PATH=/home/jack/work/install/hiwin_libmodbus:/home/jack/work/install/hiwin_interfaces:/home/jack/work/install/realsense2_description:/home/jack/work/install/realsense2_camera:/home/jack/work/install/realsense2_camera_msgs:/home/jack/work/install/hiwin_service_client:/home/jack/work/install/detect_interface:/home/jack/work/install/yolov7_obj_detect:/home/jack/work/install/hiwin_example:/home/jack/work/install/hiwin_control:/home/jack/work/install/center:/opt/ros/humble LD_LIBRARY_PATH=/home/jack/work/install/hiwin_libmodbus/lib:/home/jack/work/install/hiwin_interfaces/lib:/home/jack/work/install/realsense2_camera/lib:/home/jack/work/install/realsense2_camera_msgs/lib:/home/jack/work/install/detect_interface/lib:/opt/ros/humble/opt/rviz_ogre_vendor/lib:/opt/ros/humble/lib/x86_64-linux-gnu:/opt/ros/humble/lib:/usr/local/nvidia/lib:/usr/local/nvidia/lib64 /usr/bin/cmake --build /home/jack/work/build/hiwin_service_client -- -j16 -l16
[1.305s] DEBUG:colcon.colcon_core.event_handler.log_command:Invoked command in '/home/jack/work/build/hiwin_service_client' returned '0': CMAKE_PREFIX_PATH=/home/jack/work/install/hiwin_libmodbus:/home/jack/work/install/hiwin_interfaces:/home/jack/work/install/realsense2_description:/home/jack/work/install/realsense2_camera:/home/jack/work/install/realsense2_camera_msgs:/home/jack/work/install/hiwin_service_client:/home/jack/work/install/detect_interface:/home/jack/work/install/yolov7_obj_detect:/home/jack/work/install/hiwin_example:/home/jack/work/install/hiwin_control:/home/jack/work/install/center:/opt/ros/humble LD_LIBRARY_PATH=/home/jack/work/install/hiwin_libmodbus/lib:/home/jack/work/install/hiwin_interfaces/lib:/home/jack/work/install/realsense2_camera/lib:/home/jack/work/install/realsense2_camera_msgs/lib:/home/jack/work/install/detect_interface/lib:/opt/ros/humble/opt/rviz_ogre_vendor/lib:/opt/ros/humble/lib/x86_64-linux-gnu:/opt/ros/humble/lib:/usr/local/nvidia/lib:/usr/local/nvidia/lib64 /usr/bin/cmake --build /home/jack/work/build/hiwin_service_client -- -j16 -l16
[1.306s] DEBUG:colcon.colcon_core.event_handler.log_command:Invoking command in '/home/jack/work/build/hiwin_service_client': CMAKE_PREFIX_PATH=/home/jack/work/install/hiwin_libmodbus:/home/jack/work/install/hiwin_interfaces:/home/jack/work/install/realsense2_description:/home/jack/work/install/realsense2_camera:/home/jack/work/install/realsense2_camera_msgs:/home/jack/work/install/hiwin_service_client:/home/jack/work/install/detect_interface:/home/jack/work/install/yolov7_obj_detect:/home/jack/work/install/hiwin_example:/home/jack/work/install/hiwin_control:/home/jack/work/install/center:/opt/ros/humble LD_LIBRARY_PATH=/home/jack/work/install/hiwin_libmodbus/lib:/home/jack/work/install/hiwin_interfaces/lib:/home/jack/work/install/realsense2_camera/lib:/home/jack/work/install/realsense2_camera_msgs/lib:/home/jack/work/install/detect_interface/lib:/opt/ros/humble/opt/rviz_ogre_vendor/lib:/opt/ros/humble/lib/x86_64-linux-gnu:/opt/ros/humble/lib:/usr/local/nvidia/lib:/usr/local/nvidia/lib64 /usr/bin/cmake --install /home/jack/work/build/hiwin_service_client
[1.314s] Level 1:colcon.colcon_core.environment:create_environment_scripts_only(hiwin_service_client)
[1.315s] Level 1:colcon.colcon_core.environment:checking '/home/jack/work/install/hiwin_service_client' for CMake module files
[1.315s] DEBUG:colcon.colcon_core.event_handler.log_command:Invoked command in '/home/jack/work/build/hiwin_service_client' returned '0': CMAKE_PREFIX_PATH=/home/jack/work/install/hiwin_libmodbus:/home/jack/work/install/hiwin_interfaces:/home/jack/work/install/realsense2_description:/home/jack/work/install/realsense2_camera:/home/jack/work/install/realsense2_camera_msgs:/home/jack/work/install/hiwin_service_client:/home/jack/work/install/detect_interface:/home/jack/work/install/yolov7_obj_detect:/home/jack/work/install/hiwin_example:/home/jack/work/install/hiwin_control:/home/jack/work/install/center:/opt/ros/humble LD_LIBRARY_PATH=/home/jack/work/install/hiwin_libmodbus/lib:/home/jack/work/install/hiwin_interfaces/lib:/home/jack/work/install/realsense2_camera/lib:/home/jack/work/install/realsense2_camera_msgs/lib:/home/jack/work/install/detect_interface/lib:/opt/ros/humble/opt/rviz_ogre_vendor/lib:/opt/ros/humble/lib/x86_64-linux-gnu:/opt/ros/humble/lib:/usr/local/nvidia/lib:/usr/local/nvidia/lib64 /usr/bin/cmake --install /home/jack/work/build/hiwin_service_client
[1.316s] Level 1:colcon.colcon_core.environment:checking '/home/jack/work/install/hiwin_service_client' for CMake config files
[1.316s] Level 1:colcon.colcon_core.shell:create_environment_hook('hiwin_service_client', 'cmake_prefix_path')
[1.316s] INFO:colcon.colcon_core.shell:Creating environment hook '/home/jack/work/install/hiwin_service_client/share/hiwin_service_client/hook/cmake_prefix_path.ps1'
[1.317s] INFO:colcon.colcon_core.shell:Creating environment descriptor '/home/jack/work/install/hiwin_service_client/share/hiwin_service_client/hook/cmake_prefix_path.dsv'
[1.317s] INFO:colcon.colcon_core.shell:Creating environment hook '/home/jack/work/install/hiwin_service_client/share/hiwin_service_client/hook/cmake_prefix_path.sh'
[1.318s] Level 1:colcon.colcon_core.environment:checking '/home/jack/work/install/hiwin_service_client/bin'
[1.318s] Level 1:colcon.colcon_core.environment:checking '/home/jack/work/install/hiwin_service_client/lib/pkgconfig/hiwin_service_client.pc'
[1.318s] Level 1:colcon.colcon_core.environment:checking '/home/jack/work/install/hiwin_service_client/lib/python3.10/site-packages'
[1.318s] Level 1:colcon.colcon_core.environment:checking '/home/jack/work/install/hiwin_service_client/bin'
[1.319s] INFO:colcon.colcon_core.shell:Creating package script '/home/jack/work/install/hiwin_service_client/share/hiwin_service_client/package.ps1'
[1.319s] INFO:colcon.colcon_core.shell:Creating package descriptor '/home/jack/work/install/hiwin_service_client/share/hiwin_service_client/package.dsv'
[1.320s] INFO:colcon.colcon_core.shell:Creating package script '/home/jack/work/install/hiwin_service_client/share/hiwin_service_client/package.sh'
[1.320s] INFO:colcon.colcon_core.shell:Creating package script '/home/jack/work/install/hiwin_service_client/share/hiwin_service_client/package.bash'
[1.321s] INFO:colcon.colcon_core.shell:Creating package script '/home/jack/work/install/hiwin_service_client/share/hiwin_service_client/package.zsh'
[1.321s] Level 1:colcon.colcon_core.environment:create_file_with_runtime_dependencies(/home/jack/work/install/hiwin_service_client/share/colcon-core/packages/hiwin_service_client)
[1.322s] Level 1:colcon.colcon_core.environment:create_environment_scripts_only(hiwin_service_client)
[1.322s] Level 1:colcon.colcon_core.environment:checking '/home/jack/work/install/hiwin_service_client' for CMake module files
[1.322s] Level 1:colcon.colcon_core.environment:checking '/home/jack/work/install/hiwin_service_client' for CMake config files
[1.323s] Level 1:colcon.colcon_core.shell:create_environment_hook('hiwin_service_client', 'cmake_prefix_path')
[1.323s] INFO:colcon.colcon_core.shell:Creating environment hook '/home/jack/work/install/hiwin_service_client/share/hiwin_service_client/hook/cmake_prefix_path.ps1'
[1.323s] INFO:colcon.colcon_core.shell:Creating environment descriptor '/home/jack/work/install/hiwin_service_client/share/hiwin_service_client/hook/cmake_prefix_path.dsv'
[1.324s] INFO:colcon.colcon_core.shell:Creating environment hook '/home/jack/work/install/hiwin_service_client/share/hiwin_service_client/hook/cmake_prefix_path.sh'
[1.324s] Level 1:colcon.colcon_core.environment:checking '/home/jack/work/install/hiwin_service_client/bin'
[1.324s] Level 1:colcon.colcon_core.environment:checking '/home/jack/work/install/hiwin_service_client/lib/pkgconfig/hiwin_service_client.pc'
[1.325s] Level 1:colcon.colcon_core.environment:checking '/home/jack/work/install/hiwin_service_client/lib/python3.10/site-packages'
[1.325s] Level 1:colcon.colcon_core.environment:checking '/home/jack/work/install/hiwin_service_client/bin'
[1.325s] INFO:colcon.colcon_core.shell:Creating package script '/home/jack/work/install/hiwin_service_client/share/hiwin_service_client/package.ps1'
[1.326s] INFO:colcon.colcon_core.shell:Creating package descriptor '/home/jack/work/install/hiwin_service_client/share/hiwin_service_client/package.dsv'
[1.326s] INFO:colcon.colcon_core.shell:Creating package script '/home/jack/work/install/hiwin_service_client/share/hiwin_service_client/package.sh'
[1.327s] INFO:colcon.colcon_core.shell:Creating package script '/home/jack/work/install/hiwin_service_client/share/hiwin_service_client/package.bash'
[1.327s] INFO:colcon.colcon_core.shell:Creating package script '/home/jack/work/install/hiwin_service_client/share/hiwin_service_client/package.zsh'
[1.328s] Level 1:colcon.colcon_core.environment:create_file_with_runtime_dependencies(/home/jack/work/install/hiwin_service_client/share/colcon-core/packages/hiwin_service_client)
[1.535s] DEBUG:colcon.colcon_core.event_handler.log_command:Invoking command in '/home/jack/work/src/pool/detect/yolov7_obj_detect': CMAKE_PREFIX_PATH=/home/jack/work/install/detect_interface:/home/jack/work/install/realsense2_description:/home/jack/work/install/realsense2_camera:/home/jack/work/install/realsense2_camera_msgs:/home/jack/work/install/hiwin_service_client:/home/jack/work/install/hiwin_libmodbus:/home/jack/work/install/hiwin_interfaces LD_LIBRARY_PATH=/home/jack/work/install/detect_interface/lib:/home/jack/work/install/realsense2_camera/lib:/home/jack/work/install/realsense2_camera_msgs/lib:/home/jack/work/install/hiwin_libmodbus/lib:/home/jack/work/install/hiwin_interfaces/lib:/opt/ros/humble/opt/rviz_ogre_vendor/lib:/opt/ros/humble/lib/x86_64-linux-gnu:/opt/ros/humble/lib:/usr/local/nvidia/lib:/usr/local/nvidia/lib64 PYTHONPATH=/home/jack/work/build/yolov7_obj_detect/prefix_override:/usr/lib/python3/dist-packages/colcon_core/task/python/colcon_distutils_commands:/home/jack/work/install/yolov7_obj_detect/lib/python3.10/site-packages:${PYTHONPATH} /usr/bin/python3 -W ignore:setup.py install is deprecated -W ignore:easy_install command is deprecated setup.py egg_info --egg-base ../../../../build/yolov7_obj_detect build --build-base /home/jack/work/build/yolov7_obj_detect/build install --record /home/jack/work/build/yolov7_obj_detect/install.log --single-version-externally-managed install_data
[1.596s] Level 1:colcon.colcon_core.environment:checking '/home/jack/work/install/hiwin_example' for CMake module files
[1.596s] DEBUG:colcon.colcon_core.event_handler.log_command:Invoked command in '/home/jack/work/src/Hiwin_libmodbus/hiwin_example' returned '0': PYTHONPATH=/home/jack/work/build/hiwin_example/prefix_override:/usr/lib/python3/dist-packages/colcon_core/task/python/colcon_distutils_commands:/home/jack/work/install/hiwin_example/lib/python3.10/site-packages:${PYTHONPATH} /usr/bin/python3 -W ignore:setup.py install is deprecated -W ignore:easy_install command is deprecated setup.py egg_info --egg-base ../../../build/hiwin_example build --build-base /home/jack/work/build/hiwin_example/build install --record /home/jack/work/build/hiwin_example/install.log --single-version-externally-managed install_data
[1.597s] Level 1:colcon.colcon_core.environment:checking '/home/jack/work/install/hiwin_example' for CMake config files
[1.597s] Level 1:colcon.colcon_core.environment:checking '/home/jack/work/install/hiwin_example/lib'
[1.598s] Level 1:colcon.colcon_core.environment:checking '/home/jack/work/install/hiwin_example/bin'
[1.598s] Level 1:colcon.colcon_core.environment:checking '/home/jack/work/install/hiwin_example/lib/pkgconfig/hiwin_example.pc'
[1.598s] Level 1:colcon.colcon_core.environment:checking '/home/jack/work/install/hiwin_example/lib/python3.10/site-packages'
[1.598s] Level 1:colcon.colcon_core.shell:create_environment_hook('hiwin_example', 'pythonpath')
[1.598s] INFO:colcon.colcon_core.shell:Creating environment hook '/home/jack/work/install/hiwin_example/share/hiwin_example/hook/pythonpath.ps1'
[1.599s] INFO:colcon.colcon_core.shell:Creating environment descriptor '/home/jack/work/install/hiwin_example/share/hiwin_example/hook/pythonpath.dsv'
[1.599s] INFO:colcon.colcon_core.shell:Creating environment hook '/home/jack/work/install/hiwin_example/share/hiwin_example/hook/pythonpath.sh'
[1.600s] Level 1:colcon.colcon_core.environment:checking '/home/jack/work/install/hiwin_example/bin'
[1.600s] Level 1:colcon.colcon_core.environment:create_environment_scripts_only(hiwin_example)
[1.601s] INFO:colcon.colcon_core.shell:Creating package script '/home/jack/work/install/hiwin_example/share/hiwin_example/package.ps1'
[1.601s] INFO:colcon.colcon_core.shell:Creating package descriptor '/home/jack/work/install/hiwin_example/share/hiwin_example/package.dsv'
[1.602s] INFO:colcon.colcon_core.shell:Creating package script '/home/jack/work/install/hiwin_example/share/hiwin_example/package.sh'
[1.602s] INFO:colcon.colcon_core.shell:Creating package script '/home/jack/work/install/hiwin_example/share/hiwin_example/package.bash'
[1.603s] INFO:colcon.colcon_core.shell:Creating package script '/home/jack/work/install/hiwin_example/share/hiwin_example/package.zsh'
[1.603s] Level 1:colcon.colcon_core.environment:create_file_with_runtime_dependencies(/home/jack/work/install/hiwin_example/share/colcon-core/packages/hiwin_example)
[1.606s] DEBUG:colcon.colcon_core.event_handler.log_command:Invoking command in '/home/jack/work/src/hiwin_control': CMAKE_PREFIX_PATH=/home/jack/work/install/detect_interface:/home/jack/work/install/realsense2_description:/home/jack/work/install/realsense2_camera:/home/jack/work/install/realsense2_camera_msgs:/home/jack/work/install/hiwin_service_client:/home/jack/work/install/hiwin_libmodbus:/home/jack/work/install/hiwin_interfaces LD_LIBRARY_PATH=/home/jack/work/install/detect_interface/lib:/home/jack/work/install/realsense2_camera/lib:/home/jack/work/install/realsense2_camera_msgs/lib:/home/jack/work/install/hiwin_libmodbus/lib:/home/jack/work/install/hiwin_interfaces/lib:/opt/ros/humble/opt/rviz_ogre_vendor/lib:/opt/ros/humble/lib/x86_64-linux-gnu:/opt/ros/humble/lib:/usr/local/nvidia/lib:/usr/local/nvidia/lib64 PYTHONPATH=/home/jack/work/build/hiwin_control/prefix_override:/usr/lib/python3/dist-packages/colcon_core/task/python/colcon_distutils_commands:/home/jack/work/install/hiwin_control/lib/python3.10/site-packages:${PYTHONPATH} /usr/bin/python3 -W ignore:setup.py install is deprecated -W ignore:easy_install command is deprecated setup.py egg_info --egg-base ../../build/hiwin_control build --build-base /home/jack/work/build/hiwin_control/build install --record /home/jack/work/build/hiwin_control/install.log --single-version-externally-managed install_data
[1.641s] DEBUG:colcon.colcon_core.event_handler.log_command:Invoking command in '/home/jack/work/src/pool/center': CMAKE_PREFIX_PATH=/home/jack/work/install/detect_interface:/home/jack/work/install/realsense2_description:/home/jack/work/install/realsense2_camera:/home/jack/work/install/realsense2_camera_msgs:/home/jack/work/install/hiwin_service_client:/home/jack/work/install/hiwin_libmodbus:/home/jack/work/install/hiwin_interfaces LD_LIBRARY_PATH=/home/jack/work/install/detect_interface/lib:/home/jack/work/install/realsense2_camera/lib:/home/jack/work/install/realsense2_camera_msgs/lib:/home/jack/work/install/hiwin_libmodbus/lib:/home/jack/work/install/hiwin_interfaces/lib:/opt/ros/humble/opt/rviz_ogre_vendor/lib:/opt/ros/humble/lib/x86_64-linux-gnu:/opt/ros/humble/lib:/usr/local/nvidia/lib:/usr/local/nvidia/lib64 PYTHONPATH=/home/jack/work/build/center/prefix_override:/usr/lib/python3/dist-packages/colcon_core/task/python/colcon_distutils_commands:/home/jack/work/install/center/lib/python3.10/site-packages:${PYTHONPATH} /usr/bin/python3 -W ignore:setup.py install is deprecated -W ignore:easy_install command is deprecated setup.py egg_info --egg-base ../../../build/center build --build-base /home/jack/work/build/center/build install --record /home/jack/work/build/center/install.log --single-version-externally-managed install_data
[1.934s] Level 1:colcon.colcon_core.environment:checking '/home/jack/work/install/hiwin_control' for CMake module files
[1.935s] DEBUG:colcon.colcon_core.event_handler.log_command:Invoked command in '/home/jack/work/src/hiwin_control' returned '0': CMAKE_PREFIX_PATH=/home/jack/work/install/detect_interface:/home/jack/work/install/realsense2_description:/home/jack/work/install/realsense2_camera:/home/jack/work/install/realsense2_camera_msgs:/home/jack/work/install/hiwin_service_client:/home/jack/work/install/hiwin_libmodbus:/home/jack/work/install/hiwin_interfaces LD_LIBRARY_PATH=/home/jack/work/install/detect_interface/lib:/home/jack/work/install/realsense2_camera/lib:/home/jack/work/install/realsense2_camera_msgs/lib:/home/jack/work/install/hiwin_libmodbus/lib:/home/jack/work/install/hiwin_interfaces/lib:/opt/ros/humble/opt/rviz_ogre_vendor/lib:/opt/ros/humble/lib/x86_64-linux-gnu:/opt/ros/humble/lib:/usr/local/nvidia/lib:/usr/local/nvidia/lib64 PYTHONPATH=/home/jack/work/build/hiwin_control/prefix_override:/usr/lib/python3/dist-packages/colcon_core/task/python/colcon_distutils_commands:/home/jack/work/install/hiwin_control/lib/python3.10/site-packages:${PYTHONPATH} /usr/bin/python3 -W ignore:setup.py install is deprecated -W ignore:easy_install command is deprecated setup.py egg_info --egg-base ../../build/hiwin_control build --build-base /home/jack/work/build/hiwin_control/build install --record /home/jack/work/build/hiwin_control/install.log --single-version-externally-managed install_data
[1.935s] Level 1:colcon.colcon_core.environment:checking '/home/jack/work/install/hiwin_control' for CMake config files
[1.936s] Level 1:colcon.colcon_core.environment:checking '/home/jack/work/install/hiwin_control/lib'
[1.936s] Level 1:colcon.colcon_core.environment:checking '/home/jack/work/install/hiwin_control/bin'
[1.936s] Level 1:colcon.colcon_core.environment:checking '/home/jack/work/install/hiwin_control/lib/pkgconfig/hiwin_control.pc'
[1.937s] Level 1:colcon.colcon_core.environment:checking '/home/jack/work/install/hiwin_control/lib/python3.10/site-packages'
[1.937s] Level 1:colcon.colcon_core.shell:create_environment_hook('hiwin_control', 'pythonpath')
[1.937s] INFO:colcon.colcon_core.shell:Creating environment hook '/home/jack/work/install/hiwin_control/share/hiwin_control/hook/pythonpath.ps1'
[1.937s] INFO:colcon.colcon_core.shell:Creating environment descriptor '/home/jack/work/install/hiwin_control/share/hiwin_control/hook/pythonpath.dsv'
[1.938s] INFO:colcon.colcon_core.shell:Creating environment hook '/home/jack/work/install/hiwin_control/share/hiwin_control/hook/pythonpath.sh'
[1.938s] Level 1:colcon.colcon_core.environment:checking '/home/jack/work/install/hiwin_control/bin'
[1.939s] Level 1:colcon.colcon_core.environment:create_environment_scripts_only(hiwin_control)
[1.939s] INFO:colcon.colcon_core.shell:Creating package script '/home/jack/work/install/hiwin_control/share/hiwin_control/package.ps1'
[1.939s] INFO:colcon.colcon_core.shell:Creating package descriptor '/home/jack/work/install/hiwin_control/share/hiwin_control/package.dsv'
[1.940s] INFO:colcon.colcon_core.shell:Creating package script '/home/jack/work/install/hiwin_control/share/hiwin_control/package.sh'
[1.940s] INFO:colcon.colcon_core.shell:Creating package script '/home/jack/work/install/hiwin_control/share/hiwin_control/package.bash'
[1.941s] INFO:colcon.colcon_core.shell:Creating package script '/home/jack/work/install/hiwin_control/share/hiwin_control/package.zsh'
[1.941s] Level 1:colcon.colcon_core.environment:create_file_with_runtime_dependencies(/home/jack/work/install/hiwin_control/share/colcon-core/packages/hiwin_control)
[1.996s] Level 1:colcon.colcon_core.environment:checking '/home/jack/work/install/center' for CMake module files
[1.997s] DEBUG:colcon.colcon_core.event_handler.log_command:Invoked command in '/home/jack/work/src/pool/center' returned '0': CMAKE_PREFIX_PATH=/home/jack/work/install/detect_interface:/home/jack/work/install/realsense2_description:/home/jack/work/install/realsense2_camera:/home/jack/work/install/realsense2_camera_msgs:/home/jack/work/install/hiwin_service_client:/home/jack/work/install/hiwin_libmodbus:/home/jack/work/install/hiwin_interfaces LD_LIBRARY_PATH=/home/jack/work/install/detect_interface/lib:/home/jack/work/install/realsense2_camera/lib:/home/jack/work/install/realsense2_camera_msgs/lib:/home/jack/work/install/hiwin_libmodbus/lib:/home/jack/work/install/hiwin_interfaces/lib:/opt/ros/humble/opt/rviz_ogre_vendor/lib:/opt/ros/humble/lib/x86_64-linux-gnu:/opt/ros/humble/lib:/usr/local/nvidia/lib:/usr/local/nvidia/lib64 PYTHONPATH=/home/jack/work/build/center/prefix_override:/usr/lib/python3/dist-packages/colcon_core/task/python/colcon_distutils_commands:/home/jack/work/install/center/lib/python3.10/site-packages:${PYTHONPATH} /usr/bin/python3 -W ignore:setup.py install is deprecated -W ignore:easy_install command is deprecated setup.py egg_info --egg-base ../../../build/center build --build-base /home/jack/work/build/center/build install --record /home/jack/work/build/center/install.log --single-version-externally-managed install_data
[1.997s] Level 1:colcon.colcon_core.environment:checking '/home/jack/work/install/center' for CMake config files
[1.997s] Level 1:colcon.colcon_core.environment:checking '/home/jack/work/install/center/lib'
[1.998s] Level 1:colcon.colcon_core.environment:checking '/home/jack/work/install/center/bin'
[1.998s] Level 1:colcon.colcon_core.environment:checking '/home/jack/work/install/center/lib/pkgconfig/center.pc'
[1.998s] Level 1:colcon.colcon_core.environment:checking '/home/jack/work/install/center/lib/python3.10/site-packages'
[1.998s] Level 1:colcon.colcon_core.shell:create_environment_hook('center', 'pythonpath')
[1.998s] INFO:colcon.colcon_core.shell:Creating environment hook '/home/jack/work/install/center/share/center/hook/pythonpath.ps1'
[1.999s] INFO:colcon.colcon_core.shell:Creating environment descriptor '/home/jack/work/install/center/share/center/hook/pythonpath.dsv'
[1.999s] INFO:colcon.colcon_core.shell:Creating environment hook '/home/jack/work/install/center/share/center/hook/pythonpath.sh'
[2.000s] Level 1:colcon.colcon_core.environment:checking '/home/jack/work/install/center/bin'
[2.000s] Level 1:colcon.colcon_core.environment:create_environment_scripts_only(center)
[2.000s] INFO:colcon.colcon_core.shell:Creating package script '/home/jack/work/install/center/share/center/package.ps1'
[2.001s] INFO:colcon.colcon_core.shell:Creating package descriptor '/home/jack/work/install/center/share/center/package.dsv'
[2.001s] INFO:colcon.colcon_core.shell:Creating package script '/home/jack/work/install/center/share/center/package.sh'
[2.001s] INFO:colcon.colcon_core.shell:Creating package script '/home/jack/work/install/center/share/center/package.bash'
[2.001s] INFO:colcon.colcon_core.shell:Creating package script '/home/jack/work/install/center/share/center/package.zsh'
[2.002s] Level 1:colcon.colcon_core.environment:create_file_with_runtime_dependencies(/home/jack/work/install/center/share/colcon-core/packages/center)
[2.002s] Level 1:colcon.colcon_core.environment:checking '/home/jack/work/install/yolov7_obj_detect' for CMake module files
[2.003s] DEBUG:colcon.colcon_core.event_handler.log_command:Invoked command in '/home/jack/work/src/pool/detect/yolov7_obj_detect' returned '0': CMAKE_PREFIX_PATH=/home/jack/work/install/detect_interface:/home/jack/work/install/realsense2_description:/home/jack/work/install/realsense2_camera:/home/jack/work/install/realsense2_camera_msgs:/home/jack/work/install/hiwin_service_client:/home/jack/work/install/hiwin_libmodbus:/home/jack/work/install/hiwin_interfaces LD_LIBRARY_PATH=/home/jack/work/install/detect_interface/lib:/home/jack/work/install/realsense2_camera/lib:/home/jack/work/install/realsense2_camera_msgs/lib:/home/jack/work/install/hiwin_libmodbus/lib:/home/jack/work/install/hiwin_interfaces/lib:/opt/ros/humble/opt/rviz_ogre_vendor/lib:/opt/ros/humble/lib/x86_64-linux-gnu:/opt/ros/humble/lib:/usr/local/nvidia/lib:/usr/local/nvidia/lib64 PYTHONPATH=/home/jack/work/build/yolov7_obj_detect/prefix_override:/usr/lib/python3/dist-packages/colcon_core/task/python/colcon_distutils_commands:/home/jack/work/install/yolov7_obj_detect/lib/python3.10/site-packages:${PYTHONPATH} /usr/bin/python3 -W ignore:setup.py install is deprecated -W ignore:easy_install command is deprecated setup.py egg_info --egg-base ../../../../build/yolov7_obj_detect build --build-base /home/jack/work/build/yolov7_obj_detect/build install --record /home/jack/work/build/yolov7_obj_detect/install.log --single-version-externally-managed install_data
[2.003s] Level 1:colcon.colcon_core.environment:checking '/home/jack/work/install/yolov7_obj_detect' for CMake config files
[2.003s] Level 1:colcon.colcon_core.environment:checking '/home/jack/work/install/yolov7_obj_detect/lib'
[2.003s] Level 1:colcon.colcon_core.environment:checking '/home/jack/work/install/yolov7_obj_detect/bin'
[2.003s] Level 1:colcon.colcon_core.environment:checking '/home/jack/work/install/yolov7_obj_detect/lib/pkgconfig/yolov7_obj_detect.pc'
[2.003s] Level 1:colcon.colcon_core.environment:checking '/home/jack/work/install/yolov7_obj_detect/lib/python3.10/site-packages'
[2.003s] Level 1:colcon.colcon_core.shell:create_environment_hook('yolov7_obj_detect', 'pythonpath')
[2.004s] INFO:colcon.colcon_core.shell:Creating environment hook '/home/jack/work/install/yolov7_obj_detect/share/yolov7_obj_detect/hook/pythonpath.ps1'
[2.004s] INFO:colcon.colcon_core.shell:Creating environment descriptor '/home/jack/work/install/yolov7_obj_detect/share/yolov7_obj_detect/hook/pythonpath.dsv'
[2.004s] INFO:colcon.colcon_core.shell:Creating environment hook '/home/jack/work/install/yolov7_obj_detect/share/yolov7_obj_detect/hook/pythonpath.sh'
[2.004s] Level 1:colcon.colcon_core.environment:checking '/home/jack/work/install/yolov7_obj_detect/bin'
[2.004s] Level 1:colcon.colcon_core.environment:create_environment_scripts_only(yolov7_obj_detect)
[2.005s] INFO:colcon.colcon_core.shell:Creating package script '/home/jack/work/install/yolov7_obj_detect/share/yolov7_obj_detect/package.ps1'
[2.005s] INFO:colcon.colcon_core.shell:Creating package descriptor '/home/jack/work/install/yolov7_obj_detect/share/yolov7_obj_detect/package.dsv'
[2.005s] INFO:colcon.colcon_core.shell:Creating package script '/home/jack/work/install/yolov7_obj_detect/share/yolov7_obj_detect/package.sh'
[2.005s] INFO:colcon.colcon_core.shell:Creating package script '/home/jack/work/install/yolov7_obj_detect/share/yolov7_obj_detect/package.bash'
[2.005s] INFO:colcon.colcon_core.shell:Creating package script '/home/jack/work/install/yolov7_obj_detect/share/yolov7_obj_detect/package.zsh'
[2.006s] Level 1:colcon.colcon_core.environment:create_file_with_runtime_dependencies(/home/jack/work/install/yolov7_obj_detect/share/colcon-core/packages/yolov7_obj_detect)
[2.006s] DEBUG:colcon.colcon_parallel_executor.executor.parallel:closing loop
[2.006s] DEBUG:colcon.colcon_parallel_executor.executor.parallel:loop closed
[2.006s] DEBUG:colcon.colcon_parallel_executor.executor.parallel:run_until_complete finished with '0'
[2.006s] DEBUG:colcon.colcon_core.event_reactor:joining thread
[2.009s] INFO:colcon.colcon_core.plugin_system:Skipping extension 'colcon_notification.desktop_notification.notify_send': Could not find 'notify-send'
[2.009s] INFO:colcon.colcon_core.plugin_system:Skipping extension 'colcon_notification.desktop_notification.terminal_notifier': Not used on non-Darwin systems
[2.009s] INFO:colcon.colcon_core.plugin_system:Skipping extension 'colcon_notification.desktop_notification.win32': Not used on non-Windows systems
[2.009s] INFO:colcon.colcon_notification.desktop_notification:Sending desktop notification using 'notify2'
[2.011s] DEBUG:colcon.colcon_notification.desktop_notification.notify2:Failed to initialize notify2: org.freedesktop.DBus.Error.Spawn.ExecFailed: /usr/bin/dbus-launch terminated abnormally without any error message
[2.012s] DEBUG:colcon.colcon_core.event_reactor:joined thread
[2.012s] INFO:colcon.colcon_core.shell:Creating prefix script '/home/jack/work/install/local_setup.ps1'
[2.013s] INFO:colcon.colcon_core.shell:Creating prefix util module '/home/jack/work/install/_local_setup_util_ps1.py'
[2.013s] INFO:colcon.colcon_core.shell:Creating prefix chain script '/home/jack/work/install/setup.ps1'
[2.014s] INFO:colcon.colcon_core.shell:Creating prefix script '/home/jack/work/install/local_setup.sh'
[2.014s] INFO:colcon.colcon_core.shell:Creating prefix util module '/home/jack/work/install/_local_setup_util_sh.py'
[2.015s] INFO:colcon.colcon_core.shell:Creating prefix chain script '/home/jack/work/install/setup.sh'
[2.016s] INFO:colcon.colcon_core.shell:Creating prefix script '/home/jack/work/install/local_setup.bash'
[2.016s] INFO:colcon.colcon_core.shell:Creating prefix chain script '/home/jack/work/install/setup.bash'
[2.017s] INFO:colcon.colcon_core.shell:Creating prefix script '/home/jack/work/install/local_setup.zsh'
[2.017s] INFO:colcon.colcon_core.shell:Creating prefix chain script '/home/jack/work/install/setup.zsh'
